PL RMSD,PL RMSF,L RMSD,L RMSF,Docking score,protein_angle,ligand_angle,water_angle,metal_angle,protein_dihedral,ligand_dihedral,water_dihedral,metal_dihedral,protein_elec,ligand_elec,water_elec,metal_elec,protein_stretch,ligand_stretch,water_stretch,metal_stretch,protein_vdw,ligand_vdw,water_vdw,metal_vdw,protein-ligand_angle,protein-water_angle,protein-metal_angle,ligand-water_angle,ligand-metal_angle,water-metal_angle,protein-ligand_dihedral,protein-water_dihedral,protein-metal_dihedral,ligand-water_dihedral,ligand-metal_dihedral,water-metal_dihedral,protein-ligand_elec,protein-water_elec,protein-metal_elec,ligand-water_elec,ligand-metal_elec,water-metal_elec,protein-ligand_stretch,protein-water_stretch,protein-metal_stretch,ligand-water_stretch,ligand-metal_stretch,water-metal_stretch,protein-ligand_vdw,protein-water_vdw,protein-metal_vdw,ligand-water_vdw,ligand-metal_vdw,water-metal_vdw,Explained-variance-ratio-pc1,Explained-variance-ratio-pc2,Explained-variance-ratio-pc3,PCA-components-shape1,PCA-components-shape2,Average-structure-shape,SASA,ALA,ARG,ASN,ASP,CYS,GLN,GLU,GLY,HIS,ILE,LEU,LYS,MET,PHE,PRO,SER,THR,TRP,TYR,VAL,Total energy,Potential energy,Kinetic energy,Coulombic energy,Excluded volume interactions,Energy with forces,SS charges_atoms,MACCS_1,MACCS_2,MACCS_3,MACCS_4,MACCS_5,MACCS_6,MACCS_7,MACCS_8,MACCS_9,MACCS_10,MACCS_11,MACCS_12,MACCS_13,MACCS_14,MACCS_15,MACCS_16,MACCS_17,MACCS_18,MACCS_19,MACCS_20,MACCS_21,MACCS_22,MACCS_23,MACCS_24,MACCS_25,MACCS_26,MACCS_27,MACCS_28,MACCS_29,MACCS_30,MACCS_31,MACCS_32,MACCS_33,MACCS_34,MACCS_35,MACCS_36,MACCS_37,MACCS_38,MACCS_39,MACCS_40,MACCS_41,MACCS_42,MACCS_43,MACCS_44,MACCS_45,MACCS_46,MACCS_47,MACCS_48,MACCS_49,MACCS_50,MACCS_51,MACCS_52,MACCS_53,MACCS_54,MACCS_55,MACCS_56,MACCS_57,MACCS_58,MACCS_59,MACCS_60,MACCS_61,MACCS_62,MACCS_63,MACCS_64,MACCS_65,MACCS_66,MACCS_67,MACCS_68,MACCS_69,MACCS_70,MACCS_71,MACCS_72,MACCS_73,MACCS_74,MACCS_75,MACCS_76,MACCS_77,MACCS_78,MACCS_79,MACCS_80,MACCS_81,MACCS_82,MACCS_83,MACCS_84,MACCS_85,MACCS_86,MACCS_87,MACCS_88,MACCS_89,MACCS_90,MACCS_91,MACCS_92,MACCS_93,MACCS_94,MACCS_95,MACCS_96,MACCS_97,MACCS_98,MACCS_99,MACCS_100,MACCS_101,MACCS_102,MACCS_103,MACCS_104,MACCS_105,MACCS_106,MACCS_107,MACCS_108,MACCS_109,MACCS_110,MACCS_111,MACCS_112,MACCS_113,MACCS_114,MACCS_115,MACCS_116,MACCS_117,MACCS_118,MACCS_119,MACCS_120,MACCS_121,MACCS_122,MACCS_123,MACCS_124,MACCS_125,MACCS_126,MACCS_127,MACCS_128,MACCS_129,MACCS_130,MACCS_131,MACCS_132,MACCS_133,MACCS_134,MACCS_135,MACCS_136,MACCS_137,MACCS_138,MACCS_139,MACCS_140,MACCS_141,MACCS_142,MACCS_143,MACCS_144,MACCS_145,MACCS_146,MACCS_147,MACCS_148,MACCS_149,MACCS_150,MACCS_151,MACCS_152,MACCS_153,MACCS_154,MACCS_155,MACCS_156,MACCS_157,MACCS_158,MACCS_159,MACCS_160,MACCS_161,MACCS_162,MACCS_163,MACCS_164,MACCS_165,MACCS_166,MACCS_167,pLDDT Mean,pLDDT Std,pLDDT Min,pLDDT Max,pLDDT Q25,pLDDT Q50,pLDDT Q75:,Fraction Hi,Fraction Lo,PAE Mean,PAE Std,PAE Min,PAE Max,PAE Q25,PAE Q50,PAE Q75,PIC50
6.091216783,2.466388889,0.198245,0.270722222,-8.28,1523.178176,10.87389555,0,0,777.5022258,12.82670645,0,0,9297.184506,221.064522,328368.4585,1870.188907,555.3407025,8.756570681,0,0,-432.5736609,19.3190418,13604.72663,3.842357975,0,0,7.741714224,0,0,0,0,0,0.252315813,0,0,0,-5.043374087,-5115.245773,-327.7205472,-12.62587646,-0.275325744,-6510.714579,0,0,12.40847271,0,0,0,-32.20816525,-240.9286346,-5.85628014,-3.351057943,-0.017245233,361.7752358,0.558200917,0.254632775,0.059466881,3,84,28,60.82073127,0.0,1.15,0,11.29,0,0,10.76,0,0,0.0,18.71,0.0,0.0,2.13,0,0,0,1.9,0.0,17.1,-75046.11821,-92448.02123,16649.22355,0.733124472,752.6794743,-1406.567529,8485.029067,0,0,0,0,0,0,0,0,0,0,0,0,0,0,0,0,0,0,0,0,0,0,0,0,0,0,0,0,0,0,0,0,0,0,0,0,0,0,0,0,0,0,0,0,0,0,0,0,0,0,0,0,0,0,0,0,0,0,0,0,0,0,0,0,0,0,0,0,0,0,0,0,0,0,0,0,0,0,0,0,0,0,0,0,1,0,0,0,0,0,0,0,0,0,0,0,0,1,0,0,0,1,0,0,0,1,0,0,0,0,0,0,0,0,0,0,0,0,0,0,0,0,0,0,0,1,0,1,0,0,0,1,0,1,0,1,1,0,0,0,0,0,1,1,1,1,0,0,0,0,0,1,1,0,1,0,1,0,1,1,0,1,1,1,1,1,0,93.72,10.42,43.39,98.9,94.77,97.98,98.59,0.8539,0.0548,5.57,8.44,0.8,31.4,1.4,1.9,3.5,5.613732958
5.889328671,2.5593,0.383457,0.2413,-8.809,1521.369977,8.479233156,0,0,770.5227532,13.61062054,0,0,9356.89601,128.6232488,328341.4516,1887.014407,555.1223232,8.838124579,0,0,-432.6551957,17.91854993,13595.61268,3.845288038,0,0,8.02492281,0,0,0,0,0,0.176506236,0,0,0,-3.473238578,-5147.25537,-370.3265068,-5.022240015,-0.770387615,-6494.159946,0,0,10.85087698,0,0,0,-38.85369179,-251.5475876,-6.077147984,-4.692073225,-0.010781803,360.8216843,0.73438697,0.120430506,0.065220473,3,87,29,41.17613087,0.0,0.0,0,15.32,0,0,26.85,0,0,0.0,23.57,0.0,0.0,2.17,0,0,0,2.16,0.0,30.02,-75084.12752,-92461.9132,16648.07475,1.096041796,729.7109352,-1406.44328,8482.549917,0,0,0,0,0,0,0,0,0,0,0,0,0,0,0,0,0,0,0,0,0,0,0,0,1,0,0,0,0,0,0,0,0,0,0,0,0,0,0,0,0,0,0,0,0,0,0,0,0,1,0,0,0,0,0,0,1,0,0,0,0,0,0,1,0,0,0,0,0,0,1,1,0,0,0,0,0,0,0,0,0,0,0,0,0,0,0,0,0,0,0,0,0,0,1,0,0,1,0,0,0,1,1,0,0,1,0,0,0,0,0,0,0,0,0,0,0,0,0,1,0,0,1,0,1,1,0,1,0,0,1,0,0,1,0,1,1,0,0,0,1,0,0,1,1,1,1,0,1,0,1,0,1,0,1,0,1,0,1,1,1,1,1,1,1,1,0,93.72,10.42,43.39,98.9,94.77,97.98,98.59,0.8539,0.0548,5.57,8.44,0.8,31.4,1.4,1.9,3.5,5.422244027
6.306542,2.736128205,2.812402,1.547307692,-7.846,1520.434124,27.67738989,0,0,788.3396856,7.32086589,0,0,9310.685776,253.0727831,356477.9179,1982.287268,555.1579007,15.41001808,0,0,-450.522161,21.86020816,12002.01262,3.702095209,0,0,8.118597221,0,0,0,0,0,0.220339627,0,0,0,-4.11786175,-5182.618608,-167.6448242,-44.65885061,-1.240054672,-7027.354095,0,0,10.84559588,0,0,0,-41.51134349,-238.3809491,-5.949708882,-18.04884434,-0.054374553,370.0788248,0.333439168,0.246354246,0.106172045,3,198,66,324.7813154,0.0,0.0,0,22.17,0,0,18.46,0,0,0.0,31.81,0.0,0.0,2.87,0,0,0,0.35,0.0,34.9,-73780.59483,-91473.64671,17036.81251,0.772275343,656.2393778,-1357.985819,8976.345033,0,0,0,0,0,0,0,0,0,0,0,0,0,0,0,0,0,0,0,0,0,0,0,0,0,0,0,0,0,1,0,0,0,0,0,0,0,0,0,0,0,0,1,0,0,0,0,0,1,0,0,0,0,0,0,0,0,0,0,0,0,0,0,0,0,0,0,0,0,0,0,0,1,0,0,0,0,0,0,0,0,0,0,0,0,0,0,1,0,1,0,1,1,0,0,1,0,0,0,0,0,1,1,0,0,1,1,1,0,1,1,0,1,1,1,0,0,1,0,0,0,0,0,0,1,1,1,1,1,0,1,1,0,0,1,0,1,0,1,1,1,1,0,1,1,1,1,0,1,1,1,1,1,1,1,1,1,1,1,1,1,1,1,1,1,1,0,93.72,10.42,43.39,98.9,94.77,97.98,98.59,0.8539,0.0548,5.57,8.44,0.8,31.4,1.4,1.9,3.5,5.420216403
22.511458,18.36103125,1.458708,1.16053125,-4.821,1520.571275,28.18196114,0,0,771.3632671,21.51489155,0,0,9302.409679,366.4918688,355946.6748,2080.090759,555.2086637,14.06701854,0,0,-433.8473869,24.16380634,11956.22989,3.350063163,0,0,7.878639934,0,0,0,0,0,0.219280571,0,0,0,-98.48597411,-5109.295279,-176.4518067,-167.5274428,-38.17135615,-7323.762467,0,0,10.57519379,0,0,0,-10.49441659,-261.2688454,-6.323133352,-17.17972684,-0.469710368,378.2603214,0.594600759,0.1866531,0.148126165,3,186,62,577.8178224,0.0,24.15,0,49.47,0,0,21.83,0,0,0.0,0.0,0.34,0.0,0.0,0,0,0,0.44,1.65,6.51,-74044.88198,-91527.76622,17004.63586,0.296560487,478.2483696,-1355.496444,8961.250716,0,0,0,0,0,0,0,0,0,0,0,0,0,0,0,0,0,0,0,0,0,0,0,0,0,0,0,0,0,0,0,0,0,0,0,0,0,0,0,0,0,0,0,0,0,0,0,0,0,0,0,0,0,0,1,0,0,0,0,0,0,0,0,0,0,0,0,0,0,0,0,0,0,0,0,0,0,0,0,1,0,0,1,0,0,0,1,0,0,1,0,1,0,0,0,1,0,1,0,0,1,1,0,0,1,1,0,0,0,1,0,1,0,1,0,0,0,0,1,0,0,0,0,0,0,1,0,1,1,1,0,1,1,1,0,1,1,0,1,1,1,0,1,1,1,1,1,1,0,0,0,1,1,1,1,1,1,1,1,1,0,1,1,1,1,1,0,93.72,10.42,43.39,98.9,94.77,97.98,98.59,0.8539,0.0548,5.57,8.44,0.8,31.4,1.4,1.9,3.5,5.394662625
3.994802198,2.625647059,0.200438,0.162117647,-8.499,1515.413833,6.286266374,0,0,784.939088,6.865836165,0,0,9258.712204,122.9106394,328429.4955,1897.851909,555.9708706,6.996735374,0,0,-428.1209503,15.7467939,13596.82253,3.847627162,0,0,8.200230994,0,0,0,0,0,0.22852045,0,0,0,-6.769250711,-5032.402887,-376.2879189,-11.74204106,-0.24588539,-6503.913953,0,0,10.46333733,0,0,0,-32.71220134,-250.0712658,-5.626863338,-2.153863112,-0.007964517,360.2061306,0.804188695,0.100644018,0.043890634,3,75,25,37.60447952,0.0,0.72,0,5.95,0,0,5.7,0,0,0.0,28.48,0.0,0.0,1.23,0,0,0,4.99,0.0,20.39,-74856.95583,-92510.19488,16650.56334,0.667161642,1002.675718,-1406.741906,8485.423467,0,0,0,0,0,0,0,0,0,0,0,0,0,0,0,0,0,0,0,0,0,0,0,0,0,0,0,0,0,0,0,0,0,0,0,0,0,0,0,0,0,0,0,0,0,0,0,0,0,0,0,0,0,0,0,0,0,0,0,0,0,0,0,0,0,0,0,0,0,0,0,0,0,0,0,0,0,0,0,0,0,0,0,0,0,0,0,0,0,0,0,0,0,0,0,0,0,0,0,0,0,1,0,0,0,1,0,0,0,0,0,0,0,1,0,0,0,0,0,0,0,0,0,0,0,1,0,1,0,0,0,0,0,0,0,0,1,0,0,1,0,0,0,1,1,1,1,0,0,0,0,0,1,0,1,0,0,1,0,1,0,0,1,1,1,1,0,93.72,10.42,43.39,98.9,94.77,97.98,98.59,0.8539,0.0548,5.57,8.44,0.8,31.4,1.4,1.9,3.5,5.313301183
2.821753247,2.1255,0.350513,0.21825,-8.168,1521.473135,10.26299081,0,0,780.7272307,11.38078705,0,0,9192.628216,192.3794404,328277.8089,1865.84386,555.7699803,9.031860123,0,0,-420.498878,19.67399781,13607.19303,4.071710258,0,0,7.366930803,0,0,0,0,0,0.227380159,0,0,0,-19.54526137,-4929.617187,-350.1766419,-21.54603006,-0.953603577,-6472.040708,0,0,11.82448674,0,0,0,-33.39815283,-264.994564,-6.285375517,-2.139244596,-0.015211789,360.8164732,0.828810253,0.067821401,0.030773789,3,84,28,52.71998501,0.0,1.67,0,11.06,0,0,10.25,0,0,0.0,19.21,0.0,0.0,0.19,0,0,0,5.67,0.0,18.04,-75051.19721,-92512.01279,16649.55839,0.987775654,811.2571948,-1406.670713,8484.988767,0,0,0,0,0,0,0,0,0,0,0,0,0,0,0,0,0,0,0,0,0,0,0,0,0,0,0,0,0,0,0,0,0,0,0,0,0,0,0,0,0,0,0,0,0,0,0,0,0,0,0,0,0,0,1,0,0,0,0,0,0,0,0,0,0,0,0,0,0,0,0,0,1,0,0,0,0,0,0,0,0,0,0,0,0,0,0,0,0,1,0,0,0,0,0,0,0,0,0,0,0,1,0,0,0,1,0,0,0,0,0,0,0,1,0,0,0,0,0,0,0,0,0,0,0,1,0,1,0,0,0,1,0,0,0,0,1,0,0,1,1,0,0,1,1,1,1,0,0,0,1,0,1,0,1,0,0,1,0,1,0,0,1,1,1,1,0,93.72,10.42,43.39,98.9,94.77,97.98,98.59,0.8539,0.0548,5.57,8.44,0.8,31.4,1.4,1.9,3.5,5.299997603
0.306733,2.668611111,0.306733,0.211611111,-7.739,1517.83801,10.82296829,0,0,786.138717,7.221650059,0,0,9276.323861,151.7957064,328294.3641,1869.269568,555.3975608,8.357725288,0,0,-442.5246023,19.3717814,13600.31139,3.966926166,0,0,8.224330485,0,0,0,0,0,0.194215757,0,0,0,-4.105349116,-5070.820418,-333.4311476,-3.830293226,-0.145998666,-6497.173123,0,0,10.89518366,0,0,0,-35.74686937,-232.9705875,-6.477554484,-4.342199282,-0.0209586,361.4341853,0.544218612,0.261675802,0.093671463,3,87,29,46.21485215,0.0,8.49,0,9.43,0,0,5.74,0,0,0.0,27.88,0.0,0.0,2.16,0,0,0,0.33,0.0,26.78,-75049.1342,-92439.28689,16648.05428,1.055749489,742.098405,-1406.464467,8482.647717,0,0,0,0,0,0,0,0,0,0,0,0,0,0,0,0,0,0,0,0,0,0,0,0,0,0,0,0,0,0,0,0,0,0,0,0,0,0,0,0,0,0,0,0,0,0,0,0,0,0,0,0,0,0,0,0,0,0,0,0,0,0,0,0,0,0,0,0,0,0,0,0,0,0,0,0,0,0,0,0,0,0,0,0,0,0,0,0,0,0,0,0,0,1,0,0,0,1,0,0,0,1,0,0,0,1,0,0,0,0,0,0,0,0,0,0,0,0,0,0,0,0,0,0,0,1,0,1,0,0,0,0,0,1,0,1,1,0,0,0,0,0,0,1,1,1,0,0,0,0,0,1,1,0,1,0,1,0,1,1,1,1,1,1,1,1,0,93.72,10.42,43.39,98.9,94.77,97.98,98.59,0.8539,0.0548,5.57,8.44,0.8,31.4,1.4,1.9,3.5,5.250001023
4.730838,2.800738095,2.007,1.455047619,-7.275,1527.379424,30.23128494,0,0,778.6333111,12.37332818,0,0,9345.170557,262.6295108,356120.8544,1987.499403,556.1196635,17.15133654,0,0,-409.0312247,24.48038451,11973.08913,3.23171326,0,0,7.781637122,0,0,0,0,0,0.215682754,0,0,0,-3.755450251,-5328.905897,-156.3006085,-42.9526702,-0.612753995,-7070.54882,0,0,13.63524091,0,0,0,-42.62086118,-258.5531625,-6.332421275,-19.79514922,-0.08629317,372.3391191,0.452621519,0.15399107,0.101545028,3,216,72,382.5797106,0.0,0.14,0,6.79,0,0,27.62,0,0,0.0,17.94,0.0,0.0,3.39,0,0,0,5.57,0.04,22.19,-73772.55022,-91361.59141,17022.14734,0.603215035,566.8938547,-1356.182922,8964.850909,0,0,0,0,0,0,0,0,0,0,0,0,0,0,0,0,0,0,0,0,0,0,0,0,0,0,0,0,0,1,0,0,0,0,0,0,0,0,0,0,0,0,0,0,0,0,0,0,1,0,0,0,0,0,0,0,0,0,0,0,0,0,0,0,0,0,0,0,0,0,0,0,1,0,0,0,0,0,0,0,0,0,0,0,0,0,0,0,0,1,0,1,1,0,0,1,0,0,0,0,0,1,1,0,0,1,1,0,0,1,1,0,1,1,1,0,0,1,0,0,0,0,0,0,1,1,1,1,1,0,1,1,0,0,0,0,1,0,1,1,1,1,0,1,1,1,1,0,1,1,1,1,1,1,1,1,1,1,1,1,1,1,1,1,1,1,0,93.72,10.42,43.39,98.9,94.77,97.98,98.59,0.8539,0.0548,5.57,8.44,0.8,31.4,1.4,1.9,3.5,5.165579296
1.114227772,0.97225,0.489117,0.19515,-8.751,1514.696829,9.522029713,0,0,790.1763845,10.57503222,0,0,9331.000607,191.0258218,328325.5927,1877.419042,553.9150509,8.865153683,0,0,-441.1024156,17.94743289,13588.99509,3.772070666,0,0,8.036550233,0,0,0,0,0,0.230525049,0,0,0,-15.46030953,-5216.792415,-322.0691009,-28.82768349,-1.030157557,-6523.275356,0,0,10.57261223,0,0,0,-33.1693434,-241.2714472,-5.353351641,-2.444333852,0.000760794,361.6179768,0.330234855,0.212707228,0.149586726,3,90,30,74.98307892,0.0,0.0,0,6.65,0,0,21.59,0,0,0.0,18.49,0.0,0.0,0.03,0,0,0,0.42,0.0,22.28,-74989.67071,-92463.61386,16645.9665,0.616214169,827.9766483,-1406.395264,8481.506874,0,0,0,0,0,0,0,0,0,0,0,0,0,0,0,0,0,0,0,0,0,0,0,0,0,0,0,0,0,0,0,0,0,0,0,0,0,0,0,0,0,0,0,0,0,0,0,0,0,0,0,0,0,0,0,0,0,0,0,0,0,0,0,0,0,0,0,0,0,0,0,0,0,0,0,0,0,0,0,0,0,0,1,0,0,0,0,0,0,1,0,1,0,0,0,0,0,0,0,0,0,1,0,0,0,1,0,0,0,1,0,0,0,1,0,0,0,0,0,0,0,0,0,0,0,1,0,1,0,0,0,1,0,0,0,0,1,0,0,1,1,0,0,1,1,1,1,0,0,0,0,0,1,1,1,1,0,1,0,1,0,0,1,1,1,1,0,93.72,10.42,43.39,98.9,94.77,97.98,98.59,0.8539,0.0548,5.57,8.44,0.8,31.4,1.4,1.9,3.5,5.163739197
4.158873,3.0403,0.247015,0.33375,-7.406,1515.963995,14.55384552,0,0,788.0660891,20.6237264,0,0,9300.474546,334.8480725,328218.7714,1904.154778,554.4734766,9.848929776,0,0,-419.4528279,21.5286826,13598.96543,3.777141445,0,0,8.034456206,0,0,0,0,0,0.220189169,0,0,0,-8.780656866,-5060.848131,-417.4460364,-19.53487016,-0.207057423,-6472.307065,0,0,10.65442435,0,0,0,-30.55014385,-261.1584799,-8.640604913,-4.866410869,-0.019292953,360.1276348,0.486787641,0.268150594,0.120960306,3,96,32,100.5598891,0.0,0.09,0,17.59,0,0,16.68,0,0,0.0,12.48,0.0,0.0,0.69,0,0,0,2.64,0.0,13.46,-74888.08248,-92414.68127,16646.87202,1.032539216,879.7267637,-1406.307358,8484.153567,0,0,0,0,0,0,0,0,0,0,0,0,0,0,0,0,0,0,0,0,0,0,0,0,0,0,0,0,0,0,0,0,0,0,0,0,0,0,0,0,0,0,0,0,0,0,0,0,0,0,0,0,0,0,0,0,0,0,0,0,0,0,0,0,0,0,0,0,0,0,0,0,0,0,0,0,0,0,0,0,0,0,0,0,1,0,0,0,0,0,0,0,0,0,0,0,0,1,0,0,0,1,0,0,0,1,0,0,0,0,0,0,0,0,0,0,0,0,0,0,0,0,0,0,0,1,0,1,0,0,0,1,0,1,0,1,1,0,0,0,0,0,1,1,1,1,0,0,0,0,0,1,1,0,1,0,1,0,1,1,0,1,1,1,1,1,0,93.72,10.42,43.39,98.9,94.77,97.98,98.59,0.8539,0.0548,5.57,8.44,0.8,31.4,1.4,1.9,3.5,5.099999035
3.285461538,1.361380952,0.932851,0.545666667,-8.175,1519.650056,15.10825483,0,0,775.4416938,9.458803336,0,0,9275.809214,104.4853289,328159.621,1881.00963,555.1041864,9.058223892,0,0,-428.5127766,19.84426406,13584.30095,3.950114034,0,0,8.04891035,0,0,0,0,0,0.232380282,0,0,0,-0.017537378,-5058.033026,-333.2269272,-5.312510737,-0.385621508,-6515.93755,0,0,10.59889763,0,0,0,-38.37772916,-244.9126966,-5.503323858,-6.52392252,-0.011565835,359.9800483,0.363192514,0.237548568,0.098967578,3,117,39,83.54517582,0.0,0.02,0,15.13,0,0,28.64,0,0,0.0,32.06,0.0,0.0,6.25,0,0,0,4.06,0.0,30.91,-74983.5184,-92405.92921,16648.18764,0.655550284,774.2231693,-1406.076986,8477.986967,0,0,0,0,0,0,0,0,0,0,0,0,0,0,0,0,0,0,0,0,0,0,0,0,0,0,0,0,0,0,0,0,0,0,0,0,0,0,0,0,0,0,0,0,0,0,0,0,0,0,0,0,0,0,0,0,0,0,0,0,0,0,0,0,0,0,1,0,0,0,0,0,0,0,1,0,0,0,0,0,0,0,0,0,0,0,0,0,0,0,0,0,0,0,0,0,0,0,0,0,0,1,0,0,0,1,0,0,0,0,0,0,1,0,1,1,0,0,0,0,0,0,0,0,0,1,0,1,0,0,0,0,0,0,0,0,1,0,0,0,0,1,0,1,1,1,0,0,0,1,0,0,1,0,1,1,0,0,0,1,1,0,1,1,1,1,0,93.72,10.42,43.39,98.9,94.77,97.98,98.59,0.8539,0.0548,5.57,8.44,0.8,31.4,1.4,1.9,3.5,5.099999035
2.977554,1.306208333,0.261618,0.424541667,-5.74,1519.565248,8.960066289,0,0,795.244337,22.28643474,0,0,9297.031694,192.7948174,357400.4097,2022.541706,554.1737029,10.67628077,0,0,-433.8757227,20.33764368,12034.91616,3.036721197,0,0,8.146471947,0,0,0,0,0,0.220263573,0,0,0,-11.26608815,-5192.27568,-152.4975089,-26.11255169,0.099429159,-7111.981595,0,0,10.88325179,0,0,0,-41.1320973,-253.291698,-6.030640107,-2.649476654,-0.014247207,370.480435,0.540176497,0.168885604,0.114181527,3,90,30,59.14055689,0.0,0.01,0,14.51,0,0,11.14,0,0,0.01,20.5,0.0,0.0,0.26,0,0,0,1.4,0.0,23.34,-74294.96978,-91651.26183,17049.12876,0.683802587,307.163292,-1360.116621,8996.745731,0,0,0,0,0,0,0,0,0,0,0,0,0,0,0,0,0,0,0,0,0,0,0,0,1,0,0,0,0,0,0,0,0,0,0,0,0,0,0,0,0,0,0,0,0,0,0,0,0,1,0,0,0,0,0,0,1,0,0,0,0,0,0,1,0,0,0,0,0,0,1,1,0,0,0,0,0,0,0,0,0,0,0,0,0,0,0,0,0,1,0,0,0,0,1,0,0,1,0,0,0,1,1,0,0,1,0,0,0,0,0,0,0,1,0,0,0,0,0,1,0,0,1,0,1,1,0,1,0,0,1,1,0,1,0,1,1,0,0,1,1,0,1,1,1,1,1,0,1,0,0,0,1,0,1,0,1,1,1,1,0,1,1,1,1,1,0,93.72,10.42,43.39,98.9,94.77,97.98,98.59,0.8539,0.0548,5.57,8.44,0.8,31.4,1.4,1.9,3.5,5.017733291
4.947202,3.39485,0.350476,0.41015,-7.695,1524.79453,11.43143457,0,0,775.2831162,-1.026378253,0,0,9294.149604,120.1229529,328447.2472,1855.578804,555.2354798,7.981185129,0,0,-423.113822,12.74325166,13597.46757,4.060520329,0,0,7.953156557,0,0,0,0,0,0.272244944,0,0,0,-9.045781731,-5102.220605,-363.1575083,-24.11429353,-0.48217004,-6454.833361,0,0,13.32723436,0,0,0,-28.51687457,-251.0873025,-5.18329599,-8.76037767,-0.038951019,361.7593775,0.720898426,0.100664528,0.073980366,3,72,24,147.2559241,0.0,0.46,0,5.59,0,0,13.57,0,0,0.0,9.03,0.0,0.0,0.69,0,0,0,1.66,0.0,10.19,-75006.70558,-92536.97849,16651.21689,0.558374642,879.0560163,-1406.483639,8485.723242,0,0,0,0,0,0,0,0,0,0,0,0,0,0,0,0,0,0,0,0,0,0,0,0,0,0,1,0,0,0,0,0,0,0,0,0,1,0,0,0,0,1,0,0,0,0,0,0,0,0,0,0,0,0,0,0,0,0,0,0,0,0,0,0,0,0,0,0,0,0,0,0,0,0,0,0,1,0,0,0,0,1,0,0,0,0,0,0,1,0,0,0,0,0,0,0,0,0,1,1,0,1,0,0,0,1,0,0,0,0,0,0,0,1,0,0,0,0,0,0,1,0,0,0,0,0,0,1,0,0,0,0,0,0,0,0,1,1,0,0,0,0,1,1,1,1,0,0,0,0,1,0,1,0,1,0,0,0,0,1,0,1,1,1,1,1,0,93.72,10.42,43.39,98.9,94.77,97.98,98.59,0.8539,0.0548,5.57,8.44,0.8,31.4,1.4,1.9,3.5,5.013743456
4.270479,3.0997,1.728325,1.08345,-7.301,1519.820279,31.11534527,0,0,786.5151082,7.854963126,0,0,9239.857927,256.1927205,358969.5772,2012.878183,554.360109,16.29676052,0,0,-426.6188705,22.61415095,12080.37519,3.179079943,0,0,8.216495791,0,0,0,0,0,0.215051841,0,0,0,-7.82009916,-5095.003759,-156.0354035,-36.48097878,0.054338332,-7093.68796,0,0,10.41630862,0,0,0,-43.63253327,-258.9013831,-5.433584806,-17.98855905,-0.067904134,370.4303396,0.287884055,0.217287167,0.123217082,3,210,70,368.0312388,0.0,0.0,0,12.77,0,0,25.15,0,0,0.0,11.39,0.0,0.0,0.1,0,0,0,13.95,0.0,22.74,-74387.74139,-92019.33167,17143.13143,0.798178037,488.4588597,-1366.338453,9036.864854,0,0,0,0,0,0,0,0,0,0,0,0,0,0,0,0,0,0,0,0,0,0,0,0,0,0,0,0,0,1,0,0,0,0,0,0,0,0,0,0,0,0,0,0,0,0,0,0,1,0,0,0,0,0,0,0,0,0,0,0,0,0,0,0,0,0,0,0,0,0,0,0,1,0,0,0,0,0,0,0,0,0,0,0,0,0,0,0,0,1,0,1,1,1,0,1,0,1,0,0,0,1,1,0,0,1,1,0,0,1,1,0,1,1,1,0,0,1,0,0,0,0,0,0,1,1,1,1,1,0,1,1,0,0,0,0,1,0,1,1,1,1,0,1,1,1,1,0,1,1,1,1,1,1,1,1,1,1,1,1,1,1,1,1,1,1,0,93.72,10.42,43.39,98.9,94.77,97.98,98.59,0.8539,0.0548,5.57,8.44,0.8,31.4,1.4,1.9,3.5,5.008773924
3.766713287,1.17255,0.470488,0.16375,-8.508,1516.651946,9.114472618,0,0,785.4104009,10.72341646,0,0,9262.853496,187.8795509,328381.1286,1846.3677,555.1178501,8.699827937,0,0,-424.213022,17.39456555,13601.29625,3.889220356,0,0,7.71083596,0,0,0,0,0,0.201648891,0,0,0,-14.69770752,-5131.445309,-278.5786711,-28.64182729,-0.221810515,-6500.340307,0,0,11.83952984,0,0,0,-31.24897576,-249.123648,-7.652331464,-3.711429024,-0.010380296,362.7401666,0.456840257,0.169486934,0.120412329,3,90,30,108.4896254,0.0,0.02,0,25.06,0,0,25.76,0,0,0.0,1.59,0.0,0.0,0.01,0,0,0,0.3,0.0,12.86,-74970.68544,-92486.94239,16651.43792,0.727611422,864.8190319,-1406.79649,8484.463067,0,0,0,0,0,0,0,0,0,0,0,0,0,0,0,0,0,0,0,0,0,0,0,0,0,0,0,0,0,0,0,0,0,0,0,0,0,0,0,0,0,0,0,0,0,0,0,0,0,0,0,0,0,1,0,0,0,0,0,0,0,0,0,0,0,0,0,0,0,0,0,0,0,0,0,0,0,0,0,0,0,0,0,0,0,0,0,0,0,1,0,0,0,0,0,0,0,0,0,0,0,1,0,0,0,1,0,0,0,0,0,0,0,1,0,0,0,0,0,0,0,0,0,0,0,1,0,1,0,0,0,1,0,0,0,0,1,0,0,1,1,0,0,1,1,1,1,0,0,0,0,0,1,0,1,0,0,1,0,1,1,0,1,1,1,1,0,93.72,10.42,43.39,98.9,94.77,97.98,98.59,0.8539,0.0548,5.57,8.44,0.8,31.4,1.4,1.9,3.5,4.973740554
5.484711289,2.252666667,0.220244,0.175555556,-8.358,1516.578606,8.368878152,0,0,789.5287841,7.671291491,0,0,9207.731092,141.5167931,328394.3518,1870.700045,553.7699332,7.719605976,0,0,-438.3134018,17.88530941,13605.414,3.84707912,0,0,7.993969235,0,0,0,0,0,0.189753024,0,0,0,-3.308011646,-4966.170383,-325.5522848,-19.55245081,-1.213365019,-6500.839752,0,0,10.48849989,0,0,0,-32.30938513,-250.9309313,-4.30644881,-2.400346607,0.045753065,359.8762057,0.473935965,0.365075646,0.060582744,3,78,26,54.74906693,0.0,0.04,0,4.76,0,0,4.48,0,0,0.0,25.2,0.0,0.0,3.79,0,0,0,0.33,0.0,20.2,-74979.70183,-92516.4937,16651.76077,0.920950696,885.0311061,-1406.977383,8485.950967,0,0,0,0,0,0,0,0,0,0,0,0,0,0,0,0,0,0,0,0,0,0,0,0,0,0,0,0,0,0,0,0,0,0,0,0,0,0,0,0,0,0,0,0,0,0,0,0,0,0,0,0,0,0,1,0,0,0,0,0,0,0,0,0,0,0,0,0,0,0,0,0,1,0,0,0,0,0,0,0,0,0,0,0,0,0,0,0,0,1,0,0,0,0,0,0,0,0,0,0,0,1,0,0,0,1,0,0,0,0,0,0,0,1,0,0,0,0,0,0,0,0,0,0,0,1,0,1,0,0,0,1,0,0,0,0,1,0,0,1,1,0,0,1,1,1,1,0,0,0,1,0,1,0,1,0,0,1,0,1,0,0,1,1,1,1,0,93.72,10.42,43.39,98.9,94.77,97.98,98.59,0.8539,0.0548,5.57,8.44,0.8,31.4,1.4,1.9,3.5,4.925066593
4.636583417,2.732823529,0.214989,0.170588235,-8.636,1521.156533,7.254110676,0,0,776.1845244,8.857004349,0,0,9233.361458,147.0004624,328364.2564,1880.818865,555.0492799,7.04158512,0,0,-439.2824333,15.85666512,13597.45159,3.61250531,0,0,8.117120399,0,0,0,0,0,0.20616929,0,0,0,-3.522950986,-4962.902832,-363.0658089,-10.58970634,-0.148463446,-6486.412602,0,0,10.83090221,0,0,0,-32.80763915,-250.4393971,-4.117397079,-2.822943286,-0.01280028,359.3469868,0.722321294,0.163936304,0.047636426,3,78,26,49.15675624,0.0,0.04,0,11.68,0,0,6.09,0,0,0.0,21.05,0.0,0.0,1.01,0,0,0,3.74,0.0,19.96,-75068.40411,-92481.95716,16649.26593,0.630838966,764.2871133,-1406.210177,8484.962517,0,0,0,0,0,0,0,0,0,0,0,0,0,0,0,0,0,0,0,0,0,0,0,0,0,0,0,0,0,0,0,0,0,0,0,0,0,0,0,0,0,0,0,0,0,0,0,0,0,0,0,0,0,0,0,0,0,0,0,0,0,0,0,0,0,0,0,0,0,0,0,0,0,0,0,0,0,0,0,0,0,0,0,0,1,0,0,0,0,0,0,0,0,0,0,0,0,0,0,0,0,1,0,0,0,1,0,0,0,0,0,0,0,0,0,0,0,0,0,0,0,0,0,0,0,1,0,1,0,0,0,0,0,1,0,1,1,0,0,0,0,0,0,1,1,1,0,0,0,0,0,1,1,0,1,0,1,0,1,1,0,1,1,1,1,1,0,93.72,10.42,43.39,98.9,94.77,97.98,98.59,0.8539,0.0548,5.57,8.44,0.8,31.4,1.4,1.9,3.5,4.913739855
3.222619381,2.37305,0.246284,0.2266,-8.777,1519.861525,10.01299493,0,0,788.9089696,13.69068295,0,0,9211.685626,187.8638736,328268.2659,1869.263302,555.4656254,8.874915453,0,0,-441.4517878,20.41687084,13591.79809,3.966325693,0,0,7.944981053,0,0,0,0,0,0.233791958,0,0,0,-12.56333746,-4945.628324,-349.7604494,-9.152923202,0.103833449,-6478.373577,0,0,10.62424488,0,0,0,-37.47819897,-247.4265765,-5.091863653,-5.188135193,-0.02223123,360.3597669,0.745134089,0.121295743,0.044262649,3,84,28,73.26542857,0.0,0.1,0,12.29,0,0,15.78,0,0,0.0,17.4,0.0,0.0,0.67,0,0,0,0.15,0.0,19.27,-75018.72168,-92479.45961,16647.72709,1.076429461,813.0108443,-1406.021898,8484.097167,0,0,0,0,0,0,0,0,0,0,0,0,0,0,0,0,0,0,0,0,0,0,0,0,0,0,0,0,0,0,0,0,0,0,0,0,0,0,0,0,0,0,0,0,0,0,0,0,0,0,0,0,0,0,0,0,0,0,0,0,0,0,0,0,0,0,0,0,0,0,0,0,0,0,0,0,0,0,0,0,0,0,0,0,1,0,0,1,0,0,0,0,0,0,0,0,0,0,0,0,0,1,0,1,0,1,0,1,0,0,0,0,0,0,0,0,0,0,0,0,0,0,0,0,0,1,0,1,0,0,0,1,0,1,1,1,1,0,0,0,0,0,1,1,1,1,0,0,0,0,1,1,1,0,1,0,1,0,1,1,0,1,1,1,1,1,0,93.72,10.42,43.39,98.9,94.77,97.98,98.59,0.8539,0.0548,5.57,8.44,0.8,31.4,1.4,1.9,3.5,4.849999245
3.187711289,1.717111111,0.242678,0.257277778,-7.906,1521.349732,7.876870439,0,0,783.6819656,9.14517822,0,0,9247.81013,164.0007414,328415.3438,1866.489316,554.1835331,8.305282654,0,0,-419.806631,17.84412465,13609.22207,3.951782443,0,0,7.77269942,0,0,0,0,0,0.234804411,0,0,0,-10.09339463,-5046.24794,-330.4212567,-18.66402632,-1.064775347,-6481.42884,0,0,11.72155335,0,0,0,-32.35595298,-260.2651776,-7.608389106,-2.647361225,-0.012362968,361.6323564,0.519674027,0.141837663,0.131682302,3,78,26,52.3401019,0.0,0.01,0,15.04,0,0,4.0,0,0,0.0,24.63,0.0,0.0,0.87,0,0,0,0.94,0.0,20.86,-75028.06782,-92489.14028,16652.14657,0.617126663,808.9258958,-1406.871231,8485.950967,0,0,0,0,0,0,0,0,0,0,0,0,0,0,0,0,0,0,0,0,0,0,0,0,0,0,0,0,0,0,0,0,0,0,0,0,0,0,0,0,0,0,0,0,0,0,0,0,0,0,0,0,0,0,0,0,0,0,0,0,0,0,0,0,0,0,0,0,0,0,0,0,0,0,0,0,0,0,0,0,0,0,0,0,0,0,0,0,0,1,0,0,0,0,0,0,0,0,0,0,0,1,0,0,0,1,0,0,0,0,0,0,0,1,0,0,0,0,0,0,0,0,0,0,0,1,0,1,0,0,0,1,0,0,0,0,1,0,0,1,1,0,0,1,1,1,1,0,0,0,0,0,1,0,1,0,0,1,0,1,0,0,1,1,1,1,0,93.72,10.42,43.39,98.9,94.77,97.98,98.59,0.8539,0.0548,5.57,8.44,0.8,31.4,1.4,1.9,3.5,4.775065718
4.086132867,2.272761905,0.488056,0.325714286,-8.121,1522.338322,9.437294453,0,0,784.6560879,10.47338065,0,0,9275.142825,233.9413992,328558.7308,1879.830357,554.8937365,9.246166069,0,0,-425.7133209,18.58501232,13620.15312,3.480952023,0,0,8.430548905,0,0,0,0,0,0.204111927,0,0,0,23.91139698,-4986.597264,-471.5832915,-182.2518164,-44.00396788,-6279.974621,0,0,12.87421235,0,0,0,-31.89010869,-257.8355236,-4.846101067,5.046337081,0.366695014,358.2421675,0.806523168,0.058137308,0.052085101,3,84,28,95.79063536,0.0,0.02,0,16.7,0,0,3.71,0,0,0.0,23.27,0.0,0.0,1.13,0,0,0,1.8,0.0,19.05,-75233.02629,-92567.04968,16662.20359,0.75779721,671.8198009,-1408.282915,8491.771967,0,0,0,0,0,0,0,0,0,0,0,0,0,0,0,0,0,0,0,0,0,0,0,0,0,0,0,0,0,0,0,0,0,0,0,0,0,0,0,0,0,0,0,0,0,0,0,0,0,0,0,0,0,0,0,0,0,0,0,0,0,0,0,0,0,0,0,0,0,0,0,0,0,0,0,0,0,0,0,0,0,0,0,0,0,0,0,0,0,1,0,0,0,0,0,0,0,0,0,0,0,1,0,0,0,1,0,0,0,0,0,0,0,1,0,0,0,0,0,0,0,0,0,1,0,1,0,1,0,0,0,1,0,0,0,0,1,0,0,1,1,0,0,1,1,1,1,0,0,0,0,0,1,0,1,0,0,1,0,1,0,0,1,1,1,1,0,93.72,10.42,43.39,98.9,94.77,97.98,98.59,0.8539,0.0548,5.57,8.44,0.8,31.4,1.4,1.9,3.5,4.701088003
3.559842,0.957409091,0.440874,0.236772727,-5.401,1513.697575,14.46779582,0,0,798.3049144,21.27170317,0,0,9310.527941,154.8011452,357042.2926,2020.14242,554.7927869,10.06820571,0,0,-426.0611829,20.10786167,12013.18689,2.933306872,0,0,8.172976234,0,0,0,0,0,0.213522557,0,0,0,-6.578682604,-5252.344897,-172.8281576,-9.638552067,0.115588115,-7086.22781,0,0,10.22995189,0,0,0,-35.93554069,-253.2474754,-5.576583947,-6.550030742,-0.029364261,370.0885334,0.421296001,0.201556881,0.123410305,3,111,37,84.37113972,0.0,0.0,0,5.58,0,0,8.97,0,0,0.0,34.96,0.0,0.0,6.43,0,0,0,3.9,0.0,25.16,-74122.69388,-91508.68819,17036.29489,0.90223421,349.6994279,-1358.866341,8985.592775,0,0,0,0,0,0,0,0,0,0,0,0,0,0,0,0,0,0,0,0,0,0,0,0,0,0,0,0,0,0,0,0,0,0,0,0,0,0,0,0,0,0,0,0,0,0,0,0,0,0,0,0,0,0,0,0,0,1,0,0,0,0,1,0,0,0,0,0,0,0,0,0,0,0,0,1,0,0,0,0,0,0,0,0,0,1,1,0,0,0,0,0,0,0,0,1,0,1,1,0,1,1,0,0,0,1,0,0,0,1,0,1,0,0,0,0,0,0,1,0,1,1,1,0,0,1,0,1,1,1,0,0,1,1,0,1,1,1,1,0,0,0,0,1,1,1,1,1,1,0,0,0,1,1,1,0,1,1,1,1,0,1,1,1,1,1,0,93.72,10.42,43.39,98.9,94.77,97.98,98.59,0.8539,0.0548,5.57,8.44,0.8,31.4,1.4,1.9,3.5,4.349999603
6.953374625,2.46865,0.348261,0.41155,-8.072,1524.780597,13.28633372,0,0,772.3383029,7.724699913,0,0,9267.579135,103.3697191,328263.5846,1855.855536,555.3635856,8.516125472,0,0,-409.0626258,19.06764058,13592.69611,3.987623748,0,0,7.782007849,0,0,0,0,0,0.354894248,0,0,0,-5.318061709,-5065.685,-360.7774778,-1.921338364,0.261299615,-6464.226339,0,0,13.36471273,0,0,0,-36.53486781,-259.3282908,-6.782785126,-6.222038792,-0.012184567,362.4282878,0.379963633,0.354985862,0.055941109,3,108,36,76.61345954,0.0,0.0,0,30.85,0,0,13.13,0,0,7.04,32.8,0.0,0.0,0.24,0,0,0,13.98,0.0,28.74,-74819.64092,-92451.83484,16651.16718,0.625209369,981.0267409,-1406.062667,8480.991167,0,0,0,0,0,0,0,0,0,0,0,0,0,0,0,0,0,0,0,0,0,0,0,0,0,0,0,0,0,0,0,0,0,0,0,0,0,0,0,0,0,0,0,0,0,0,0,0,0,0,0,0,0,0,0,0,0,0,0,0,0,0,0,0,0,0,1,0,0,0,0,0,0,0,1,0,0,0,0,0,0,0,0,0,0,0,0,0,0,0,0,0,0,0,0,0,0,0,0,0,0,1,0,0,0,1,0,0,0,0,0,0,1,0,0,0,0,0,0,0,0,0,0,0,0,1,0,1,0,0,0,0,0,0,0,0,1,0,0,0,0,1,0,1,1,1,0,0,0,1,0,0,1,0,1,0,0,0,0,1,1,0,1,1,1,1,0,93.72,10.42,43.39,98.9,94.77,97.98,98.59,0.8539,0.0548,5.57,8.44,0.8,31.4,1.4,1.9,3.5,4.300000202
6.328622378,0.220777778,0.294148,0.220777778,-8.235,1520.7659,9.767185431,0,0,770.7546278,10.03524238,0,0,9296.236823,157.8490487,328309.5027,1872.667475,554.5013663,8.204119506,0,0,-429.7182118,19.12623424,13597.14417,3.954972951,0,0,7.846878344,0,0,0,0,0,0.183709709,0,0,0,-3.601624572,-5074.654789,-367.1178723,-10.35796609,-0.215687067,-6469.593771,0,0,10.43936847,0,0,0,-33.34071565,-253.736347,-4.732182441,-4.590217201,-0.016663932,360.4131918,0.632623579,0.148141435,0.06579022,3,87,29,73.58106993,0.0,0.01,0,13.61,0,0,8.44,0,0,0.0,12.4,0.0,0.0,0.75,0,0,0,0.64,0.0,18.9,-75351.10956,-92454.87966,16647.34991,1.009913766,456.4201903,-1406.380709,8482.947117,0,0,0,0,0,0,0,0,0,0,0,0,0,0,0,0,0,0,0,0,0,0,0,0,0,0,0,0,0,0,0,0,0,0,0,0,0,0,0,0,0,0,0,0,0,0,0,0,0,0,0,0,0,0,0,0,0,0,0,0,0,0,0,0,0,0,0,0,0,0,0,0,0,0,0,0,0,0,0,0,0,0,0,0,1,0,0,0,0,0,0,0,0,0,0,0,0,1,0,0,0,1,0,0,0,1,0,0,0,0,0,0,0,0,0,0,0,0,0,0,0,0,0,0,0,1,0,1,0,0,0,0,0,1,0,1,1,0,0,0,0,0,0,1,1,1,0,0,0,0,1,1,1,0,1,0,1,0,1,1,1,1,1,1,1,1,0,93.72,10.42,43.39,98.9,94.77,97.98,98.59,0.8539,0.0548,5.57,8.44,0.8,31.4,1.4,1.9,3.5,4.16374173
4.039725275,2.5934,0.640903,0.3944,-8.448,1519.895003,10.40733258,0,0,789.9527445,11.55287774,0,0,9189.664514,127.0261083,328306.2396,1874.036799,555.5558709,8.01533856,0,0,-429.904056,17.29253481,13582.73969,3.517715461,0,0,8.13537569,0,0,0,0,0,0.224237167,0,0,0,-3.870578425,-4956.941313,-320.4476386,-19.38439095,-0.507218403,-6517.385499,0,0,10.84255624,0,0,0,-36.59308804,-247.4422303,-4.425850689,-4.730013862,-0.016617624,360.3718394,0.640203631,0.146497687,0.074562376,3,93,31,76.7875994,0.0,1.43,0,12.66,0,0,15.94,0,0,0.0,26.06,0.0,0.0,5.29,0,0,0,3.51,0.0,27.73,-74996.9117,-92470.29907,16649.42859,0.834832338,823.95878,-1406.171265,8482.632367,0,0,0,0,0,0,0,0,0,0,0,0,0,0,0,0,0,0,0,0,0,0,0,0,0,0,0,0,0,0,0,0,0,0,0,0,0,0,0,0,0,0,0,0,0,0,0,0,0,0,0,0,0,0,0,0,0,0,0,0,0,0,0,0,0,0,0,0,0,0,0,0,0,0,0,0,0,0,0,0,0,0,0,0,0,0,0,0,0,0,0,0,1,0,0,0,0,0,0,0,0,1,0,0,0,1,0,0,0,0,1,0,0,0,0,0,0,1,0,0,0,0,0,0,0,1,0,1,0,0,0,0,0,1,0,1,1,0,0,0,0,0,0,1,1,1,1,0,0,0,0,1,1,0,1,0,1,0,1,1,1,1,1,1,1,1,0,93.72,10.42,43.39,98.9,94.77,97.98,98.59,0.8539,0.0548,5.57,8.44,0.8,31.4,1.4,1.9,3.5,4.100000128
3.678831169,2.080888889,0.468333,0.283055556,-8.464,1522.694237,9.002578578,0,0,775.6898957,7.259653816,0,0,9262.560343,106.0722763,328259.357,1899.343905,554.5372493,7.273448089,0,0,-437.6892021,16.03979786,13595.16634,3.733138503,0,0,7.998024296,0,0,0,0,0,0.20804543,0,0,0,-0.475495217,-4965.190986,-408.4785507,-5.222967733,-0.1825086,-6478.734519,0,0,10.76174096,0,0,0,-33.86955501,-243.8394059,-6.017896511,-5.423734663,-0.013892519,359.6042614,0.502075555,0.170226609,0.124050469,3,90,30,70.36934266,0.0,0.28,0,9.52,0,0,5.05,0,0,0.01,25.84,0.0,0.0,2.5,0,0,0,2.61,0.0,23.03,-75149.70725,-92451.83388,16648.67158,0.79028963,653.4550474,-1406.501731,8481.907367,0,0,0,0,0,0,0,0,0,0,0,0,0,0,0,0,0,0,0,0,0,0,0,0,0,0,0,0,0,0,0,0,0,0,0,0,0,0,0,0,0,0,0,0,0,0,0,0,0,0,0,0,0,0,0,0,0,0,0,0,0,0,0,0,0,0,0,0,0,0,0,0,0,0,0,0,0,0,0,0,0,0,0,0,0,0,0,0,0,0,0,0,0,0,0,0,0,0,0,0,0,1,0,0,0,1,0,0,0,0,0,0,0,0,1,0,0,0,0,0,0,0,0,0,0,1,0,1,0,0,0,0,0,0,0,0,1,0,0,0,0,0,0,1,1,1,0,0,0,0,0,0,1,0,1,1,0,0,0,1,1,0,1,1,1,1,0,93.72,10.42,43.39,98.9,94.77,97.98,98.59,0.8539,0.0548,5.57,8.44,0.8,31.4,1.4,1.9,3.5,4.04999997
3.110387612,1.686086957,0.645317,0.375565217,-9.111,1517.937212,10.66304996,0,0,767.7112631,15.05962078,0,0,9269.054458,135.0964685,378303.5631,2079.982354,554.9560909,8.84527249,0,0,-397.0803352,12.95351901,12742.47506,3.0734432,0,0,8.380263496,0,0,0,0,0,0.313165488,0,0,0,32.39046085,-5198.231798,-285.9548829,-158.0369209,-31.08543785,-7176.796164,0,0,13.68152084,0,0,0,-36.48307457,-272.842417,-4.236997372,0.161745287,0.171814774,382.2582994,0.527734476,0.170716152,0.143324446,3,99,33,82.41556543,0.0,9.24,0,3.14,0,0,18.43,0,0,0.15,18.46,0.0,0.0,0.49,0,0,0,0.74,0.0,24.38,-77601.03408,-96481.36459,17912.62154,0.439733823,967.708972,-1434.73071,9504.201015,0,0,0,0,0,0,0,0,0,0,0,0,0,0,0,0,0,0,0,0,0,0,0,0,0,0,0,1,0,0,0,0,0,0,0,0,0,0,0,0,0,0,1,0,0,0,0,0,0,1,0,0,0,0,0,0,0,0,0,0,0,0,1,0,0,1,0,0,0,0,0,0,0,0,0,1,0,0,0,0,0,0,0,1,0,1,0,1,0,1,0,0,0,0,0,0,1,1,0,0,0,0,0,0,0,0,0,1,0,0,0,0,0,1,0,0,0,0,0,0,0,1,1,1,0,1,0,1,0,0,0,0,0,1,1,1,0,1,0,1,0,0,0,1,1,1,1,0,1,0,1,0,1,0,1,0,1,1,1,1,0,1,1,1,1,1,0,93.65,10.66,40.01,98.88,94.72,97.94,98.53,0.8539,0.0594,5.65,8.52,0.8,31.5,1.4,1.9,3.6,3.95
1.322243756,0.960391304,0.896095,0.425043478,-10.479,1519.32535,19.21733356,0,0,771.1917103,11.01933622,0,0,9260.119156,42.50763258,357288.3187,2039.097511,554.1317477,8.65486756,0,0,-432.8947839,8.772696173,12031.39908,3.066636656,0,0,8.243788237,0,0,0,0,0,0.202097502,0,0,0,-81.18550296,-5023.423634,-176.7771291,-34.21979972,5.131251067,-7209.974578,0,0,10.55159788,0,0,0,-40.75694179,-259.3806004,-5.429315293,-5.050661264,-0.040505347,375.9329444,0.237237712,0.157052952,0.112492395,3,132,44,123.0936663,0.0,0.0,0,39.45,0,0,19.14,0,0,0.0,28.14,0.0,0.0,0.9,0,0,0,15.15,0.0,41.26,-73873.56126,-91777.53924,17053.68607,0.885598963,850.2919054,-1360.313467,8992.41189,0,0,0,0,0,0,0,0,0,0,0,0,0,0,0,0,0,0,0,0,0,0,0,0,0,0,0,0,0,0,0,0,0,0,0,0,1,0,0,0,0,0,0,0,0,0,0,0,0,1,0,0,0,0,0,0,0,0,0,0,0,0,1,0,0,1,0,0,0,0,0,0,0,0,0,1,0,0,0,0,0,1,1,1,1,1,1,0,1,0,0,0,0,1,0,0,1,0,0,0,1,1,0,0,0,1,0,0,0,0,0,0,0,0,1,1,0,0,0,0,1,1,1,0,0,1,0,0,0,0,0,0,0,0,0,0,0,1,1,0,0,0,1,0,0,1,0,0,1,1,0,1,0,1,0,1,1,0,1,0,1,1,1,1,0,1,0,93.72,10.42,43.39,98.9,94.77,97.98,98.59,0.8539,0.0548,5.57,8.44,0.8,31.4,1.4,1.9,3.5,5.59
1.149384615,0.955956522,0.61115,0.419913043,-10.844,1516.715774,18.5538661,0,0,771.8936759,10.11864558,0,0,9063.396801,58.72013225,355798.6205,2020.105684,554.5110761,8.714945357,0,0,-413.3041599,8.195073398,11969.28215,3.454982212,0,0,7.14840303,0,0,0,0,0,0.205452291,0,0,0,-85.27582465,-4939.139058,-98.70772603,-27.22953411,3.850461296,-7250.692325,0,0,9.905674498,0,0,0,-39.73264541,-275.6941071,-6.826677292,-4.626266316,-0.034138661,375.4666177,0.306652,0.157853421,0.092926879,3,132,44,115.6757323,0.0,0.0,0,48.01,0,0,20.82,0,0,0.0,23.15,0.0,0.0,1.18,0,0,0,16.63,0.0,40.78,-73713.20219,-91477.02588,16991.21413,0.824528673,772.6095617,-1354.704862,8954.776854,0,0,0,0,0,0,0,0,0,0,0,0,0,0,0,0,0,0,0,0,0,0,0,0,0,0,0,0,0,0,0,0,0,0,0,0,0,0,0,0,0,0,0,0,0,0,0,0,0,1,0,0,0,0,0,0,0,1,0,0,0,0,1,0,0,1,0,0,0,0,0,0,0,0,0,1,0,0,0,0,0,0,1,1,1,1,1,0,0,0,0,0,0,1,0,0,1,0,0,0,1,1,0,0,0,1,0,0,0,0,0,0,0,0,1,1,0,0,0,0,1,1,1,0,0,1,0,0,0,0,0,0,0,0,0,0,0,1,1,0,0,0,1,0,0,1,0,0,1,1,0,1,1,1,0,1,1,0,1,0,1,1,1,1,1,1,0,93.63,10.83,39.58,98.9,94.79,97.99,98.57,0.8539,0.0594,5.6,8.47,0.8,31.4,1.4,1.9,3.5,5.39
1.178405594,0.936111111,0.286599401,0.168166667,-7.396,2737.461714,7.770758337,0,0,1513.376175,10.22376755,0,0,13637.23548,164.1865514,522342.9773,2681.423473,1007.340641,8.133517922,0,0,-913.5918688,17.48933207,17595.28926,3.812629985,0,0,0.0,0,0,0,0,0,0.0,0,0,0,-23.09107884,-8515.216426,-1332.905805,-15.64962488,1.023768303,-9383.765728,0,0,0.0,0,0,0,-28.04821886,-421.0521875,0.816232859,-2.2255694,-0.000307556,516.7375804,0.46673403,0.17439985,0.14953397,3,78,26,48.391,13.94,0.0,0,83.94,0,0,8.87,0,0,31.23,42.89,27.66,12.14,0.0,0,0,0,0.0,0.0,17.12,-109766.5259,-136898.0918,25700.61197,0.713616488,1430.953912,-2017.959208,13192.06137,0,0,0,0,0,0,0,0,0,0,0,0,0,0,0,0,0,0,0,0,0,0,0,0,0,0,0,0,0,0,0,0,0,0,0,0,0,0,0,0,0,0,0,0,0,0,0,0,0,0,0,0,0,0,0,0,0,0,0,0,0,0,0,0,0,0,0,0,0,0,0,0,0,0,0,0,0,0,0,0,0,0,0,0,0,0,0,0,0,1,0,0,0,0,0,0,0,0,0,0,0,1,0,0,0,1,0,0,0,0,0,0,0,1,0,0,0,0,0,0,0,0,0,0,0,1,0,1,0,0,0,1,0,0,0,0,1,0,0,1,1,0,0,1,1,1,1,0,0,0,0,0,1,0,1,0,0,1,0,1,0,0,1,1,1,1,0,69.3,29.56,16.87,98.31,31.82,85.77,94.53,0.4049,0.375,5.77,6.95,0.8,31.6,1.9,3.1,6.0,5.499996932
5.435564,2.426684211,0.387795,0.219315789,-6.133,2736.107651,9.528732135,0,0,1527.927294,8.451141791,0,0,13527.44137,161.150053,522338.4987,2672.503107,1005.496487,8.506197752,0,0,-926.9949209,18.42283591,17597.0624,4.131969391,0,0,0.0,0,0,0,0,0,0.0,0,0,0,-10.8251726,-8449.935271,-1157.119579,-16.9357653,0.57826804,-9540.366616,0,0,0.0,0,0,0,-26.095475,-415.3740617,-5.027675048,-5.337033327,-0.042595355,520.9229862,0.79958752,0.08271986,0.03749744,3,87,29,64.996,10.4,3.03,0,22.23,0,0,30.3,0,0,39.45,33.44,30.25,12.43,0.0,0,0,0,0.0,0.0,15.19,-110039.8485,-136867.0141,25700.9787,1.01325947,1126.186926,-2017.808766,13191.01984,0,0,0,0,0,0,0,0,0,0,0,0,0,0,0,0,0,0,0,0,0,0,0,0,0,0,0,0,0,0,0,0,0,0,0,0,0,0,0,0,0,0,0,0,0,0,0,0,0,0,0,0,0,0,0,0,0,0,0,0,0,0,0,0,0,0,0,0,0,0,0,0,0,0,0,0,0,0,0,0,0,0,0,0,0,0,0,0,0,1,0,0,0,0,0,0,0,0,0,0,0,1,0,0,0,1,0,0,0,0,0,0,0,1,0,0,0,0,0,0,0,0,0,0,0,1,0,1,0,0,0,1,0,0,0,0,1,0,0,1,1,0,0,1,1,1,1,0,0,0,0,0,1,0,1,0,0,1,0,1,1,0,1,1,1,1,0,69.3,29.56,16.87,98.31,31.82,85.77,94.53,0.4049,0.375,5.77,6.95,0.8,31.6,1.9,3.1,6.0,5.499996932
2.140026,1.313352941,0.269073,0.15,-7.714,2733.550517,7.343132529,0,0,1519.396767,8.849405049,0,0,13592.78005,147.0120592,522427.3379,2672.132998,1007.041725,7.243805321,0,0,-907.3140842,15.78212681,17591.45299,4.071816292,0,0,0.0,0,0,0,0,0,0.0,0,0,0,-9.196016527,-8623.161354,-1157.346114,-9.012697191,0.083973031,-9547.088327,0,0,0.0,0,0,0,-23.3258928,-423.2728213,-4.566886147,-6.112497171,-0.04267782,521.8122135,0.40298754,0.25642906,0.1116108,3,78,26,57.448,10.83,0.04,0,11.64,0,0,15.1,0,0,34.75,27.4,58.14,15.2,0.0,0,0,0,0.0,0.0,13.45,-110295.3616,-136919.1405,25699.22521,0.668899048,924.5536716,-2018.068972,13191.03819,0,0,0,0,0,0,0,0,0,0,0,0,0,0,0,0,0,0,0,0,0,0,0,0,0,0,0,0,0,0,0,0,0,0,0,0,0,0,0,0,0,0,0,0,0,0,0,0,0,0,0,0,0,0,0,0,0,0,0,0,0,0,0,0,0,0,0,0,0,0,0,0,0,0,0,0,0,0,0,0,0,0,0,0,1,0,0,0,0,0,0,0,0,0,0,0,0,0,0,0,0,1,0,0,0,1,0,0,0,0,0,0,0,0,0,0,0,0,0,0,0,0,0,0,0,1,0,1,0,0,0,0,0,1,0,1,1,0,0,0,0,0,0,1,1,1,0,0,0,0,0,1,1,0,1,0,1,0,1,1,0,1,1,1,1,1,0,69.3,29.56,16.87,98.31,31.82,85.77,94.53,0.4049,0.375,5.77,6.95,0.8,31.6,1.9,3.1,6.0,5.199998172
1.871042,1.09235,0.381098,0.17075,-7.693,2733.956093,8.730930309,0,0,1506.283329,12.98490662,0,0,13483.98622,198.5920097,522351.6389,2636.593248,1007.474229,9.06621927,0,0,-884.4654105,18.90023496,17594.85591,3.985108966,0,0,0.0,0,0,0,0,0,0.0,0,0,0,-46.0577598,-8445.03369,-1092.396049,-12.25945229,0.763592917,-9532.371715,0,0,0.0,0,0,0,-26.28680321,-439.5554179,-4.690776263,-2.910461227,-0.015886132,522.7812175,0.39655771,0.255109,0.12363434,3,84,28,50.915,14.34,0.0,0,109.35,0,0,11.9,0,0,31.87,43.19,37.31,19.87,0.0,0,0,0,0.0,0.0,16.23,-110005.2659,-136902.2846,25701.24501,0.643434633,1195.773671,-2017.624574,13192.07304,0,0,0,0,0,0,0,0,0,0,0,0,0,0,0,0,0,0,0,0,0,0,0,0,0,0,0,0,0,0,0,0,0,0,0,0,0,0,0,0,0,0,0,0,0,0,0,0,0,0,0,0,0,0,1,0,0,0,0,0,0,0,0,0,0,0,0,0,0,0,0,0,1,0,0,0,0,0,0,0,0,0,0,0,0,0,0,0,0,1,0,0,0,0,0,0,0,0,0,0,0,1,0,0,0,1,0,0,0,0,0,0,0,1,0,0,0,0,0,0,0,0,0,0,0,1,0,1,0,0,0,1,0,0,0,0,1,0,0,1,1,0,0,1,1,1,1,0,0,0,1,0,1,0,1,0,0,1,0,1,0,0,1,1,1,1,0,69.3,29.56,16.87,98.31,31.82,85.77,94.53,0.4049,0.375,5.77,6.95,0.8,31.6,1.9,3.1,6.0,5.099999035
1.881379,1.147944444,0.339461,0.173666667,-7.725,2739.43994,8.702742271,0,0,1510.363566,7.446107475,0,0,13539.15936,141.618333,522435.9911,2630.280573,1008.057527,7.855757618,0,0,-912.2266729,17.87195573,17597.87828,4.273742807,0,0,0.0,0,0,0,0,0,0.0,0,0,0,-12.01548644,-8573.520287,-1069.473135,-15.64659417,0.803878237,-9545.388045,0,0,0.0,0,0,0,-24.50000097,-417.189122,-5.093369971,-5.040187428,-0.023457128,521.5118834,0.57416872,0.13365685,0.11932098,3,78,28,49.22,13.72,0.35,0,14.01,0,0,16.96,0,0,33.18,33.48,28.97,13.04,0.0,0,0,0,0.0,0.0,16.16,-110231.7526,-136918.5961,25701.3895,0.956161892,985.4540629,-2018.243734,13192.06137,0,0,0,0,0,0,0,0,0,0,0,0,0,0,0,0,0,0,0,0,0,0,0,0,0,0,0,0,0,0,0,0,0,0,0,0,0,0,0,0,0,0,0,0,0,0,0,0,0,0,0,0,0,0,1,0,0,0,0,0,0,0,0,0,0,0,0,0,0,0,0,0,1,0,0,0,0,0,0,0,0,0,0,0,0,0,0,0,0,1,0,0,0,0,0,0,0,0,0,0,0,1,0,0,0,1,0,0,0,0,0,0,0,1,0,0,0,0,0,0,0,0,0,0,0,1,0,1,0,0,0,1,0,0,0,0,1,0,0,1,1,0,0,1,1,1,1,0,0,0,1,0,1,0,1,0,0,1,0,1,0,0,1,1,1,1,0,69.3,29.56,16.87,98.31,31.82,85.77,94.53,0.4049,0.375,5.77,6.95,0.8,31.6,1.9,3.1,6.0,5.0
4.374826,2.383,0.405826,0.218666667,-7.214,2742.711962,10.80497338,0,0,1524.614555,7.457943663,0,0,13413.02146,151.8127026,522277.9991,2702.028428,1009.037567,8.525473068,0,0,-908.8188755,19.26676167,17601.99372,3.654061199,0,0,0.0,0,0,0,0,0,0.0,0,0,0,-2.312635553,-8215.160878,-1206.980711,-9.709527225,0.130176783,-9544.919805,0,0,0.0,0,0,0,-27.08404329,-425.4210412,-4.685968156,-6.639940066,-0.027422036,521.8393668,0.83960112,0.04763629,0.02604831,3,87,29,37.002,13.75,0.03,0,44.2,0,0,5.01,0,0,32.42,38.58,34.39,2.97,0.0,0,0,0,0.0,0.0,16.16,-110429.9922,-136846.64,25703.48538,0.553969115,713.1623831,-2017.50232,13191.78392,0,0,0,0,0,0,0,0,0,0,0,0,0,0,0,0,0,0,0,0,0,0,0,0,0,0,0,0,0,0,0,0,0,0,0,0,0,0,0,0,0,0,0,0,0,0,0,0,0,0,0,0,0,0,0,0,0,0,0,0,0,0,0,0,0,0,0,0,0,0,0,0,0,0,0,0,0,0,0,0,0,0,0,0,0,0,0,0,0,0,0,0,0,1,0,0,0,1,0,0,0,1,0,0,0,1,0,0,0,0,0,0,0,0,0,0,0,0,0,0,0,0,0,0,0,1,0,1,0,0,0,0,0,1,0,1,1,0,0,0,0,0,0,1,1,1,0,0,0,0,0,1,1,0,1,0,1,0,1,1,1,1,1,1,1,1,0,69.3,29.56,16.87,98.31,31.82,85.77,94.53,0.4049,0.375,5.77,6.95,0.8,31.6,1.9,3.1,6.0,5.0
1.103744,0.837238095,0.327028,0.217380952,-6.635,2736.052783,20.04202041,0,0,1509.517793,29.78288123,0,0,13599.27415,132.969487,522426.4465,2616.532529,1005.475733,9.518710595,0,0,-893.2741998,17.40337887,17596.7024,4.155910935,0,0,0.0,0,0,0,0,0,0.0,0,0,0,-4.209273416,-8681.683125,-1060.394668,-6.725435289,0.190753642,-9524.405509,0,0,0.0,0,0,0,-37.47675397,-426.9001794,-4.506309251,-5.658510538,-0.005639226,521.8861464,0.42504123,0.16801118,0.09322892,3,108,36,46.687,11.57,0.0,0,82.84,0,0,15.53,0,0,33.0,50.32,28.28,14.7,0.0,0,0,0,0.0,0.0,27.41,-110450.9115,-136838.919,25706.02127,0.596061438,681.9862094,-2018.205915,13190.45139,0,0,0,0,0,0,0,0,0,0,0,0,0,0,0,0,0,0,0,0,0,0,0,0,0,0,0,0,0,0,0,0,0,0,0,0,0,0,0,0,0,0,0,0,0,0,0,0,0,0,0,0,0,0,0,0,0,0,0,0,0,0,1,0,0,0,0,0,0,0,0,0,0,0,0,1,0,0,0,0,0,0,0,1,0,1,1,0,0,0,0,0,0,0,0,0,1,1,0,0,1,1,0,0,0,1,0,0,0,0,0,1,0,0,0,0,0,0,1,0,0,1,1,0,0,1,0,1,0,1,0,0,0,1,0,1,1,1,1,0,0,0,0,1,1,1,0,1,1,0,0,0,1,1,1,0,1,0,1,1,0,1,1,1,1,1,0,69.3,29.56,16.87,98.31,31.82,85.77,94.53,0.4049,0.375,5.77,6.95,0.8,31.6,1.9,3.1,6.0,5.0
1.69489,1.051333333,0.353771,0.228777778,-7.187,2737.251629,8.894811188,0,0,1522.316781,7.01035471,0,0,13594.49941,106.0273916,522406.0465,2664.834417,1007.91954,7.459787074,0,0,-888.3203321,16.01327831,17601.15147,4.130232714,0,0,0.0,0,0,0,0,0,0.0,0,0,0,-3.51904641,-8566.994655,-1201.177981,-4.774531836,-0.274019878,-9484.067829,0,0,0.0,0,0,0,-30.85013383,-430.5476614,-4.58969454,-5.66687881,-0.022887152,521.5738268,0.36259352,0.16399414,0.13217339,3,90,30,50.407,16.14,0.21,0,19.83,0,0,14.16,0,0,40.66,38.41,81.35,23.06,0.0,0,0,0,0.0,0.0,22.89,-110194.2991,-136865.7418,25703.772,0.532295522,967.6706567,-2017.916593,13191.04357,0,0,0,0,0,0,0,0,0,0,0,0,0,0,0,0,0,0,0,0,0,0,0,0,0,0,0,0,0,0,0,0,0,0,0,0,0,0,0,0,0,0,0,0,0,0,0,0,0,0,0,0,0,0,0,0,0,0,0,0,0,0,0,0,0,0,0,0,0,0,0,0,0,0,0,0,0,0,0,0,0,0,0,0,0,0,0,0,0,0,0,0,0,0,0,0,0,0,0,0,0,1,0,0,0,1,0,0,0,0,0,0,0,0,1,0,0,0,0,0,0,0,0,0,0,1,0,1,0,0,0,0,0,0,0,0,1,0,0,0,0,0,0,1,1,1,0,0,0,0,0,0,1,0,1,1,0,0,0,1,1,0,1,1,1,1,0,69.3,29.56,16.87,98.31,31.82,85.77,94.53,0.4049,0.375,5.77,6.95,0.8,31.6,1.9,3.1,6.0,4.949999402
1.50142,1.2239,0.213468,0.1731,-6.93,2735.685432,9.688806523,0,0,1513.15436,8.40183696,0,0,13383.42121,184.5320985,522301.2895,2684.20088,1007.174165,8.858695578,0,0,-888.1169192,18.2616757,17598.98068,3.912361739,0,0,0.0,0,0,0,0,0,0.0,0,0,0,-17.05336125,-8280.195479,-1111.515335,-17.36083837,-1.241916462,-9603.813663,0,0,0.0,0,0,0,-28.74710849,-437.1275223,-8.274434288,-3.041719975,-0.016715505,524.3785062,0.47118893,0.20218688,0.09395603,3,90,30,69.625,12.39,0.14,0,59.39,0,0,10.99,0,0,32.44,40.17,42.99,25.1,0.0,0,0,0,0.0,0.0,17.64,-110188.2097,-136891.3777,25702.5331,0.880569022,1000.634932,-2017.49413,13191.54734,0,0,0,0,0,0,0,0,0,0,0,0,0,0,0,0,0,0,0,0,0,0,0,0,0,0,0,0,0,0,0,0,0,0,0,0,0,0,0,0,0,0,0,0,0,0,0,0,0,0,0,0,0,1,0,0,0,0,0,0,0,0,0,0,0,0,0,0,0,0,0,0,0,0,0,0,0,0,0,0,0,0,0,0,0,0,0,0,0,1,0,0,0,0,0,0,0,0,0,0,0,1,0,0,0,1,0,0,0,0,0,0,0,1,0,0,0,0,0,0,0,0,0,0,0,1,0,1,0,0,0,1,0,0,0,0,1,0,0,1,1,0,0,1,1,1,1,0,0,0,0,0,1,0,1,0,0,1,0,1,1,0,1,1,1,1,0,69.3,29.56,16.87,98.31,31.82,85.77,94.53,0.4049,0.375,5.77,6.95,0.8,31.6,1.9,3.1,6.0,4.949999402
2.366446,1.433,0.402076,0.211894737,-7.836,2738.866472,8.36053587,0,0,1512.829645,9.372880281,0,0,13418.56523,177.1678008,522330.4435,2621.239227,1008.575953,8.795094133,0,0,-903.4797309,18.82612211,17596.91001,4.286480005,0,0,0.0,0,0,0,0,0,0.0,0,0,0,-30.42312517,-8379.928397,-1012.33912,-7.994932483,-0.334948156,-9580.304063,0,0,0.0,0,0,0,-25.16602628,-435.1301374,-6.714287204,-4.306802312,0.010543223,522.9429918,0.57691297,0.21459304,0.09386505,3,81,27,47.54,13.61,0.0,0,80.66,0,0,10.61,0,0,33.65,36.06,67.24,7.99,0.03,0,0,0,0.0,0.0,15.67,-110245.074,-136985.1921,25699.8212,1.216924363,935.3289829,-2017.724938,13191.54554,0,0,0,0,0,0,0,0,0,0,0,0,0,0,0,0,0,0,0,0,0,0,0,0,0,0,0,0,0,0,0,0,0,0,0,0,0,0,0,0,0,0,0,0,0,0,0,0,0,0,0,0,0,1,1,0,0,0,0,0,0,0,0,0,0,0,0,0,0,0,0,0,1,0,0,0,0,0,0,0,0,0,0,0,0,0,0,0,0,1,0,0,0,0,0,0,0,0,0,0,0,1,0,0,0,1,0,0,0,0,0,0,0,1,0,0,0,0,0,0,0,0,0,0,0,1,0,1,0,0,0,1,0,0,0,0,1,0,0,1,1,0,0,1,1,1,1,0,0,0,1,0,1,0,1,0,0,1,0,1,0,0,1,1,1,1,0,69.3,29.56,16.87,98.31,31.82,85.77,94.53,0.4049,0.375,5.77,6.95,0.8,31.6,1.9,3.1,6.0,4.899998417
4.62971,1.305684211,0.569928,0.238578947,-7.075,2745.348211,11.69834413,0,0,1519.337547,12.42118033,0,0,13472.53894,133.1081632,522235.4343,2688.458592,1007.227101,8.874849988,0,0,-902.3646971,18.65182022,17591.01485,3.877479708,0,0,0.0,0,0,0,0,0,0.0,0,0,0,-1.20036479,-8340.166144,-1214.157387,-11.09740656,-0.077028542,-9509.84409,0,0,0.0,0,0,0,-27.7371337,-422.8405751,-6.967159483,-6.500374828,-0.028443975,521.8893878,0.39824744,0.18672399,0.16492563,3,96,32,53.261,14.89,0.04,0,57.27,0,0,22.87,0,0,25.67,34.3,27.91,3.45,0.0,0,0,0,0.0,0.01,25.85,-110001.0748,-136839.9159,25701.47209,0.782106885,1137.369013,-2017.425897,13189.35765,0,0,0,0,0,0,0,0,0,0,0,0,0,0,0,0,0,0,0,0,0,0,0,0,0,0,0,0,0,0,0,0,0,0,0,0,0,0,0,0,0,0,0,0,0,0,0,0,0,0,0,0,0,0,0,0,0,0,0,0,0,0,0,0,0,0,0,0,0,0,0,0,0,0,1,0,0,0,0,0,0,0,0,0,0,1,1,0,0,0,0,0,0,1,0,0,0,1,0,0,0,1,0,0,0,1,0,0,0,0,0,0,0,0,0,0,0,0,0,0,0,0,1,0,0,1,0,1,0,0,0,0,0,1,0,1,1,0,0,0,0,0,0,1,1,1,0,0,1,1,0,0,1,0,1,0,1,0,1,1,1,1,1,1,1,1,0,69.3,29.56,16.87,98.31,31.82,85.77,94.53,0.4049,0.375,5.77,6.95,0.8,31.6,1.9,3.1,6.0,4.899998417
21.651285,21.6388125,5.664624,8.68571875,-4.899,2741.224257,28.03109007,0,0,1526.053547,22.72424379,0,0,13415.9348,367.5305829,520912.9751,2722.996995,1007.72231,13.94423118,0,0,-901.6505523,23.87038322,17540.78356,4.228215944,0,0,0.0,0,0,0,0,0,0.0,0,0,0,-61.27439704,-8239.39676,-1101.687434,-176.8888419,-66.50852702,-9781.967518,0,0,0.0,0,0,0,-16.61105604,-434.1208574,-5.317055522,-13.85546285,-0.419508644,527.8723934,0.55150177,0.25492891,0.0597679,3,186,62,350.649,9.4,70.78,0,19.53,0,0,53.31,0,0,3.88,3.52,17.72,2.01,0.54,0,0,0,0.02,8.42,1.67,-109985.9904,-136756.4577,25663.15094,0.443512957,1107.31635,-2013.366452,13158.96559,0,0,0,0,0,0,0,0,0,0,0,0,0,0,0,0,0,0,0,0,0,0,0,0,0,0,0,0,0,0,0,0,0,0,0,0,0,0,0,0,0,0,0,0,0,0,0,0,0,0,0,0,0,0,1,0,0,0,0,0,0,0,0,0,0,0,0,0,0,0,0,0,0,0,0,0,0,0,0,1,0,0,1,0,0,0,1,0,0,1,0,1,0,0,0,1,0,1,0,0,1,1,0,0,1,1,0,0,0,1,0,1,0,1,0,0,0,0,1,0,0,0,0,0,0,1,0,1,1,1,0,1,1,1,0,1,1,0,1,1,1,0,1,1,1,1,1,1,0,0,0,1,1,1,1,1,1,1,1,1,0,1,1,1,1,1,0,69.3,29.56,16.87,98.31,31.82,85.77,94.53,0.4049,0.375,5.77,6.95,0.8,31.6,1.9,3.1,6.0,4.899998417
4.557421,3.074444444,1.1481,0.802074074,-4.654,2732.594504,15.31466063,0,0,1529.126643,17.54391094,0,0,13514.42299,211.1935076,522213.4018,2647.270304,1006.305428,12.19982932,0,0,-901.724078,24.52046662,17590.54878,3.977242912,0,0,0.0,0,0,0,0,0,0.0,0,0,0,-15.7488879,-8526.827236,-1114.47441,-22.13742269,-0.211907141,-9538.560541,0,0,0.0,0,0,0,-35.03364588,-426.7425288,-4.455836813,-9.383378241,-0.060994814,523.7728346,0.55748046,0.23090273,0.07865689,3,132,44,74.211,14.27,0.16,0,69.22,0,0,68.55,0,0,21.34,32.34,81.57,7.31,0.0,0,0,0,0.05,3.18,19.2,-110315.2077,-136843.3782,25706.10163,0.653935863,822.068834,-2017.528501,13187.91924,0,0,0,0,0,0,0,0,0,0,0,0,0,0,0,0,0,0,0,0,0,0,0,0,0,0,0,0,0,0,0,0,0,0,0,0,0,0,0,0,0,0,0,0,0,0,0,0,0,0,0,0,0,0,0,0,0,0,0,0,0,0,0,0,0,0,0,0,0,0,0,0,0,0,0,0,0,0,0,0,0,0,1,0,0,0,0,0,0,1,0,0,0,0,0,0,0,1,0,0,0,1,0,0,1,1,0,0,0,1,0,0,0,1,0,0,0,0,1,0,0,0,0,0,0,1,0,1,0,0,0,1,1,1,0,1,1,0,0,1,1,0,0,1,1,1,1,1,0,0,0,1,1,1,1,1,1,1,1,1,0,1,1,1,1,1,0,69.3,29.56,16.87,98.31,31.82,85.77,94.53,0.4049,0.375,5.77,6.95,0.8,31.6,1.9,3.1,6.0,4.849999245
1.951368,1.328777778,0.231998,0.1615,-7.41,2740.102285,10.11580162,0,0,1509.523189,8.756908201,0,0,13599.1482,157.7417628,522340.9951,2754.956335,1007.503154,8.391631872,0,0,-906.2274035,19.40738757,17596.77828,3.518335799,0,0,0.0,0,0,0,0,0,0.0,0,0,0,-3.328997244,-8403.107431,-1369.529565,-10.18906138,-0.349261684,-9493.790858,0,0,0.0,0,0,0,-28.0242849,-422.9390029,-5.022383176,-5.450589092,-0.045092737,522.5801528,0.46571884,0.22084844,0.0843582,3,87,29,62.666,13.09,1.06,0,10.92,0,0,12.06,0,0,43.79,37.22,55.92,16.77,0.0,0,0,0,0.0,0.0,17.95,-110066.2524,-136880.1022,25703.14976,0.664971369,1110.700077,-2017.872485,13192.08332,0,0,0,0,0,0,0,0,0,0,0,0,0,0,0,0,0,0,0,0,0,0,0,0,0,0,0,0,0,0,0,0,0,0,0,0,0,0,0,0,0,0,0,0,0,0,0,0,0,0,0,0,0,0,0,0,0,0,0,0,0,0,0,0,0,0,0,0,0,0,0,0,0,0,0,0,0,0,0,0,0,0,0,0,1,0,0,0,0,0,0,0,0,0,0,0,0,1,0,0,0,1,0,0,0,1,0,0,0,0,0,0,0,0,0,0,0,0,0,0,0,0,0,0,0,1,0,1,0,0,0,0,0,1,0,1,1,0,0,0,0,0,0,1,1,1,0,0,0,0,1,1,1,0,1,0,1,0,1,1,1,1,1,1,1,1,0,69.3,29.56,16.87,98.31,31.82,85.77,94.53,0.4049,0.375,5.77,6.95,0.8,31.6,1.9,3.1,6.0,4.800000875
4.428813,1.892105263,0.73181,0.191210526,-7.237,2732.225498,11.84542612,0,0,1521.44327,12.00712743,0,0,13394.41473,165.918182,522253.1921,2691.222486,1006.421752,9.1242562,0,0,-886.21478,20.45826946,17601.06526,3.919335812,0,0,0.0,0,0,0,0,0,0.0,0,0,0,-7.531138663,-8240.663211,-1183.199653,-10.05071052,-1.311531069,-9546.387314,0,0,0.0,0,0,0,-27.41523397,-429.0018425,-5.510347266,-6.966762037,-0.071351842,521.3108325,0.53760264,0.17334107,0.13476919,3,90,30,31.713,12.53,12.6,0,40.12,0,0,8.8,0,0,33.27,38.88,44.68,27.17,0.0,0,0,0,0.0,0.0,12.66,-110535.3955,-136857.2718,25701.68317,1.068888845,620.1930969,-2017.660187,13191.11499,0,0,0,0,0,0,0,0,0,0,0,0,0,0,0,0,0,0,0,0,0,0,0,0,0,0,0,0,0,0,0,0,0,0,0,0,0,0,0,0,0,0,0,0,0,0,0,0,0,0,0,0,0,0,0,0,0,0,0,0,0,0,0,0,0,0,0,0,0,0,0,0,0,0,0,0,0,0,0,0,0,0,0,0,1,0,0,0,0,1,0,0,0,1,0,0,0,1,0,0,0,1,0,0,0,1,0,0,0,0,0,0,0,1,0,0,0,0,0,0,0,0,0,0,0,1,1,1,0,0,0,0,0,1,0,1,1,0,0,0,0,0,0,1,1,1,1,0,0,0,0,1,1,0,1,0,1,1,1,1,1,1,1,1,1,1,0,69.3,29.56,16.87,98.31,31.82,85.77,94.53,0.4049,0.375,5.77,6.95,0.8,31.6,1.9,3.1,6.0,4.700000504
2.156586,1.489888889,0.208583,0.160166667,-8.143,2736.081856,9.366936347,0,0,1528.221416,9.908517757,0,0,13532.14344,167.7010871,522333.3702,2690.077069,1007.139046,8.136694893,0,0,-913.1910221,19.05431877,17598.71562,4.108205681,0,0,0.0,0,0,0,0,0,0.0,0,0,0,-8.371313895,-8462.904947,-1209.637757,-14.91503816,-0.368301255,-9521.211233,0,0,0.0,0,0,0,-25.20523349,-412.762637,-4.280105875,-4.406853194,-0.035826247,521.0972952,0.63412914,0.12770767,0.07287022,3,81,27,44.961,9.26,0.2,0,6.61,0,0,14.25,0,0,34.7,33.63,58.69,15.1,0.0,0,0,0,0.0,0.02,12.71,-110239.7546,-136894.81,25700.3472,0.863159683,954.7081739,-2017.704618,13191.56569,0,0,0,0,0,0,0,0,0,0,0,0,0,0,0,0,0,0,0,0,0,0,0,0,0,0,0,0,0,0,0,0,0,0,0,0,0,0,0,0,0,0,0,0,0,0,0,0,0,0,0,0,0,0,1,0,0,0,0,0,0,0,0,0,0,0,0,0,0,0,0,0,0,0,0,0,0,0,0,0,0,0,0,0,1,0,0,0,0,0,0,0,0,0,0,1,0,1,0,0,0,1,0,0,0,1,0,0,0,0,0,0,0,1,0,0,0,0,0,0,0,0,0,0,0,1,0,1,0,0,0,1,0,1,0,1,1,0,0,1,0,0,0,1,1,1,1,0,0,0,1,1,1,0,1,0,1,1,1,1,0,1,1,1,1,1,0,69.3,29.56,16.87,98.31,31.82,85.77,94.53,0.4049,0.375,5.77,6.95,0.8,31.6,1.9,3.1,6.0,4.550000452
5.153871,2.99485,0.2971,0.22855,-6.956,2733.563188,11.48778278,0,0,1496.969669,10.49991196,0,0,13596.44833,278.6227024,522271.9248,2704.862025,1008.696663,10.05594809,0,0,-881.1180982,21.66429504,17584.52864,4.300722609,0,0,0.0,0,0,0,0,0,0.0,0,0,0,-89.61379367,-8462.949776,-1230.201084,-118.0085549,11.93861728,-9626.582471,0,0,0.0,0,0,0,-18.97725901,-427.7619261,-2.607125412,-4.727981876,-0.071688937,532.1892692,0.65260113,0.23110786,0.03720873,3,84,28,66.948,3.82,49.14,0,24.23,0,0,18.45,0,0,35.79,15.23,28.31,9.83,0.0,0,0,0,0.0,1.67,3.61,-110436.0676,-136967.9986,25695.2828,1.284793405,836.6482379,-2017.444433,13189.64285,0,0,0,0,0,0,0,0,0,0,0,0,0,0,0,0,0,0,0,0,0,0,0,0,0,0,0,0,0,0,0,0,0,0,0,0,0,0,0,0,0,0,0,0,0,0,0,0,0,0,0,0,0,1,0,0,0,0,0,0,0,0,0,0,0,0,0,0,0,0,0,0,0,0,0,0,0,0,0,0,0,0,0,0,1,0,0,0,0,0,0,0,0,0,0,0,0,1,0,0,0,1,0,0,0,1,0,0,0,0,0,0,0,0,0,0,0,0,0,0,0,0,0,1,0,1,0,1,0,0,0,1,0,1,0,1,1,0,0,1,1,0,0,1,1,1,1,0,0,0,1,1,1,0,1,0,1,1,1,1,0,1,1,1,1,1,0,69.3,29.56,16.87,98.31,31.82,85.77,94.53,0.4049,0.375,5.77,6.95,0.8,31.6,1.9,3.1,6.0,4.550000452
11.301981,5.153871,1.703706,1.269518519,-4.128,2737.206558,22.74526385,0,0,1517.592812,17.9010715,0,0,13539.42387,242.7592904,521688.8565,2687.97562,1007.906781,11.70204241,0,0,-921.5715459,21.62672609,17557.64241,4.265721469,0,0,0.0,0,0,0,0,0,0.0,0,0,0,10.03599573,-8559.583652,-1147.088067,-76.70497647,-46.35701943,-9604.315555,0,0,0.0,0,0,0,-23.45279132,-416.9280177,-4.612699981,-15.81891689,-0.263461488,523.6321252,0.62950328,0.16544829,0.06230693,3,156,52,180.485,12.29,11.96,0,12.89,0,0,74.02,0,0,0.52,1.81,18.11,8.61,0.02,0,0,0,0.0,18.86,3.08,-110080.7832,-136826.5241,25686.74444,0.435079612,1058.996387,-2015.821749,13174.50665,0,0,0,0,0,0,0,0,0,0,0,0,0,0,0,0,0,0,0,0,0,0,0,0,0,0,0,0,0,0,0,0,0,0,0,0,0,0,0,0,0,0,0,0,0,0,0,0,0,0,0,0,0,0,0,0,0,0,0,0,0,0,0,0,0,0,0,0,0,0,0,0,0,0,0,0,0,0,0,0,1,0,1,0,0,1,1,0,0,0,1,1,0,0,0,1,0,1,0,0,1,1,0,0,1,1,0,0,0,1,0,1,0,0,0,0,0,0,1,0,0,0,1,0,0,1,0,1,1,1,0,1,1,1,0,1,1,0,1,1,1,0,1,1,1,1,1,1,1,0,0,1,1,1,1,1,1,1,1,1,0,1,1,1,1,1,0,69.3,29.56,16.87,98.31,31.82,85.77,94.53,0.4049,0.375,5.77,6.95,0.8,31.6,1.9,3.1,6.0,4.550000452
3.03606,0.847761905,0.226524,0.19252381,-6.715,2731.674266,9.838793843,0,0,1522.298979,8.231940775,0,0,13568.82928,236.1149149,522242.0924,2671.086774,1005.743764,9.369713673,0,0,-895.6046463,19.40878719,17585.79002,4.421087556,0,0,0.0,0,0,0,0,0,0.0,0,0,0,-46.12916723,-8548.277227,-1148.918066,-162.536925,5.426365929,-9631.816114,0,0,0.0,0,0,0,-28.45484147,-434.515858,-4.354152514,2.297801583,-0.005885364,533.694214,0.39564534,0.21636111,0.14132131,3,84,28,64.237,14.95,0.0,0,25.33,0,0,18.61,0,0,31.92,39.05,46.81,22.02,0.0,0,0,0,0.0,0.0,18.61,-110326.3366,-137022.2158,25691.31599,0.913722536,1004.563133,-2017.35155,13187.53603,0,0,0,0,0,0,0,0,0,0,0,0,0,0,0,0,0,0,0,0,0,0,0,0,0,0,0,0,0,0,0,0,0,0,0,0,0,0,0,0,0,0,0,0,0,0,0,0,0,0,0,0,0,0,0,0,0,0,0,0,0,0,0,0,0,0,0,0,0,0,0,0,0,0,0,0,0,0,0,0,0,0,0,0,0,0,0,0,0,1,0,0,0,0,0,0,0,0,0,0,0,1,0,0,0,1,0,0,0,0,0,0,0,1,0,0,0,0,0,0,0,0,0,1,0,1,0,1,0,0,0,1,0,0,0,0,1,0,0,1,1,0,0,1,1,1,1,0,0,0,0,0,1,0,1,0,0,1,0,1,0,0,1,1,1,1,0,69.3,29.56,16.87,98.31,31.82,85.77,94.53,0.4049,0.375,5.77,6.95,0.8,31.6,1.9,3.1,6.0,4.096910013
1.74642,1.132172414,0.883878,0.581448276,-12.182,1923.215292,23.82818578,0,0,1101.609177,27.04607615,0,0,9387.729747,84.58889636,398320.4828,1996.068326,712.3535566,11.44578338,0,0,-596.0634918,16.71358569,13407.90445,4.069444916,0,0,0.0,0,0,0,0,0,0.0,0,0,0,-57.98971398,-5843.201179,-377.3756392,-39.46191509,-1.401190618,-8028.532307,0,0,0.0,0,0,0,-45.93701114,-378.5875764,-1.818636221,-2.304183613,-0.024703371,448.4494338,0.359909611,0.121309968,0.08912527,3,177,59,83.30127345,28.28,17.36,0,7.39,0,0,47.07,0,0,10.07,144.7,0.02,92.31,9.27,0,0,0,10.58,0.0,8.95,-83303.35649,-103391.3786,19414.69966,0.564664286,673.3224338,-1527.434662,10022.47463,0,0,0,0,0,0,0,0,0,0,0,0,0,0,0,0,0,0,0,0,0,0,0,0,0,0,0,0,0,0,0,0,0,0,0,0,0,0,0,0,0,0,0,0,0,0,0,0,0,1,1,0,0,0,0,0,0,0,0,0,0,0,0,0,0,0,0,0,0,0,0,0,0,0,1,0,1,0,0,0,0,0,1,0,0,1,1,0,0,0,0,0,0,1,0,1,0,0,0,1,1,0,0,0,1,0,0,0,0,1,0,1,0,1,1,1,1,0,1,0,0,0,1,0,0,1,1,1,0,0,0,1,1,0,0,0,0,0,1,1,0,1,0,1,0,1,0,1,1,1,0,1,1,1,0,1,0,1,1,1,1,1,1,1,1,1,0,77.0,28.98,22.23,98.96,43.47,97.43,98.79,0.6169,0.3295,4.64,6.27,0.8,31.4,1.5,2.2,4.2,9.602
1.402336,0.988677419,0.551596,0.431451613,-12.28,1895.081066,16.12312036,0,0,1096.491174,24.56405503,0,0,9459.037293,163.8581391,404831.1473,2117.304572,699.9864561,8.306969501,0,0,-596.4476386,18.09367364,13620.21005,4.245375157,0,0,0.0,0,0,0,0,0,0.0,0,0,0,-32.92683296,-5913.30879,-510.9102774,0.455579582,0.685018285,-8384.904629,0,0,0.0,0,0,0,-34.91562762,-375.5361717,0.174797019,-0.838826437,-8.51e-05,482.6639162,0.396126012,0.144953295,0.098521785,3,189,63,42.57912176,40.35,26.24,0,29.49,0,0,45.82,0,0,12.74,171.2,43.34,52.55,24.57,0,0,0,21.96,0.04,0.16,-109494.8927,-135075.314,25077.78492,0.948671273,502.6364282,-2012.034809,13348.88444,0,0,0,0,0,0,0,0,0,0,0,0,0,0,0,0,0,0,0,0,0,0,0,0,0,0,0,0,0,0,0,0,0,0,0,0,0,0,0,0,0,0,0,0,0,0,0,0,0,1,0,0,0,0,0,0,0,0,0,0,0,0,1,0,0,0,0,0,0,0,0,0,0,0,0,1,0,0,0,0,0,0,1,1,0,1,1,0,0,0,1,1,0,0,0,1,1,0,0,0,1,1,0,0,1,1,0,0,0,1,0,1,0,1,0,0,0,0,1,0,0,1,1,0,0,1,1,1,1,1,0,1,1,0,0,0,0,1,1,1,0,0,0,1,1,1,0,1,1,0,1,1,1,1,0,1,0,1,1,1,0,1,1,1,1,1,0,89.07,16.93,30.93,98.85,91.6,96.67,98.38,0.7628,0.1344,4.83,5.55,0.8,30.8,1.6,2.3,6.0,7.959
1.110289,0.774424242,0.534177,0.394878788,-12.986,1892.836626,33.21215977,0,0,1094.211271,23.50893796,0,0,9298.769638,136.2616387,405087.5586,2048.847536,699.7836091,13.03319729,0,0,-584.4379851,18.87222957,13640.83087,4.322867996,0,0,0.0,0,0,0,0,0,0.0,0,0,0,-129.1458207,-5731.211463,-332.5162956,25.47955628,1.774200161,-8348.190495,0,0,0.0,0,0,0,-54.78594217,-370.5918884,-0.818730583,-3.138579245,-0.01460544,471.8391789,0.373416911,0.208985512,0.099377411,3,189,63,41.59747153,49.09,25.09,0,81.35,0,0,40.17,0,0,12.88,198.9,0.0,36.76,15.98,0,0,0,31.25,11.83,6.03,-84622.13472,-104967.4834,19656.4151,0.610688134,688.933623,-1550.576763,10186.6375,0,0,0,0,0,0,0,0,0,0,0,0,0,0,0,0,0,0,0,0,0,0,0,0,0,0,0,0,0,0,0,0,0,0,0,0,1,0,0,0,0,0,0,0,0,0,0,0,0,1,0,0,0,0,0,0,0,1,0,1,0,0,1,0,0,0,0,0,0,0,0,0,0,0,0,1,0,0,0,0,0,1,1,0,0,1,1,0,1,0,1,1,0,0,0,1,0,0,1,0,1,1,0,0,1,1,0,0,0,1,0,1,0,1,0,0,0,0,1,0,1,1,1,0,0,1,1,1,1,1,0,1,1,0,0,0,0,1,1,1,1,0,0,1,1,1,1,1,1,0,1,1,1,1,0,1,0,1,1,1,0,1,1,1,1,1,0,93.09,7.49,48.4,98.74,90.52,95.35,98.09,0.7823,0.0242,4.88,5.49,0.8,30.2,1.6,2.4,5.83,9.097
12.816067,4.060375,1.869979,1.1344375,-7.261,1895.338419,28.51201897,0,0,1083.906384,21.23895055,0,0,9441.206874,368.9149589,405354.54,2046.387274,699.7052617,14.30180039,0,0,-605.210972,25.20755993,13659.86849,3.914352652,0,0,0.0,0,0,0,0,0,0.0,0,0,0,-187.2560293,-5829.097281,-420.513449,-94.95701433,-17.4165318,-8158.28017,0,0,0.0,0,0,0,-27.07508953,-350.9161297,-0.284580882,-9.907032163,-0.169473247,459.1796123,0.465700127,0.270517633,0.071332116,3,186,62,348.9126683,10.04,1.37,0,135.44,0,0,5.61,0,0,0.48,54.96,7.31,14.12,0.16,0,0,0,6.83,0.61,21.39,-84909.38439,-104980.5739,19664.84949,0.739350435,406.3400532,-1551.567703,10195.96551,0,0,0,0,0,0,0,0,0,0,0,0,0,0,0,0,0,0,0,0,0,0,0,0,0,0,0,0,0,0,0,0,0,0,0,0,0,0,0,0,0,0,0,0,0,0,0,0,0,0,0,0,0,0,1,0,0,0,0,0,0,0,0,0,0,0,0,0,0,0,0,0,0,0,0,0,0,0,0,1,0,0,1,0,0,0,1,0,0,1,0,1,0,0,0,1,0,1,0,0,1,1,0,0,1,1,0,0,0,1,0,1,0,1,0,0,0,0,1,0,0,0,0,0,0,1,0,1,1,1,0,1,1,1,0,1,1,0,1,1,1,0,1,1,1,1,1,1,0,0,0,1,1,1,1,1,1,1,1,1,0,1,1,1,1,1,0,93.09,7.49,48.4,98.74,90.52,95.35,98.09,0.7823,0.0242,4.88,5.49,0.8,30.2,1.6,2.4,5.83,8.091514981
5.818156,2.457684211,0.910958,0.580552632,-4.496,1899.593617,32.4798121,0,0,1074.481718,34.57609468,0,0,9460.413427,273.1408429,405410.4429,2084.493245,699.3917538,17.19872185,0,0,-574.6459128,31.59156353,13644.19418,3.871774589,0,0,0.0,0,0,0,0,0,0.0,0,0,0,-86.12005892,-5946.506582,-433.1944928,-78.19520004,5.366516507,-8323.936043,0,0,0.0,0,0,0,-48.97871072,-369.7372048,-0.758053754,-2.845368008,0.001209773,472.0103338,0.518696941,0.239370108,0.063678101,3,204,68,185.9857562,14.8,0.0,0,9.2,0,0,70.83,0,0,0.47,94.89,0.83,29.85,0.0,0,0,0,52.53,29.43,33.15,-84440.30667,-105028.1109,19668.57658,0.678837029,919.2276683,-1551.196491,10194.3654,0,0,0,0,0,0,0,0,0,0,0,0,0,0,0,0,0,0,0,0,0,0,0,0,0,0,0,0,0,0,0,0,0,0,0,0,0,0,0,0,0,0,0,0,0,0,0,0,0,0,0,0,0,0,1,0,0,1,0,0,0,0,0,0,0,0,1,0,0,0,0,0,1,0,0,0,0,0,0,0,0,0,0,0,1,0,0,0,0,1,1,1,0,1,0,1,0,1,1,0,0,1,0,0,1,1,0,0,1,0,0,1,1,1,0,0,1,0,0,0,0,0,0,1,0,1,1,1,1,0,0,1,1,1,0,0,1,1,0,1,1,1,0,1,1,1,1,0,0,1,1,1,1,0,1,0,1,1,1,1,1,1,1,1,1,1,0,93.09,7.49,48.4,98.74,90.52,95.35,98.09,0.7823,0.0242,4.88,5.49,0.8,30.2,1.6,2.4,5.83,7.625251654
4.198004,2.528444444,0.190516,0.170055556,-8.055,1897.251299,10.06130328,0,0,1086.91413,9.10047072,0,0,9361.951051,157.7545938,405684.6596,2094.075944,698.8063215,8.35341585,0,0,-601.7217619,19.14149338,13648.26966,4.366326909,0,0,0.0,0,0,0,0,0,0.0,0,0,0,-2.836782323,-5860.789729,-416.6574413,-1.388884758,0.256354662,-8435.34747,0,0,0.0,0,0,0,-34.72775092,-357.1559336,-1.31161215,-0.452192686,-0.000309486,483.0424642,0.46905098,0.297351234,0.137190178,3,87,29,5.922390609,8.73,1.97,0,0.0,0,0,4.96,0,0,18.16,130.74,0.12,39.9,23.07,0,0,0,7.0,0.0,3.32,-84605.58929,-105133.556,19653.21608,0.718769691,874.7505855,-1551.233803,10199.69656,0,0,0,0,0,0,0,0,0,0,0,0,0,0,0,0,0,0,0,0,0,0,0,0,0,0,0,0,0,0,0,0,0,0,0,0,0,0,0,0,0,0,0,0,0,0,0,0,0,0,0,0,0,0,0,0,0,0,0,0,0,0,0,0,0,0,0,0,0,0,0,0,0,0,0,0,0,0,0,0,0,0,0,0,1,0,0,0,0,0,0,0,0,0,0,0,0,1,0,0,0,1,0,0,0,1,0,0,0,0,0,0,0,0,0,0,0,0,0,0,0,0,0,0,0,1,0,1,0,0,0,0,0,1,0,1,1,0,0,0,0,0,0,1,1,1,0,0,0,0,1,1,1,0,1,0,1,0,1,1,1,1,1,1,1,1,0,93.09,7.49,48.4,98.74,90.52,95.35,98.09,0.7823,0.0242,4.88,5.49,0.8,30.2,1.6,2.4,5.83,6.809948582
4.022707,2.723692308,1.326649,0.641153846,-4.526,1895.339376,32.57981445,0,0,1091.535132,35.94874554,0,0,9558.676875,327.7613752,405300.473,2089.28407,700.8011763,17.75156884,0,0,-600.4810039,32.07243793,13627.84044,4.324314091,0,0,0.0,0,0,0,0,0,0.0,0,0,0,-53.08500105,-6055.771804,-565.4311461,-112.3511544,0.35145474,-8198.610669,0,0,0.0,0,0,0,-45.57610649,-349.0616343,4.787070441,-6.90992326,-0.047853614,466.7236545,0.586350459,0.129417474,0.105002963,3,207,69,284.0332498,7.13,0.0,0,11.94,0,0,8.86,0,0,0.0,57.16,1.41,25.79,0.0,0,0,0,22.88,41.89,53.71,-84755.36166,-104981.5059,19663.81861,0.687419438,562.325664,-1550.690027,10191.86164,0,0,0,0,0,0,0,0,0,0,0,0,0,0,0,0,0,0,0,0,0,0,0,0,0,0,0,0,0,0,0,0,0,0,0,0,0,0,0,0,0,0,0,0,0,0,0,0,0,0,0,0,0,1,1,0,0,1,0,0,0,0,0,0,0,0,1,0,0,0,0,0,1,0,0,0,0,0,0,0,0,0,1,0,1,0,0,0,0,1,1,1,0,1,0,1,0,1,1,0,0,1,0,0,1,1,0,0,1,1,0,1,1,1,0,0,0,0,0,0,0,0,0,1,0,1,1,1,1,1,0,1,1,1,0,0,1,1,0,1,1,0,0,1,1,1,1,0,0,1,1,1,1,1,1,1,1,1,1,1,1,1,1,1,1,1,0,93.09,7.49,48.4,98.74,90.52,95.35,98.09,0.7823,0.0242,4.88,5.49,0.8,30.2,1.6,2.4,5.83,6.664542099
1.982917,1.639,0.178196,0.164294118,-8.359,1896.162799,7.256166723,0,0,1092.501717,9.011491881,0,0,9573.924646,147.0104739,404859.7927,2133.491602,699.8703253,7.070442586,0,0,-597.7041167,15.85529273,13624.58981,4.145977932,0,0,0.0,0,0,0,0,0,0.0,0,0,0,-7.361481694,-6071.564568,-635.0853605,-3.93524824,0.081222664,-8301.903085,0,0,0.0,0,0,0,-30.60074006,-363.6497061,6.42433457,-0.361715662,-0.003548295,477.2348971,0.61913587,0.120994969,0.073323672,3,78,26,11.58686014,11.0,15.29,0,0.0,0,0,35.33,0,0,7.31,104.24,0.0,29.18,6.78,0,0,0,1.24,0.0,0.48,-84787.86146,-104959.9131,19614.60241,1.203097961,557.4492225,-1548.048349,10178.82808,0,0,0,0,0,0,0,0,0,0,0,0,0,0,0,0,0,0,0,0,0,0,0,0,0,0,0,0,0,0,0,0,0,0,0,0,0,0,0,0,0,0,0,0,0,0,0,0,0,0,0,0,0,0,0,0,0,0,0,0,0,0,0,0,0,0,0,0,0,0,0,0,0,0,0,0,0,0,0,0,0,0,0,0,1,0,0,0,0,0,0,0,0,0,0,0,0,0,0,0,0,1,0,0,0,1,0,0,0,0,0,0,0,0,0,0,0,0,0,0,0,0,0,0,0,1,0,1,0,0,0,0,0,1,0,1,1,0,0,0,0,0,0,1,1,1,0,0,0,0,0,1,1,0,1,0,1,0,1,1,0,1,1,1,1,1,0,93.09,7.49,48.4,98.74,90.52,95.35,98.09,0.7823,0.0242,4.88,5.49,0.8,30.2,1.6,2.4,5.83,6.571703186
2.188946,1.958111111,0.238089,0.190944444,-8.163,1896.824837,6.5988083,0,0,1073.059074,7.582411375,0,0,9321.203902,138.306551,404818.6885,2084.353749,700.0422103,7.418128081,0,0,-590.7486511,15.52944238,13626.12931,4.372752456,0,0,0.0,0,0,0,0,0,0.0,0,0,0,-15.60683755,-5812.374197,-384.390962,-5.390125975,0.08477995,-8448.066903,0,0,0.0,0,0,0,-32.41888143,-372.3772728,-1.084082975,0.395887725,-7.32e-06,483.7369763,0.558635157,0.30724697,0.039381526,3,78,26,3.299531469,12.78,20.01,0,0.0,0,0,41.14,0,0,10.53,103.33,0.0,39.8,5.93,0,0,0,0.0,0.0,1.14,-84877.50187,-104986.5219,19615.56667,0.784349628,493.4533181,-1547.988401,10178.80793,0,0,0,0,0,0,0,0,0,0,0,0,0,0,0,0,0,0,0,0,0,0,0,0,0,0,0,0,0,0,0,0,0,0,0,0,0,0,0,0,0,0,0,0,0,0,0,0,0,0,0,0,0,0,0,0,0,0,0,0,0,0,0,0,0,0,0,0,0,0,0,0,0,0,0,0,0,0,0,0,0,0,0,0,0,0,0,0,0,0,0,0,0,0,0,0,0,0,0,0,0,1,0,0,0,1,0,0,0,0,0,0,0,1,0,0,0,0,0,0,0,0,0,0,0,1,0,1,0,0,0,1,0,0,0,0,1,0,0,1,1,0,0,1,1,1,1,0,0,0,0,0,1,0,1,0,0,1,0,1,0,0,1,1,1,1,0,93.09,7.49,48.4,98.74,90.52,95.35,98.09,0.7823,0.0242,4.88,5.49,0.8,30.2,1.6,2.4,5.83,6.508638306
2.063124,1.34005,0.30636,0.1994,-7.399,1897.722923,8.59894046,0,0,1079.991623,12.64723738,0,0,9317.994231,128.5148833,404734.017,2088.376001,700.2074675,8.9887494,0,0,-592.7500737,18.08034225,13621.88639,4.359918586,0,0,0.0,0,0,0,0,0,0.0,0,0,0,-5.413572665,-5805.564543,-381.7112252,0.175897872,-0.007924592,-8463.73615,0,0,0.0,0,0,0,-36.89232278,-368.7700428,-0.605688471,-1.311435892,-0.00027197,484.4189224,0.539740481,0.129904192,0.091008015,3,87,29,4.595688312,15.44,6.65,0,0.0,0,0,27.9,0,0,11.27,94.84,0.0,37.86,13.87,0,0,0,0.0,6.15,2.8,-84459.98345,-104928.5429,19614.68901,0.947160934,853.8704724,-1547.427724,10176.34601,0,0,0,0,0,0,0,0,0,0,0,0,0,0,0,0,0,0,0,0,0,0,0,0,1,0,0,0,0,0,0,0,0,0,0,0,0,0,0,0,0,0,0,0,0,0,0,0,0,1,0,0,0,0,0,0,1,0,0,0,0,0,0,1,0,0,0,0,0,0,1,1,0,0,0,0,0,0,0,0,0,0,0,0,0,0,0,0,0,0,0,0,0,0,1,0,0,1,0,0,0,1,1,0,0,1,0,0,0,0,0,0,0,0,0,0,0,0,0,1,0,0,1,0,1,1,0,1,0,0,1,0,0,1,0,1,1,0,0,0,1,0,0,1,1,1,1,0,1,0,1,0,1,0,1,0,1,0,1,1,1,1,1,1,1,1,0,93.09,7.49,48.4,98.74,90.52,95.35,98.09,0.7823,0.0242,4.88,5.49,0.8,30.2,1.6,2.4,5.83,6.268491816
1.94914,1.061823529,0.175598,0.146294118,-7.965,1895.218401,7.482605287,0,0,1081.941742,7.000022075,0,0,9469.592815,105.3103134,404858.7826,2098.981922,701.5646958,7.098207853,0,0,-604.2770424,15.72184645,13615.05651,4.345709345,0,0,0.0,0,0,0,0,0,0.0,0,0,0,-3.35023205,-6048.017073,-444.2723947,0.263338718,0.168714108,-8419.374569,0,0,0.0,0,0,0,-34.08412296,-350.6488713,0.763589267,-0.891156816,-0.000220892,482.4456505,0.333990829,0.218072299,0.127502363,3,81,27,6.933716284,15.32,2.84,0,0.0,0,0,11.94,0,0,10.94,120.75,0.0,43.42,2.29,0,0,0,0.78,0.0,0.0,-84325.24338,-104952.774,19613.46145,0.629529978,1014.069145,-1547.95261,10176.71139,0,0,0,0,0,0,0,0,0,0,0,0,0,0,0,0,0,0,0,0,0,0,0,0,0,0,0,0,0,0,0,0,0,0,0,0,0,0,0,0,0,0,0,0,0,0,0,0,0,0,0,0,0,0,0,0,0,0,0,0,0,0,0,0,0,0,0,0,0,0,0,0,0,0,0,0,0,0,0,0,0,0,0,0,0,0,0,0,0,0,0,0,0,0,0,0,0,0,0,0,0,1,0,0,0,1,0,0,0,0,0,0,0,0,0,0,0,0,0,0,0,0,0,0,0,1,0,1,0,0,0,0,0,0,0,0,1,0,0,0,0,0,0,1,1,1,0,0,0,0,0,0,1,0,1,0,0,0,0,1,1,0,1,1,1,1,0,93.09,7.49,48.4,98.74,90.52,95.35,98.09,0.7823,0.0242,4.88,5.49,0.8,30.2,1.6,2.4,5.83,6.161654731
2.572745,1.1495,0.392165,0.1542,-6.625,1897.343989,9.15404817,0,0,1063.152527,9.750279065,0,0,9547.007084,177.7892259,404639.0268,2150.359839,700.4699181,8.830807735,0,0,-580.4179931,17.60373877,13595.7793,4.597055742,0,0,0.0,0,0,0,0,0,0.0,0,0,0,-8.719747783,-6099.401567,-559.0088829,-87.52217999,-107.0992909,-8378.240528,0,0,0.0,0,0,0,-32.10220552,-373.7097567,3.65712665,3.911705665,4.138378785,488.090289,0.458319352,0.262384806,0.093859596,3,87,29,7.385103896,10.74,43.01,0,0.0,0,0,28.52,0,0,13.14,109.35,0.0,48.5,0.55,0,0,0,3.14,0.0,0.01,-84533.29072,-105077.8192,19604.41249,1.107974959,940.1160223,-1547.009783,10172.1544,0,0,0,0,0,0,0,0,0,0,0,0,0,0,0,0,0,0,0,0,0,0,0,0,0,0,0,0,0,0,0,0,0,0,0,0,0,0,0,0,0,0,0,0,0,0,0,0,0,0,0,0,0,1,0,0,0,0,0,0,0,0,0,0,0,0,0,0,0,0,0,0,0,0,0,0,0,0,0,0,0,0,0,0,0,0,0,0,0,1,0,0,0,0,0,0,0,0,0,0,0,1,0,0,0,1,0,0,0,0,0,0,0,1,0,0,0,0,0,0,0,0,0,0,0,1,0,1,0,0,0,1,0,0,0,0,1,0,0,1,1,0,0,1,1,1,1,0,0,0,0,0,1,0,1,0,0,1,0,1,1,0,1,1,1,1,0,93.09,7.49,48.4,98.74,90.52,95.35,98.09,0.7823,0.0242,4.88,5.49,0.8,30.2,1.6,2.4,5.83,6.113509275
2.687626,1.681166667,0.541662,0.256444444,-8.785,1895.074694,9.053126458,0,0,1073.252568,6.947388096,0,0,9476.310464,106.0269465,404872.86,2112.656018,699.4565326,7.433750483,0,0,-585.170623,15.92464852,13610.2682,4.009669713,0,0,0.0,0,0,0,0,0,0.0,0,0,0,-5.070511403,-6041.956701,-449.6503398,-0.245088882,0.365294883,-8442.558468,0,0,0.0,0,0,0,-35.1412091,-361.9129918,0.265102365,-1.494666578,-0.002044844,483.2985921,0.376118492,0.191357762,0.141750205,3,90,30,13.39902797,0.5,0.0,0,0.0,0,0,0.0,0,0,12.31,103.65,0.0,55.79,25.21,0,0,0,1.98,4.34,5.22,-84656.46951,-104941.1806,19616.38237,0.913146463,668.3287015,-1548.092542,10176.74679,0,0,0,0,0,0,0,0,0,0,0,0,0,0,0,0,0,0,0,0,0,0,0,0,0,0,0,0,0,0,0,0,0,0,0,0,0,0,0,0,0,0,0,0,0,0,0,0,0,0,0,0,0,0,0,0,0,0,0,0,0,0,0,0,0,0,0,0,0,0,0,0,0,0,0,0,0,0,0,0,0,0,0,0,0,0,0,0,0,0,0,0,0,0,0,0,0,0,0,0,0,1,0,0,0,1,0,0,0,0,0,0,0,0,1,0,0,0,0,0,0,0,0,0,0,1,0,1,0,0,0,0,0,0,0,0,1,0,0,0,0,0,0,1,1,1,0,0,0,0,0,0,1,0,1,1,0,0,0,1,1,0,1,1,1,1,0,93.09,7.49,48.4,98.74,90.52,95.35,98.09,0.7823,0.0242,4.88,5.49,0.8,30.2,1.6,2.4,5.83,6.110082317
3.00768,2.340117647,0.197678,0.150941176,-7.59,1893.570145,5.891765221,0,0,1107.58217,6.602590292,0,0,9492.29438,102.296705,404971.4803,2096.006414,699.9712575,6.855540011,0,0,-599.323694,15.57445135,13625.4058,4.147517878,0,0,0.0,0,0,0,0,0,0.0,0,0,0,-2.082662974,-6093.036213,-448.5736427,-1.069259117,0.180186463,-8413.14354,0,0,0.0,0,0,0,-33.66630845,-359.2356956,-0.373705527,-0.808875581,-4.63e-05,483.3021205,0.648762671,0.198969182,0.056021647,3,72,24,6.614590818,7.97,3.52,0,0.0,0,0,6.82,0,0,10.91,100.26,0.0,35.3,6.23,0,0,0,0.74,0.0,6.28,-84581.97029,-104948.9854,19615.27393,0.533296536,751.7411589,-1548.12048,10178.83461,0,0,0,0,0,0,0,0,0,0,0,0,0,0,0,0,0,0,0,0,0,0,0,0,0,0,0,0,0,0,0,0,0,0,0,0,0,0,0,0,0,0,0,0,0,0,0,0,0,0,0,0,0,0,0,0,0,0,0,0,0,0,0,0,0,0,0,0,0,0,0,0,0,0,0,0,0,0,0,0,0,0,0,0,0,0,0,1,0,0,0,0,0,0,0,0,0,0,0,0,0,1,0,1,0,1,0,1,0,0,0,0,0,0,0,0,0,0,0,0,0,0,0,0,0,1,0,1,0,0,0,0,0,0,1,0,1,0,0,0,0,0,0,1,1,1,0,0,0,0,0,0,1,0,1,0,0,0,0,1,0,0,1,1,1,1,0,93.09,7.49,48.4,98.74,90.52,95.35,98.09,0.7823,0.0242,4.88,5.49,0.8,30.2,1.6,2.4,5.83,5.969764704
1.614274,0.935055556,0.18569,0.206833333,-8.082,1898.265558,11.40852865,0,0,1098.185217,10.67048308,0,0,9523.031088,220.6606253,404921.3726,2118.463413,702.3773337,8.99251737,0,0,-587.0787603,19.58341213,13618.02887,4.732963419,0,0,0.0,0,0,0,0,0,0.0,0,0,0,-5.923222353,-6067.418222,-547.2061152,0.627383476,0.364554178,-8359.2968,0,0,0.0,0,0,0,-32.8620857,-378.1361719,2.530551501,-0.607383896,-3.2e-06,482.1968104,0.266902908,0.26158856,0.172396949,3,84,28,4.105728543,23.54,14.64,0,0.0,0,0,39.8,0,0,3.84,107.17,0.0,52.27,15.16,0,0,0,0.01,0.0,0.1,-84764.44043,-104918.269,19615.92624,0.337562812,537.9023439,-1547.657873,10179.90323,0,0,0,0,0,0,0,0,0,0,0,0,0,0,0,0,0,0,0,0,0,0,0,0,0,0,0,0,0,0,0,0,0,0,0,0,0,0,0,0,0,0,0,0,0,0,0,0,0,0,0,0,0,0,0,0,0,0,0,0,0,0,0,0,0,0,0,0,0,0,0,0,0,0,0,0,0,0,0,0,0,0,0,0,1,0,0,0,0,0,0,0,0,0,0,0,0,1,0,0,0,1,0,0,0,1,0,0,0,0,0,0,0,0,0,0,0,0,0,0,0,0,0,0,0,1,0,1,0,0,0,1,0,1,0,1,1,0,0,0,0,0,1,1,1,1,0,0,0,0,0,1,1,0,1,0,1,0,1,1,0,1,1,1,1,1,0,93.09,7.49,48.4,98.74,90.52,95.35,98.09,0.7823,0.0242,4.88,5.49,0.8,30.2,1.6,2.4,5.83,5.663740448
1.543098,1.0763125,0.137,0.13875,-7.768,1895.470911,6.160554645,0,0,1079.343145,6.353215065,0,0,9557.883762,107.4175353,404922.8033,2108.037288,701.0226145,6.748917261,0,0,-589.396215,15.73415867,13620.18348,4.791689159,0,0,0.0,0,0,0,0,0,0.0,0,0,0,-2.578020449,-6124.905664,-505.9102566,0.036911937,0.005420502,-8372.917711,0,0,0.0,0,0,0,-30.78397294,-364.5266407,1.928381254,-0.6166014,-5.29e-07,480.0934633,0.404235579,0.190590755,0.177233417,3,72,24,3.911337325,11.82,10.15,0,0.0,0,0,17.1,0,0,4.41,92.32,0.0,39.14,12.52,0,0,0,0.25,0.0,0.03,-84525.53076,-104932.6557,19613.82437,0.582521714,793.3005806,-1548.118453,10177.75293,0,0,0,0,0,0,0,0,0,0,0,0,0,0,0,0,0,0,0,0,0,0,0,0,0,0,0,0,0,0,0,0,0,0,0,0,0,0,0,0,0,0,0,0,0,0,0,0,0,0,0,0,0,0,0,0,0,0,0,0,0,0,0,0,0,0,0,0,0,0,0,0,0,0,0,0,0,0,0,0,0,0,0,0,0,0,0,0,0,0,0,0,0,0,0,0,0,0,0,0,0,1,0,0,0,1,0,0,0,0,0,0,0,0,0,0,0,0,0,0,0,0,0,0,0,1,0,1,0,0,0,0,0,0,0,0,1,0,0,0,0,0,0,1,1,1,0,0,0,0,0,0,1,0,1,0,0,0,0,1,0,0,1,1,1,1,0,93.09,7.49,48.4,98.74,90.52,95.35,98.09,0.7823,0.0242,4.88,5.49,0.8,30.2,1.6,2.4,5.83,5.536390664
1.67136,1.117,0.523624,0.2492,-7.543,1895.787452,9.83602971,0,0,1092.008093,9.12930968,0,0,9379.948348,185.6272181,404846.4286,2091.944871,700.2042512,8.999636556,0,0,-579.7360123,18.34613217,13609.94444,4.33736098,0,0,0.0,0,0,0,0,0,0.0,0,0,0,-10.1492478,-5916.056692,-421.2976577,-6.573709222,0.001668007,-8429.814632,0,0,0.0,0,0,0,-35.90254932,-377.1204421,0.17857953,-0.12917041,-0.00010958,482.2768378,0.407963598,0.187148944,0.115479823,3,90,30,5.868828343,13.8,22.08,0,0.0,0,0,32.57,0,0,8.91,103.4,0.01,45.53,14.63,0,0,0,1.05,0.0,0.07,-84540.3749,-104937.5495,19616.8909,0.625724384,780.2836709,-1547.87519,10178.3635,0,0,0,0,0,0,0,0,0,0,0,0,0,0,0,0,0,0,0,0,0,0,0,0,0,0,0,0,0,0,0,0,0,0,0,0,0,0,0,0,0,0,0,0,0,0,0,0,0,0,0,0,0,0,0,0,0,0,0,0,0,0,0,0,0,0,0,0,0,0,0,0,0,0,0,0,0,0,0,0,0,0,1,0,0,0,0,0,0,1,0,1,0,0,0,0,0,0,0,0,0,1,0,0,0,1,0,0,0,1,0,0,0,1,0,0,0,0,0,0,0,0,0,0,0,1,0,1,0,0,0,1,0,0,0,0,1,0,0,1,1,0,0,1,1,1,1,0,0,0,0,0,1,1,1,1,0,1,0,1,0,0,1,1,1,1,0,93.09,7.49,48.4,98.74,90.52,95.35,98.09,0.7823,0.0242,4.88,5.49,0.8,30.2,1.6,2.4,5.83,5.399996913
7.169298,2.926809524,0.258012,0.208571429,-5.304,1900.229052,9.758114646,0,0,1085.382851,8.587792741,0,0,9482.863558,230.5619716,404576.6138,2159.11056,699.9596001,9.108176136,0,0,-588.7177141,19.65700911,13611.3469,4.441369262,0,0,0.0,0,0,0,0,0,0.0,0,0,0,-4.755383305,-5925.498865,-595.3157592,-145.4262229,-40.34567534,-8428.551136,0,0,0.0,0,0,0,-29.51662643,-367.1369999,4.134029273,2.832625434,0.354193895,490.2166297,0.564903946,0.184089387,0.104367928,3,84,28,88.92831537,8.05,0.0,0,0.9,0,0,0.0,0,0,0.0,47.47,54.65,22.35,0.16,0,0,0,5.79,18.88,32.86,-84813.72425,-105052.8216,19604.14767,0.578053421,634.9496889,-1547.186905,10173.23925,0,0,0,0,0,0,0,0,0,0,0,0,0,0,0,0,0,0,0,0,0,0,0,0,0,0,0,0,0,0,0,0,0,0,0,0,0,0,0,0,0,0,0,0,0,0,0,0,0,0,0,0,0,0,0,0,0,0,0,0,0,0,0,0,0,0,0,0,0,0,0,0,0,0,0,0,0,0,0,0,0,0,0,0,0,0,0,0,0,1,0,0,0,0,0,0,0,0,0,0,0,1,0,0,0,1,0,0,0,0,0,0,0,1,0,0,0,0,0,0,0,0,0,1,0,1,0,1,0,0,0,1,0,0,0,0,1,0,0,1,1,0,0,1,1,1,1,0,0,0,0,0,1,0,1,0,0,1,0,1,0,0,1,1,1,1,0,93.09,7.49,48.4,98.74,90.52,95.35,98.09,0.7823,0.0242,4.88,5.49,0.8,30.2,1.6,2.4,5.83,5.347395925
7.692902,3.816580645,2.597782,0.624967742,-6.13,1895.240653,21.78595092,0,0,1088.368701,34.98426367,0,0,9482.463202,315.0524702,405055.1541,2111.654118,701.01672,13.74811965,0,0,-601.7782589,22.4139515,13634.09834,4.397861871,0,0,0.0,0,0,0,0,0,0.0,0,0,0,-16.53340599,-5983.312363,-506.7656521,-53.41725191,-1.77826367,-8383.608949,0,0,0.0,0,0,0,-32.81492385,-360.7518371,2.138646673,-8.115667603,-0.04375122,481.1940325,0.523381221,0.231496498,0.086072929,3,153,51,237.384491,5.62,0.0,0,8.22,0,0,3.19,0,0,0.0,45.82,40.38,16.05,0.0,0,0,0,11.62,34.46,38.69,-84766.64432,-104962.5356,19639.88339,1.206289599,556.0078719,-1549.371355,10186.06481,0,0,0,0,0,0,0,0,0,0,0,0,0,0,0,0,0,0,0,0,0,0,0,0,0,0,0,0,0,0,0,0,0,0,0,0,0,0,0,0,0,0,0,0,0,0,0,0,0,0,0,0,0,1,1,0,0,1,0,0,0,0,0,0,0,0,0,0,0,0,0,0,1,0,0,0,0,0,0,0,0,0,1,0,0,0,0,0,0,1,1,1,0,0,0,0,0,0,1,0,0,1,0,0,0,1,0,0,0,1,0,0,0,1,0,0,0,0,0,0,0,0,0,1,0,1,1,1,0,0,0,1,1,0,0,0,1,1,0,1,1,0,0,1,1,1,1,0,0,0,1,0,1,1,1,1,0,1,0,1,1,0,1,1,1,1,0,93.09,7.49,48.4,98.74,90.52,95.35,98.09,0.7823,0.0242,4.88,5.49,0.8,30.2,1.6,2.4,5.83,5.244125144
3.39441,2.225166667,0.340426,0.4295,-3.368,1900.568131,9.444591464,0,0,1075.060838,23.20063486,0,0,9402.416528,243.5253917,404251.8654,2270.706565,702.837555,11.28018262,0,0,-608.6009865,19.20299869,13597.34767,4.572688537,0,0,0.0,0,0,0,0,0,0.0,0,0,0,78.51515526,-5833.534646,-572.2027463,-225.5846093,-300.1985615,-8498.515752,0,0,0.0,0,0,0,-28.13486022,-355.1485211,1.592797193,3.550957978,7.460543347,498.717445,0.582550092,0.165669822,0.080495336,3,84,28,104.4723393,8.12,0.0,0,42.21,0,0,0.01,0,0,0.0,37.96,100.28,8.81,0.0,0,0,0,12.07,4.07,12.45,-84824.08905,-105166.6877,19592.06234,0.541603139,750.536355,-1546.336599,10165.79818,0,0,0,0,0,0,0,0,0,0,0,0,0,0,0,0,0,0,0,0,0,0,0,0,1,0,0,0,0,0,0,0,0,0,0,0,0,0,0,0,0,0,0,0,0,0,0,0,0,1,0,0,0,0,0,0,1,0,0,0,0,0,0,1,0,0,0,0,0,0,1,1,0,0,0,0,0,0,0,0,0,0,0,0,0,0,0,0,0,1,0,0,0,0,1,0,0,1,0,0,0,1,1,0,0,1,0,0,0,0,0,0,0,1,0,0,0,0,0,1,0,0,1,0,1,1,0,1,0,0,1,1,0,1,0,1,1,0,0,1,1,0,1,1,1,1,1,0,1,0,0,0,1,0,1,0,1,1,1,1,0,1,1,1,1,1,0,93.09,7.49,48.4,98.74,90.52,95.35,98.09,0.7823,0.0242,4.88,5.49,0.8,30.2,1.6,2.4,5.83,5.050000457
4.332322,1.588333333,0.229992,0.161111111,-7.836,1906.085061,8.041823122,0,0,1062.997439,7.035407052,0,0,9481.145481,158.3163115,404912.6753,2107.177783,700.7886804,8.229154874,0,0,-580.0012251,18.88041505,13610.65569,4.331636158,0,0,0.0,0,0,0,0,0,0.0,0,0,0,-5.072549186,-6029.09356,-486.5765515,-5.714232229,-0.530662573,-8392.44939,0,0,0.0,0,0,0,-34.20146156,-368.0168104,0.317832623,-0.009447236,-2.41e-05,483.0308565,0.436937203,0.21955608,0.139091526,3,78,26,5.921670659,7.84,0.3,0,0.0,0,0,0.42,0,0,15.21,77.86,0.14,44.47,5.45,0,0,0,0.81,0.0,0.01,-84941.95304,-104934.7627,19615.33125,0.381892627,377.478379,-1547.750723,10178.80793,0,0,0,0,0,0,0,0,0,0,0,0,0,0,0,0,0,0,0,0,0,0,0,0,0,0,0,0,0,0,0,0,0,0,0,0,0,0,0,0,0,0,0,0,0,0,0,0,0,0,0,0,0,0,0,0,0,0,0,0,0,0,0,0,0,0,0,0,0,0,0,0,0,0,0,0,0,0,0,0,0,0,0,0,0,0,0,0,0,1,0,0,0,0,0,0,0,0,0,0,0,1,0,0,0,1,0,0,0,0,0,0,0,1,0,0,0,0,0,0,0,0,0,0,0,1,0,1,0,0,0,1,0,0,0,0,1,0,0,1,1,0,0,1,1,1,1,0,0,0,0,0,1,0,1,0,0,1,0,1,0,0,1,1,1,1,0,93.09,7.49,48.4,98.74,90.52,95.35,98.09,0.7823,0.0242,4.88,5.49,0.8,30.2,1.6,2.4,5.83,5.021230243
1.546798,0.996882353,0.353798,0.145411765,-8.29,1895.864351,6.360531251,0,0,1093.242291,6.629988779,0,0,9505.309255,123.0018493,404854.6865,2109.994354,700.9286863,7.153044789,0,0,-585.0025808,15.65903759,13624.40968,4.322660167,0,0,0.0,0,0,0,0,0,0.0,0,0,0,-15.8162956,-6005.502755,-526.6825314,0.006029496,0.228398702,-8359.905937,0,0,0.0,0,0,0,-30.01924418,-375.9801103,1.306345815,-0.54711475,-3.76e-07,480.5151397,0.290178263,0.246469618,0.188983956,3,75,25,2.067323353,15.08,26.65,0,0.0,0,0,58.78,0,0,6.54,83.75,0.0,34.83,11.09,0,0,0,0.0,0.0,0.03,-84692.41084,-104935.3457,19614.71619,0.397627833,628.2186729,-1547.876841,10178.28043,0,0,0,0,0,0,0,0,0,0,0,0,0,0,0,0,0,0,0,0,0,0,0,0,0,0,0,0,0,0,0,0,0,0,0,0,0,0,0,0,0,0,0,0,0,0,0,0,0,0,0,0,0,0,0,0,0,0,0,0,0,0,0,0,0,0,0,0,0,0,0,0,0,0,0,0,0,0,0,0,0,0,0,0,0,0,0,0,0,0,0,0,0,0,0,0,0,0,0,0,0,1,0,0,0,1,0,0,0,0,0,0,0,1,0,0,0,0,0,0,0,0,0,0,0,1,0,1,0,0,0,0,0,0,0,0,1,0,0,1,0,0,0,1,1,1,1,0,0,0,0,0,1,0,1,0,0,1,0,1,0,0,1,1,1,1,0,93.09,7.49,48.4,98.74,90.52,95.35,98.09,0.7823,0.0242,4.88,5.49,0.8,30.2,1.6,2.4,5.83,5.013299908
3.538726,2.549647059,0.490766,0.198,-8.177,1889.894671,7.052858476,0,0,1082.769169,7.893161712,0,0,9498.268823,101.8361068,513271.8995,2612.742906,699.9263384,7.551402329,0,0,-592.3523524,16.91488996,17315.86825,5.156490217,0,0,0.0,0,0,0,0,0,0.0,0,0,0,-3.326737013,-6089.789475,-428.6802146,-0.183174667,0.377852521,-10568.87974,0,0,0.0,0,0,0,-32.13112582,-357.0240595,0.195418684,-0.855862831,-0.000421717,592.0215883,0.43991154,0.252582323,0.141292373,3,72,24,7.473638723,8.84,0.01,0,0.0,0,0,0.56,0,0,15.07,96.49,2.44,23.33,12.15,0,0,0,3.4,0.0,0.55,-105426.0289,-130260.213,24112.12562,0.610334045,722.0584913,-1933.243768,12819.94957,0,0,0,0,0,0,0,0,0,0,0,0,0,0,0,0,0,0,0,0,0,0,0,0,0,0,0,0,0,0,0,0,0,0,0,0,0,0,0,0,0,0,0,0,0,0,0,0,0,0,0,0,0,0,0,0,0,0,0,0,0,0,0,0,0,0,0,0,0,0,0,0,0,0,0,0,0,0,0,0,0,0,0,0,0,0,0,1,0,0,0,0,0,0,0,0,0,0,0,0,0,1,0,1,0,1,0,1,0,0,0,0,0,0,0,0,0,0,0,0,0,0,0,0,0,1,0,1,0,0,0,0,0,0,1,0,1,0,0,0,0,0,0,1,1,1,0,0,0,0,0,0,1,0,1,0,0,0,0,1,0,0,1,1,1,1,0,93.09,7.49,48.4,98.74,90.52,95.35,98.09,0.7823,0.0242,4.88,5.49,0.8,30.2,1.6,2.4,5.83,4.889800994
11.771051,2.96009375,1.815741,0.99465625,-3.697,1895.081066,16.12312036,0,0,1096.491174,24.56405503,0,0,9459.037293,163.8581391,404831.1473,2117.304572,699.9864561,8.306969501,0,0,-596.4476386,18.09367364,13620.21005,4.245375157,0,0,0.0,0,0,0,0,0,0.0,0,0,0,-32.92683296,-5913.30879,-510.9102774,0.455579582,0.685018285,-8384.904629,0,0,0.0,0,0,0,-34.91562762,-375.5361717,0.174797019,-0.838826437,-8.51e-05,482.6639162,0.412150181,0.174400334,0.134068488,3,186,62,441.8636593,21.92,0.1,0,88.51,0,0,23.06,0,0,0.02,15.62,2.77,0.0,19.54,0,0,0,0.04,9.24,0.0,-117000.1681,-146132.5541,27857.15116,0.568940508,1275.234878,-2148.238741,13905.02069,0,0,0,0,0,0,0,0,0,0,0,0,0,0,0,0,0,0,0,0,0,0,0,0,0,0,0,0,0,0,0,0,0,0,0,0,0,0,0,0,0,0,0,0,0,0,0,0,0,0,0,0,0,0,1,0,0,0,0,0,0,0,0,0,0,0,0,0,0,0,0,0,0,0,0,0,0,0,0,1,0,0,1,0,0,0,1,0,0,1,0,1,0,0,0,1,0,1,0,0,1,1,0,0,1,1,0,0,0,1,0,1,0,1,0,0,0,0,1,0,0,0,0,0,0,1,0,1,1,1,0,1,1,1,0,1,1,0,1,1,1,0,1,1,1,1,1,1,0,0,0,1,1,1,1,1,1,1,1,1,0,1,1,1,1,1,0,90.91,12.77,32.31,98.99,87.88,96.96,98.44,0.7137,0.0651,30.07,4.0,0.8,30.5,1.4,1.9,2.7,7.586700236
7.15329,1.771766667,2.571492,0.731233333,-3.14,3487.010708,26.76039153,0,0,1768.453371,17.276623,0,0,16862.70088,320.3489381,547616.5408,3266.910126,1292.893369,12.88040592,0,0,-1286.355969,22.85901279,18372.5781,4.705559906,0,0,0.0,0,0,0,0,0,0.0,0,0,0,49.44182212,-9650.759918,-1656.03232,-148.3914715,-192.4149518,-11159.73992,0,0,0.0,0,0,0,-24.34552695,-506.4589883,-17.10813208,-12.6245447,-0.937392931,580.3945574,0.482107338,0.205581505,0.115780749,3,180,60,337.7343094,27.53,10.2,0,43.47,0,0,113.72,0,0,0.23,0.04,2.01,0.0,0.22,0,0,0,1.66,3.26,0.08,-117529.7264,-146043.4245,27851.78423,0.668498793,661.9139264,-2147.366863,13901.87902,0,0,0,0,0,0,0,0,0,0,0,0,0,0,0,0,0,0,0,0,0,0,0,0,0,0,0,0,0,0,0,0,0,0,0,0,0,0,0,0,0,0,0,0,0,0,0,0,0,0,0,0,0,0,1,0,0,0,0,0,0,0,0,0,0,0,0,0,0,0,0,0,0,0,0,0,0,0,0,1,0,0,1,0,0,0,1,0,0,0,0,1,0,0,0,1,0,1,0,0,1,1,0,0,1,1,0,0,0,1,0,1,0,0,0,0,0,0,1,0,0,0,0,0,0,1,0,1,1,1,0,1,1,1,0,1,1,0,1,1,1,0,1,1,1,1,1,1,0,0,0,1,1,1,1,1,1,1,1,1,0,1,1,1,1,1,0,90.91,12.77,32.31,98.99,87.88,96.96,98.44,0.7137,0.0651,30.07,4.0,0.8,30.5,1.4,1.9,2.7,6.436163081
36.44339,37.14033333,0.769668,0.766555556,-6.601,1895.081066,16.12312036,0,0,1096.491174,24.56405503,0,0,9459.037293,163.8581391,404831.1473,2117.304572,699.9864561,8.306969501,0,0,-596.4476386,18.09367364,13620.21005,4.245375157,0,0,0.0,0,0,0,0,0,0.0,0,0,0,-32.92683296,-5913.30879,-510.9102774,0.455579582,0.685018285,-8384.904629,0,0,0.0,0,0,0,-34.91562762,-375.5361717,0.174797019,-0.838826437,-8.51e-05,482.6639162,0.780936271,0.115184719,0.042735448,3,90,30,356.4676906,6.01,23.93,0,5.8,0,0,25.45,0,0,0.19,2.31,7.76,0.0,0.44,0,0,0,0.39,0.22,1.53,-229066.4013,-282154.0433,52041.77776,1.67776175,1045.864275,-4218.791998,28117.59129,0,0,0,0,0,0,0,0,0,0,0,0,0,0,0,0,0,0,0,0,0,0,0,0,0,0,0,0,0,0,0,0,0,0,0,0,0,0,0,0,0,0,0,0,0,0,0,0,0,0,0,0,0,1,1,0,0,0,0,0,0,0,0,0,0,0,0,0,0,0,0,0,1,0,0,0,0,0,0,0,0,0,0,0,0,0,0,0,0,1,0,0,0,0,0,0,0,0,0,1,0,0,0,0,0,0,0,0,0,0,0,0,0,1,0,0,0,0,0,0,0,0,0,0,0,1,0,1,0,0,0,1,0,0,0,0,0,0,0,1,1,0,0,1,1,1,1,0,0,0,1,0,1,0,0,0,0,1,0,1,0,0,1,1,1,1,0,90.91,12.77,32.31,98.99,87.88,96.96,98.44,0.7137,0.0651,30.07,4.0,0.8,30.5,1.4,1.9,2.7,6.186218922
14.520484,6.378761905,1.303164,0.934095238,-4.29,1895.081066,16.12312036,0,0,1096.491174,24.56405503,0,0,9459.037293,163.8581391,404831.1473,2117.304572,699.9864561,8.306969501,0,0,-596.4476386,18.09367364,13620.21005,4.245375157,0,0,0.0,0,0,0,0,0,0.0,0,0,0,-32.92683296,-5913.30879,-510.9102774,0.455579582,0.685018285,-8384.904629,0,0,0.0,0,0,0,-34.91562762,-375.5361717,0.174797019,-0.838826437,-8.51e-05,482.6639162,0.628353473,0.203025745,0.064827493,3,108,36,309.8749091,22.87,17.71,0,9.68,0,0,0.02,0,0,1.34,3.32,106.89,0.0,37.87,0,0,0,0.44,1.49,0.02,-117423.2534,-146291.0674,27919.97705,0.806041574,947.8369452,-2154.389267,13946.54721,0,0,0,0,0,0,0,0,0,0,0,0,0,0,0,0,0,0,0,0,0,0,0,0,0,0,0,0,0,0,0,0,0,0,0,0,0,0,0,0,0,0,0,0,0,0,0,0,0,0,0,0,0,0,0,0,0,0,0,0,0,0,0,0,0,0,0,0,0,0,0,0,0,0,0,0,0,0,0,0,0,0,0,0,0,0,0,0,0,1,0,0,0,1,0,0,0,0,0,1,0,0,0,0,0,0,0,0,0,0,0,0,0,1,0,0,0,0,0,0,0,0,0,0,0,1,1,1,0,0,0,0,0,0,0,0,0,0,0,1,1,0,0,1,1,1,1,0,0,1,1,0,1,0,1,0,0,1,0,1,1,0,1,1,1,1,0,90.91,12.77,32.31,98.99,87.88,96.96,98.44,0.7137,0.0651,30.07,4.0,0.8,30.5,1.4,1.9,2.7,5.286215547
8.852666,8.009178571,1.54417,1.578714286,-1.965,3489.350501,27.89378776,0,0,1786.443864,24.90452271,0,0,16972.18156,63.81482276,548261.7243,3081.214678,1285.789802,11.0382025,0,0,-1298.742914,21.78089309,18400.02292,4.898226923,0,0,0.0,0,0,0,0,0,0.0,0,0,0,-3.830639856,-10060.77079,-1471.497066,-23.6898707,-2.09804062,-11023.27694,0,0,0.0,0,0,0,-20.63593335,-488.2407593,-14.11247518,-22.35795672,-0.832971409,577.1942291,0.565063412,0.136482553,0.110103472,3,156,52,379.6134591,9.87,18.5,0,1.34,0,0,1.48,0,0,2.1,0.11,0.67,0.0,19.68,0,0,0,18.17,2.86,3.38,-117229.2724,-145950.5464,27869.68488,0.655200402,851.5891945,-2149.34887,13910.64637,0,0,0,0,0,0,0,0,0,0,0,0,0,0,0,0,0,0,0,0,0,0,0,0,0,0,0,0,0,0,0,0,0,0,0,0,0,0,0,0,0,0,0,0,0,0,0,0,0,0,0,0,0,0,0,0,0,0,0,0,0,0,0,0,0,0,0,0,0,0,0,0,1,0,0,0,0,0,0,0,0,0,0,0,0,0,0,0,0,1,0,0,0,1,0,0,0,0,0,1,0,0,0,0,0,0,0,0,0,0,0,0,0,1,0,0,0,0,0,0,0,0,0,0,0,1,1,1,0,0,0,0,0,0,0,0,0,0,0,0,1,1,0,1,1,1,1,0,0,1,1,0,1,0,1,0,0,1,0,1,1,0,1,1,1,1,0,90.91,12.77,32.31,98.99,87.88,96.96,98.44,0.7137,0.0651,30.07,4.0,0.8,30.5,1.4,1.9,2.7,5.236212739
9.52536,5.456434783,1.5161,1.197608696,-4.38,3484.988649,21.5566706,0,0,1794.706788,11.25169736,0,0,16808.28002,74.48542355,548361.0381,3096.222467,1289.640794,9.163479506,0,0,-1294.68032,18.80048351,18427.00831,4.601128223,0,0,0.0,0,0,0,0,0,0.0,0,0,0,-6.161564436,-9695.554057,-1471.416605,-13.91375957,-0.776072361,-11052.29924,0,0,0.0,0,0,0,-19.53228746,-517.3452852,-14.17985857,-17.80025858,-0.679606792,576.1775261,0.533175756,0.157604767,0.121865828,3,132,44,286.5301996,16.51,83.13,0,3.98,0,0,0.3,0,0,0.2,0.45,36.0,0.0,32.9,0,0,0,2.45,5.55,0.78,-117253.6768,-145985.1183,27873.42494,1.674625046,858.0165675,-2149.647044,13917.03712,0,0,0,0,0,0,0,0,0,0,0,0,0,0,0,0,0,0,0,0,0,0,0,0,0,0,0,0,0,0,0,0,0,0,0,0,0,0,0,0,0,0,0,0,0,0,0,0,0,0,0,0,0,0,0,0,0,0,0,0,0,0,0,0,0,0,0,0,0,0,0,0,0,0,1,0,0,0,0,0,0,0,0,0,0,1,1,0,0,1,0,0,0,1,0,0,0,0,0,1,0,0,0,0,0,0,0,0,0,0,0,0,0,1,0,0,0,0,0,0,0,0,1,0,0,1,1,1,0,0,0,0,0,1,0,1,0,0,0,0,0,1,0,1,1,1,1,0,1,1,1,0,1,0,1,0,1,1,1,1,1,1,1,1,1,1,0,90.91,12.77,32.31,98.99,87.88,96.96,98.44,0.7137,0.0651,30.07,4.0,0.8,30.5,1.4,1.9,2.7,5.136213347
26.118308,16.43338095,0.603688,0.321047619,-3.661,3487.14901,19.87099447,0,0,1802.508199,28.07192267,0,0,16826.90721,133.1289726,549008.4259,3097.309615,1291.60095,10.13637759,0,0,-1291.305507,18.3598366,18436.75761,4.886721275,0,0,0.0,0,0,0,0,0,0.0,0,0,0,-2.099032868,-9737.665462,-1515.131084,-14.92541777,-0.184391069,-11008.11313,0,0,0.0,0,0,0,-14.85597344,-519.6059642,-16.64707841,-17.45321948,-0.251872807,575.4838602,0.744755149,0.161007882,0.058310512,3,108,36,306.1255768,1.39,36.57,0,13.07,0,0,1.6,0,0,2.6,0.0,8.34,3.78,5.44,0,0,0,0.13,0.12,10.35,-117421.8047,-146101.2743,27894.6383,1.604087824,784.8313339,-2151.752098,13933.37648,0,0,0,0,0,0,0,0,0,0,0,0,0,0,0,0,0,0,0,0,0,0,0,0,0,0,0,0,0,0,0,0,0,0,0,0,0,0,0,0,0,0,0,0,0,0,0,0,0,0,0,0,0,0,0,0,0,0,0,0,0,0,1,0,0,0,0,0,0,0,0,0,0,0,0,1,0,0,0,0,0,0,0,1,0,1,1,0,0,0,0,0,0,0,0,0,1,1,0,0,1,1,0,0,0,1,0,0,0,0,0,1,0,0,0,0,0,0,1,0,0,1,1,0,0,1,0,1,0,1,0,0,0,1,0,1,1,1,1,0,0,0,0,1,1,1,0,1,1,0,0,0,1,1,1,0,1,0,1,1,0,1,1,1,1,1,0,90.91,12.77,32.31,98.99,87.88,96.96,98.44,0.7137,0.0651,30.07,4.0,0.8,30.5,1.4,1.9,2.7,5.08621263
5.360384,3.70145,0.409376,0.321,-3.538,3478.150536,10.94867617,0,0,1814.821408,11.37109255,0,0,16918.30382,278.4085535,549358.0519,3065.066844,1291.756555,9.860506075,0,0,-1292.577321,21.57271541,18453.87023,4.510043471,0,0,0.0,0,0,0,0,0,0.0,0,0,0,-145.820487,-9815.221841,-1510.619092,-90.77789652,48.19664005,-10919.50955,0,0,0.0,0,0,0,-17.39805815,-510.1023404,-9.800454078,-4.978242733,-0.207380424,569.6513635,0.485541128,0.271644013,0.089137733,3,84,28,161.5829102,14.97,92.65,0,0.0,0,0,0.69,0,0,1.41,0.01,5.0,0.0,18.7,0,0,0,1.37,0.2,0.65,-117645.6341,-146186.0128,27904.15047,0.835472515,636.2282762,-2153.575563,13943.08796,0,0,0,0,0,0,0,0,0,0,0,0,0,0,0,0,0,0,0,0,0,0,0,0,0,0,0,0,0,0,0,0,0,0,0,0,0,0,0,0,0,0,0,0,0,0,0,0,0,0,0,0,0,1,0,0,0,0,0,0,0,0,0,0,0,0,0,0,0,0,0,0,0,0,0,0,0,0,0,0,0,0,0,0,1,0,0,0,0,0,0,0,0,0,0,0,0,1,0,0,0,1,0,0,0,1,0,0,0,0,0,0,0,0,0,0,0,0,0,0,0,0,0,1,0,1,0,1,0,0,0,1,0,1,0,1,1,0,0,1,1,0,0,1,1,1,1,0,0,0,1,1,1,0,1,0,1,1,1,1,0,1,1,1,1,1,0,90.91,12.77,32.31,98.99,87.88,96.96,98.44,0.7137,0.0651,30.07,4.0,0.8,30.5,1.4,1.9,2.7,5.036212173
17.142042,9.440666667,0.338721,0.184277778,-4.297,1895.081066,16.12312036,0,0,1096.491174,24.56405503,0,0,9459.037293,163.8581391,404831.1473,2117.304572,699.9864561,8.306969501,0,0,-596.4476386,18.09367364,13620.21005,4.245375157,0,0,0.0,0,0,0,0,0,0.0,0,0,0,-32.92683296,-5913.30879,-510.9102774,0.455579582,0.685018285,-8384.904629,0,0,0.0,0,0,0,-34.91562762,-375.5361717,0.174797019,-0.838826437,-8.51e-05,482.6639162,0.664119444,0.18707805,0.066409214,3,90,30,184.495967,7.46,0.0,0,19.65,0,0,1.57,0,0,2.13,11.31,2.54,0.32,7.87,0,0,0,9.25,8.32,3.4,-117387.3456,-146184.3053,27895.619,0.531014138,901.3406484,-2152.116872,13935.97363,0,0,0,0,0,0,0,0,0,0,0,0,0,0,0,0,0,0,0,0,0,0,0,0,0,0,0,0,0,0,0,0,0,0,0,0,0,0,0,0,0,0,0,0,0,0,0,0,0,0,0,0,0,1,0,0,0,0,0,0,0,0,0,0,0,0,0,0,0,0,0,0,0,0,0,0,0,0,1,0,0,0,0,0,0,0,0,0,0,0,1,1,0,0,0,0,0,1,0,0,0,1,0,0,1,1,0,0,0,0,0,1,0,1,0,0,0,0,1,1,0,0,0,0,0,1,0,1,0,0,0,1,0,1,0,0,0,0,0,1,0,0,1,1,1,1,0,1,0,0,0,1,1,0,0,0,1,1,0,1,0,1,1,1,1,1,0,90.91,12.77,32.31,98.99,87.88,96.96,98.44,0.7137,0.0651,30.07,4.0,0.8,30.5,1.4,1.9,2.7,4.986215108
7.448646,2.09534375,2.119712,0.99140625,-4.189,3483.747061,22.17307682,0,0,1817.306187,21.94975755,0,0,16779.32401,144.4749323,548590.1507,3041.813242,1288.326433,12.25890004,0,0,-1294.049918,23.16028301,18421.00492,4.705318086,0,0,0.0,0,0,0,0,0,0.0,0,0,0,-139.0717292,-9623.552159,-1412.996468,-92.95658095,42.52299098,-10962.99313,0,0,0.0,0,0,0,-28.12716688,-511.0111071,-15.64279925,-15.50207518,-0.292374835,574.9738511,0.493308341,0.117996102,0.071601319,3,159,53,321.079481,24.08,94.75,0,0.0,0,0,1.62,0,0,0.0,0.0,38.0,0.0,37.54,0,0,0,10.66,5.64,5.43,-117530.1406,-146048.9837,27892.16174,0.927462566,626.6814145,-2151.178104,13923.81308,0,0,0,0,0,0,0,0,0,0,0,0,0,0,0,0,0,0,0,0,0,0,0,0,0,0,0,0,0,0,0,0,0,0,0,0,0,0,0,0,0,0,0,0,0,0,0,0,0,0,0,0,0,1,0,0,0,0,0,0,0,0,0,0,0,0,0,0,0,0,0,0,0,0,0,0,0,0,0,0,0,0,0,0,0,0,0,0,0,1,0,0,0,1,0,0,0,0,0,1,0,0,0,0,0,0,0,0,0,0,0,0,0,1,0,0,0,0,0,0,0,0,0,0,0,1,1,1,0,0,0,1,0,0,0,0,1,0,0,1,1,0,0,1,1,1,1,0,0,1,1,0,1,0,1,0,0,1,0,1,1,0,1,1,1,1,0,90.91,12.77,32.31,98.99,87.88,96.96,98.44,0.7137,0.0651,30.07,4.0,0.8,30.5,1.4,1.9,2.7,4.949999402
16.710696,5.61735,1.53551,0.7495,-2.223,3479.056321,14.78879567,0,0,1793.289026,10.77488044,0,0,16920.76264,51.09604281,549293.5843,3058.308417,1290.369383,7.829526665,0,0,-1292.600821,17.0889255,18432.27994,4.660773624,0,0,0.0,0,0,0,0,0,0.0,0,0,0,-6.025585266,-10022.46046,-1396.924757,-10.26812275,0.348814582,-11046.49625,0,0,0.0,0,0,0,-25.93531813,-507.1724202,-16.36658005,-12.95350887,-0.096657122,574.5716747,0.589563238,0.274806358,0.078446033,3,108,36,229.7259581,0.06,0.0,0,0.24,0,0,0.58,0,0,2.5,0.12,7.75,1.57,0.03,0,0,0,51.52,0.29,13.67,-117635.0473,-146206.9866,27900.78524,0.940463948,671.1540364,-2152.635459,13935.37919,0,0,0,0,0,0,0,0,0,0,0,0,0,0,0,0,0,0,0,0,0,0,0,0,0,0,0,0,0,0,0,0,0,0,0,0,0,0,0,0,0,0,0,0,0,0,0,0,0,0,0,0,0,0,0,0,0,0,0,0,0,0,0,0,0,0,0,0,0,0,0,0,0,0,0,0,0,0,0,0,0,0,0,0,0,0,0,0,0,1,0,0,0,1,0,0,0,0,0,1,0,0,0,0,0,0,0,0,0,0,0,0,0,1,0,0,0,0,0,0,0,0,0,0,0,1,1,1,0,0,0,0,0,0,0,0,0,0,0,0,0,0,0,1,1,1,1,0,0,1,1,0,1,0,1,0,0,1,0,1,1,0,1,1,1,1,0,90.91,12.77,32.31,98.99,87.88,96.96,98.44,0.7137,0.0651,30.07,4.0,0.8,30.5,1.4,1.9,2.7,4.93621269
3.109518,1.247578947,0.955058,0.563789474,-7.194,1895.081066,16.12312036,0,0,1096.491174,24.56405503,0,0,9459.037293,163.8581391,404831.1473,2117.304572,699.9864561,8.306969501,0,0,-596.4476386,18.09367364,13620.21005,4.245375157,0,0,0.0,0,0,0,0,0,0.0,0,0,0,-32.92683296,-5913.30879,-510.9102774,0.455579582,0.685018285,-8384.904629,0,0,0.0,0,0,0,-34.91562762,-375.5361717,0.174797019,-0.838826437,-8.51e-05,482.6639162,0.540863478,0.233698557,0.106722046,3,90,30,127.4231198,1.23,0.02,0,0.43,0,0,0.01,0,0,0.01,0.0,12.28,0.0,5.25,0,0,0,0.75,18.8,0.05,-117751.2553,-146338.9583,27915.43965,0.733689697,672.2634042,-2154.743072,13947.44861,0,0,0,0,0,0,0,0,0,0,0,0,0,0,0,0,0,0,0,0,0,0,0,0,0,0,0,0,0,0,0,0,0,0,0,0,0,0,0,0,0,0,0,0,0,0,0,0,0,0,0,0,0,1,1,0,0,0,0,0,0,0,0,0,0,0,0,0,0,0,0,0,1,0,0,0,0,0,0,0,0,0,0,0,0,0,0,0,0,1,0,0,0,0,0,0,0,0,0,1,0,0,0,0,0,0,0,0,0,0,0,0,0,1,0,0,0,0,0,0,0,0,0,0,0,1,0,1,0,0,0,1,0,0,0,0,0,0,0,1,1,0,0,1,1,1,1,0,0,0,1,0,1,0,1,0,0,1,0,1,0,0,1,1,1,1,0,90.91,12.77,32.31,98.99,87.88,96.96,98.44,0.7137,0.0651,30.07,4.0,0.8,30.5,1.4,1.9,2.7,4.93621269
11.827248,7.18632,1.663238,1.01904,-4.111,3475.399615,18.50568619,0,0,1809.533558,17.78327086,0,0,16757.13458,104.034516,548662.0742,3093.847807,1288.054692,9.486393856,0,0,-1308.607063,15.67673005,18426.68342,4.943107474,0,0,0.0,0,0,0,0,0,0.0,0,0,0,-7.460600034,-9673.920613,-1423.908794,-27.90524857,-1.073954838,-11091.82941,0,0,0.0,0,0,0,-24.51549833,-498.6369099,-14.27068785,-13.97649379,-0.535678102,576.6185807,0.474216949,0.433709736,0.029809785,3,141,47,267.1061597,19.34,3.42,0,23.12,0,0,7.81,0,0,8.84,7.12,7.9,1.34,7.72,0,0,0,13.46,15.95,4.17,-117697.6962,-146090.7301,27889.23686,0.822630116,503.7970585,-2151.129156,13924.98756,0,0,0,0,0,0,0,0,0,0,0,0,0,0,0,0,0,0,0,0,0,0,0,0,0,0,0,0,0,0,0,0,0,0,0,0,0,0,0,0,0,0,0,0,0,0,0,0,0,0,1,0,0,0,0,0,0,0,0,0,0,0,0,0,0,0,0,0,0,0,0,0,0,0,1,0,1,0,0,0,0,0,0,0,0,0,0,0,0,1,1,0,0,1,0,0,0,0,0,1,0,0,0,0,0,0,0,0,1,0,0,0,0,1,0,0,1,0,0,0,0,0,0,0,0,1,1,1,0,0,0,1,0,0,0,0,0,0,0,1,1,1,0,1,1,1,1,0,0,1,1,0,1,0,1,1,0,1,0,1,1,0,1,1,1,1,0,90.91,12.77,32.31,98.99,87.88,96.96,98.44,0.7137,0.0651,30.07,4.0,0.8,30.5,1.4,1.9,2.7,4.88621369
22.358482,7.786714,1.526686,1.13365,-6.529,3474.90467,11.98678164,0,0,1804.65375,13.75763735,0,0,16887.15423,124.0686677,549239.4197,3141.518302,1290.224676,7.932769904,0,0,-1317.827427,13.85488967,18430.16432,4.487617239,0,0,0.0,0,0,0,0,0,0.0,0,0,0,-6.650942684,-9726.948283,-1602.896624,-29.91094841,-0.33112932,-11022.30718,0,0,0.0,0,0,0,-13.94067609,-501.3251485,-14.82025378,-13.05832619,-0.074991338,573.949327,0.661542561,0.203760142,0.078453048,3,102,34,309.464024,0.01,2.48,0,2.08,0,0,0.0,0,0,0.51,0.04,8.32,5.27,0.07,0,0,0,15.24,4.13,14.63,-117607.3026,-146189.1805,27903.68292,0.718484464,678.1949367,-2152.629592,13938.44405,0,0,0,0,0,0,0,0,0,0,0,0,0,0,0,0,0,0,0,0,0,0,0,0,0,0,0,0,0,0,0,0,0,0,0,0,0,0,0,0,0,0,0,0,0,0,0,0,0,0,0,0,0,1,0,0,0,0,0,0,0,0,0,0,0,0,0,0,0,0,0,0,0,0,0,0,0,0,0,0,0,0,0,0,0,0,0,0,0,1,0,0,0,1,0,0,0,0,0,1,0,0,0,0,0,0,0,0,0,0,0,0,0,1,0,0,0,0,0,0,0,0,0,0,0,1,1,1,0,0,0,1,0,0,0,0,0,0,0,1,1,0,0,1,1,1,1,0,0,0,1,0,1,0,1,0,0,1,0,1,1,0,1,1,1,1,0,90.91,12.77,32.31,98.99,87.88,96.96,98.44,0.7137,0.0651,30.07,4.0,0.8,30.5,1.4,1.9,2.7,4.83621269
3.233935,1.824863636,1.440934,0.975772727,-7.784,3487.422424,15.78331379,0,0,1784.540475,11.25666953,0,0,16890.7938,100.7085794,549613.0349,3003.662765,1290.340677,8.73922852,0,0,-1311.428395,17.73557274,18438.72825,4.75610908,0,0,0.0,0,0,0,0,0,0.0,0,0,0,-237.861429,-9871.83641,-1230.43867,-21.78616207,24.19430495,-11060.98889,0,0,0.0,0,0,0,-11.53381726,-487.3822847,-13.40724874,-11.55930571,-0.252807203,574.9396427,0.455537424,0.273786546,0.134111442,3,111,37,241.7954046,0.32,0.06,0,0.03,0,0,0.0,0,0,0.0,0.0,43.46,0.0,2.55,0,0,0,14.79,13.3,0.08,-117461.1628,-146293.3473,27917.23438,0.919271184,914.9501098,-2154.261834,13944.98804,0,0,0,0,0,0,0,0,0,0,0,0,0,0,0,0,0,0,0,0,0,0,0,0,0,0,0,0,0,0,0,0,0,0,0,0,0,0,0,0,0,0,0,0,0,0,0,0,0,0,0,0,0,1,0,0,0,0,0,0,0,0,0,0,0,0,0,0,0,0,0,0,1,0,0,0,0,0,0,0,0,0,0,0,0,0,0,0,0,1,0,0,0,1,0,0,0,0,0,1,0,0,0,0,0,0,0,0,0,0,0,0,0,1,0,0,0,0,0,0,0,0,0,0,0,1,1,1,0,0,0,1,0,0,0,0,0,0,0,1,1,0,0,1,1,1,1,0,0,1,1,0,1,0,1,0,0,1,0,1,1,0,1,1,1,1,0,90.91,12.77,32.31,98.99,87.88,96.96,98.44,0.7137,0.0651,30.07,4.0,0.8,30.5,1.4,1.9,2.7,4.83621269
9.056496,4.21595,0.36155,0.41855,-3.225,3490.157231,13.10230792,0,0,1780.141633,7.676625713,0,0,16871.92779,103.3588396,548848.5197,3092.93547,1290.43218,8.554021294,0,0,-1287.89846,19.1567439,18401.96738,5.020514105,0,0,0.0,0,0,0,0,0,0.0,0,0,0,-1.60403145,-9956.3911,-1414.036005,-9.408227739,-0.424408239,-11102.20642,0,0,0.0,0,0,0,-17.00194154,-507.7955876,-13.77489943,-15.11601665,-1.047711443,576.2037688,0.367474591,0.253853717,0.156885309,3,108,36,233.0295948,12.85,74.26,0,0.02,0,0,0.06,0,0,0.0,0.0,25.57,0.0,30.02,0,0,0,0.16,0.08,0.9,-117672.6773,-146087.4927,27881.96785,0.652139519,532.8475128,-2150.65204,13924.67106,0,0,0,0,0,0,0,0,0,0,0,0,0,0,0,0,0,0,0,0,0,0,0,0,0,0,0,0,0,0,0,0,0,0,0,0,0,0,0,0,0,0,0,0,0,0,0,0,0,0,0,0,0,0,0,0,0,0,0,0,0,0,0,0,0,0,1,0,0,0,0,0,0,0,1,0,0,0,0,0,0,0,0,0,0,0,0,0,0,0,0,0,0,0,0,0,0,0,0,0,0,1,0,0,0,1,0,0,0,0,0,0,1,0,0,0,0,0,0,0,0,0,0,0,0,1,0,1,0,0,0,0,0,0,0,0,1,0,0,0,0,1,0,1,1,1,0,0,0,1,0,0,1,0,1,0,0,0,0,1,1,0,1,1,1,1,0,90.91,12.77,32.31,98.99,87.88,96.96,98.44,0.7137,0.0651,30.07,4.0,0.8,30.5,1.4,1.9,2.7,4.786214046
11.200194,8.655913043,0.420752,0.339565217,-4.581,1895.081066,16.12312036,0,0,1096.491174,24.56405503,0,0,9459.037293,163.8581391,404831.1473,2117.304572,699.9864561,8.306969501,0,0,-596.4476386,18.09367364,13620.21005,4.245375157,0,0,0.0,0,0,0,0,0,0.0,0,0,0,-32.92683296,-5913.30879,-510.9102774,0.455579582,0.685018285,-8384.904629,0,0,0.0,0,0,0,-34.91562762,-375.5361717,0.174797019,-0.838826437,-8.51e-05,482.6639162,0.762237779,0.068387253,0.064950387,3,120,40,224.3259441,3.61,0.66,0,0.11,0,0,3.62,0,0,2.7,0.04,3.37,0.32,10.69,0,0,0,33.6,2.85,7.52,-117550.7073,-146084.2488,27898.0508,0.799561339,635.4907236,-2152.044549,13933.53788,0,0,0,0,0,0,0,0,0,0,0,0,0,0,0,0,0,0,0,0,0,0,0,0,0,0,0,0,0,0,0,0,0,0,0,0,0,0,0,0,0,0,0,0,0,0,0,0,0,0,0,0,0,0,0,0,0,1,0,0,0,0,1,0,0,0,0,0,0,0,0,0,0,0,0,1,0,0,0,0,0,0,0,0,0,1,1,0,0,0,0,0,0,0,0,1,0,1,1,0,1,1,0,0,0,1,0,0,0,1,0,1,0,0,0,0,0,0,1,0,1,1,1,0,0,1,0,1,1,1,0,0,1,1,0,1,1,1,1,0,0,0,0,1,1,1,1,1,1,0,0,0,1,1,1,0,1,1,1,1,1,1,1,1,1,1,0,90.91,12.77,32.31,98.99,87.88,96.96,98.44,0.7137,0.0651,30.07,4.0,0.8,30.5,1.4,1.9,2.7,4.786214046
5.345138,2.966611111,1.61907,1.111277778,-4.179,3487.471087,8.51488844,0,0,1799.548999,10.3792814,0,0,16939.17198,97.2021478,553979.2064,3165.83138,1290.448589,6.731277336,0,0,-1314.536215,13.32858935,18583.69653,5.389557162,0,0,0.0,0,0,0,0,0,0.0,0,0,0,-7.94855434,-9839.210493,-1575.258581,-20.6867009,-7.591256773,-11250.26201,0,0,0.0,0,0,0,-21.83507596,-489.620462,-16.54481711,-7.022608493,-0.774553118,591.7557214,0.715358079,0.108594672,0.058551816,3,90,30,132.9628822,1.36,0.0,0,0.19,0,0,1.34,0,0,0.1,0.12,5.09,0.0,0.1,0,0,0,8.1,11.22,2.92,-118839.0734,-147432.8573,28094.07375,0.758056124,499.7101773,-2169.692038,14053.04732,0,0,0,0,0,0,0,0,0,0,0,0,0,0,0,0,0,0,0,0,0,0,0,0,0,0,0,0,0,0,0,0,0,0,0,0,0,0,0,0,0,0,0,0,0,0,0,0,0,0,0,0,0,1,0,0,0,0,0,0,0,0,0,0,0,0,0,0,0,0,0,0,0,0,0,0,0,0,0,0,0,0,0,0,0,0,0,0,0,1,0,0,0,0,0,0,0,0,0,1,0,0,0,0,0,0,0,0,0,0,0,0,0,1,0,0,0,0,0,0,0,0,0,0,0,1,0,1,0,0,0,1,0,0,0,0,0,0,0,1,0,0,0,1,1,1,1,0,0,0,1,0,1,0,1,0,0,1,0,1,0,0,1,1,1,1,0,90.91,12.77,32.31,98.99,87.88,96.96,98.44,0.7137,0.0651,30.07,4.0,0.8,30.5,1.4,1.9,2.7,4.786214046
8.604556,4.891,0.562492,0.501181818,-3.253,3478.821045,15.1802492,0,0,1803.478362,16.19629575,0,0,16775.08295,120.2075904,548547.7803,3122.083632,1289.929409,9.333137759,0,0,-1297.311195,20.08039754,18411.91639,4.618741513,0,0,0.0,0,0,0,0,0,0.0,0,0,0,-1.717826424,-9738.667673,-1441.674445,-14.64346698,-0.483641957,-11117.49452,0,0,0.0,0,0,0,-13.36398798,-504.5975636,-14.95350217,-19.00315407,-0.870702797,576.5184914,0.447099828,0.17706026,0.106424056,3,117,39,316.4975988,7.07,52.65,0,0.0,0,0,0.39,0,0,0.0,0.04,4.82,0.0,31.76,0,0,0,0.29,0.27,0.07,-117375.1693,-146038.4246,27876.48507,0.850423907,786.7701702,-2150.453197,13920.87808,0,0,0,0,0,0,0,0,0,0,0,0,0,0,0,0,0,0,0,0,0,0,0,0,0,0,0,0,0,0,0,0,0,0,0,0,0,0,0,0,0,0,0,0,0,0,0,0,0,0,0,0,0,0,0,0,0,0,0,0,0,0,1,0,0,0,0,0,0,0,0,0,0,0,0,1,0,0,0,0,0,0,0,0,0,1,1,0,0,0,0,0,0,0,0,0,0,0,1,0,1,1,0,0,0,1,0,0,0,0,0,1,0,0,0,0,0,0,1,0,0,1,1,0,0,1,0,1,1,1,0,0,0,1,0,1,1,1,1,0,0,0,0,1,1,1,0,1,1,0,0,0,1,1,1,0,1,0,1,1,0,1,1,1,1,1,0,90.91,12.77,32.31,98.99,87.88,96.96,98.44,0.7137,0.0651,30.07,4.0,0.8,30.5,1.4,1.9,2.7,4.736212487
3.742662,1.12785,0.445654,0.3271,-4.902,3481.72439,8.526196547,0,0,1786.692786,13.87881021,0,0,16954.94609,155.0977609,549545.3886,3020.002114,1288.428749,9.707959047,0,0,-1299.291665,18.19617268,18457.33226,5.123357836,0,0,0.0,0,0,0,0,0,0.0,0,0,0,-193.8033559,-10016.88299,-1276.619294,-38.89556515,29.52216111,-11040.34868,0,0,0.0,0,0,0,-11.30464096,-514.7475214,-14.16676939,-7.008708243,-0.158892361,571.2341275,0.60792469,0.148974133,0.078711785,3,78,26,191.9913772,0.0,0.0,0,0.02,0,0,0.0,0,0,0.05,0.0,11.57,0.0,0.03,0,0,0,0.41,15.26,0.0,-117610.0046,-146272.8729,27905.98499,1.574580534,756.8832436,-2154.249329,13943.69077,0,0,0,0,0,0,0,0,0,0,0,0,0,0,0,0,0,0,0,0,0,0,0,0,1,0,0,0,0,0,0,0,0,0,0,0,0,0,0,0,0,0,0,0,0,0,0,0,0,1,0,0,0,0,0,0,1,0,0,0,0,0,0,1,0,0,0,0,0,0,1,1,0,0,0,0,0,0,0,0,0,0,0,0,0,0,0,0,0,1,0,0,0,0,1,0,0,1,0,0,0,1,1,0,0,1,0,0,0,0,0,0,0,1,0,0,0,0,0,1,0,0,1,0,1,1,0,1,0,0,1,0,0,1,0,1,1,0,0,1,1,0,0,1,1,1,1,0,1,0,0,0,1,0,1,0,1,1,1,1,0,1,1,1,1,1,0,90.91,12.77,32.31,98.99,87.88,96.96,98.44,0.7137,0.0651,30.07,4.0,0.8,30.5,1.4,1.9,2.7,4.6862129
18.500396,5.289466667,1.96529,1.525233333,-7.057,3486.712411,21.56005553,0,0,1773.628226,18.65528145,0,0,16822.86713,134.2430666,548422.5843,3076.7332,1290.142086,11.0095905,0,0,-1302.600021,17.32386712,18414.44777,4.883625297,0,0,0.0,0,0,0,0,0,0.0,0,0,0,-144.9880032,-9537.743629,-1541.941485,-130.143445,46.17956689,-10912.91437,0,0,0.0,0,0,0,-17.16185967,-512.4746094,-12.36035568,-15.00431231,-0.387092206,570.7334256,0.620076822,0.133471048,0.07982801,3,171,57,348.6055449,20.64,245.35,0,79.39,0,0,0.01,0,0,8.02,38.78,76.46,0.0,2.99,0,0,0,0.16,0.4,0.06,-117863.4193,-146115.3406,27891.30183,0.806155291,360.619539,-2151.523556,13923.32483,0,0,0,0,0,0,0,0,0,0,0,0,0,0,0,0,0,0,0,0,0,0,0,0,0,0,0,0,0,0,0,0,0,0,1,0,0,0,0,0,0,0,0,0,0,0,0,0,0,0,1,0,0,1,0,0,0,0,0,0,0,0,0,0,0,0,0,0,0,0,0,0,0,0,0,0,1,0,0,0,0,0,0,0,0,0,0,0,0,1,1,0,0,0,0,0,0,0,0,1,0,0,0,0,1,0,0,0,1,0,0,0,0,1,0,1,1,0,1,0,0,0,0,0,0,1,0,1,1,1,0,1,1,0,0,0,0,0,0,1,1,0,0,1,1,1,1,1,0,1,1,0,1,0,1,1,0,1,0,1,1,0,1,1,1,1,0,90.91,12.77,32.31,98.99,87.88,96.96,98.44,0.7137,0.0651,30.07,4.0,0.8,30.5,1.4,1.9,2.7,4.6862129
18.35539,16.44989474,0.623666,0.253947368,-3.391,3479.148331,11.63265601,0,0,1798.644623,12.28322824,0,0,16929.81929,133.2294095,549088.6312,3124.125279,1288.49573,8.926262565,0,0,-1326.424452,18.79142351,18430.12528,4.777304951,0,0,0.0,0,0,0,0,0,0.0,0,0,0,-1.603705213,-9799.234375,-1554.624404,-13.76000748,-0.58623617,-11027.64906,0,0,0.0,0,0,0,-14.699059,-493.8901405,-17.20841065,-14.46645661,-0.619087118,575.5219428,0.579823496,0.334487343,0.043541999,3,96,32,245.8122854,1.27,3.66,0,0.5,0,0,2.3,0,0,3.2,0.47,13.33,4.77,1.05,0,0,0,4.0,3.1,8.33,-117766.4427,-146120.5693,27895.30356,0.840297984,458.823052,-2151.991835,13934.36942,0,0,0,0,0,0,0,0,0,0,0,0,0,0,0,0,0,0,0,0,0,0,0,0,0,0,0,0,0,0,0,0,0,0,0,0,0,0,0,0,0,0,0,0,0,0,0,0,0,0,0,0,0,0,0,0,0,0,0,0,0,0,0,0,0,0,0,0,0,0,0,0,0,0,1,0,0,0,0,0,0,0,0,0,0,1,1,0,0,0,0,0,0,1,0,0,0,1,0,0,0,1,0,0,0,1,0,0,0,0,0,0,0,0,0,0,0,0,0,0,0,0,1,0,0,1,0,1,0,0,0,0,0,1,0,1,1,0,0,0,0,0,0,1,1,1,0,0,1,1,0,0,1,0,1,0,1,0,1,1,1,1,1,1,1,1,0,90.91,12.77,32.31,98.99,87.88,96.96,98.44,0.7137,0.0651,30.07,4.0,0.8,30.5,1.4,1.9,2.7,4.636213209
17.941304,10.13117647,1.143234,0.870470588,-3.531,3480.45155,8.041456516,0,0,1795.271685,8.434895992,0,0,16803.60131,53.45711117,549214.744,3114.470817,1290.784969,6.425936812,0,0,-1297.556777,13.01614903,18439.48536,4.903282787,0,0,0.0,0,0,0,0,0,0.0,0,0,0,-3.767901766,-9651.475744,-1538.789994,-9.371477929,0.475341253,-11038.54078,0,0,0.0,0,0,0,-12.8147351,-520.7135379,-13.76754018,-14.02031578,-0.221714508,576.3314702,0.585132315,0.261682199,0.059861301,3,84,28,258.391511,1.38,7.52,0,0.0,0,0,35.54,0,0,21.51,0.0,31.27,0.84,5.19,0,0,0,0.41,0.62,3.82,-117511.3492,-146202.0049,27898.51138,0.609074275,792.1442861,-2152.237167,13937.3826,0,0,0,0,0,0,0,0,0,0,0,0,0,0,0,0,0,0,0,0,0,0,0,0,0,0,0,0,0,0,0,0,0,0,0,0,0,0,0,0,0,0,1,0,0,0,0,0,0,0,0,0,0,0,0,0,0,0,0,0,0,0,0,0,0,0,0,0,0,0,0,0,0,0,0,0,0,0,0,0,0,0,0,0,0,0,0,1,0,0,0,0,0,0,0,0,0,0,0,1,0,0,0,0,0,0,0,1,0,0,0,0,0,0,0,0,0,0,0,0,0,0,0,0,0,1,0,0,0,0,0,0,0,0,1,0,0,0,0,0,0,0,0,0,1,1,0,0,0,0,1,0,1,0,1,0,0,0,0,0,0,0,1,1,1,1,0,90.91,12.77,32.31,98.99,87.88,96.96,98.44,0.7137,0.0651,30.07,4.0,0.8,30.5,1.4,1.9,2.7,4.636213209
14.62606,5.394318182,0.509772,0.346,-3.184,3473.73308,17.55368668,0,0,1788.754603,11.76382059,0,0,16960.32852,154.7880596,548919.3915,3127.124211,1288.987254,10.22057414,0,0,-1286.241679,21.46698587,18424.44307,4.702394824,0,0,0.0,0,0,0,0,0,0.0,0,0,0,-2.349762822,-9929.547101,-1563.630325,-17.00389752,-0.464482492,-11022.04691,0,0,0.0,0,0,0,-21.91101254,-502.0212449,-12.3016581,-14.49522755,-0.239452442,572.8222592,0.449760006,0.200792544,0.114528934,3,120,40,263.9595529,0.11,0.01,0,0.0,0,0,0.04,0,0,2.65,0.0,0.03,0.24,0.49,0,0,0,57.37,0.4,7.07,-117461.0821,-146093.4349,27891.12271,0.578304761,741.2301231,-2151.769636,13929.5907,0,0,0,0,0,0,0,0,0,0,0,0,0,0,0,0,0,0,0,0,0,0,0,0,0,0,0,0,0,0,0,0,0,0,0,0,0,0,0,0,0,0,0,0,0,0,0,0,0,0,0,0,0,0,0,0,0,0,0,0,0,0,0,0,0,0,0,0,0,0,0,0,0,0,1,0,0,0,0,0,1,0,0,0,0,1,1,0,0,0,0,0,0,1,0,0,0,1,0,0,0,1,0,0,0,1,0,0,0,0,0,0,0,0,0,0,0,0,0,0,0,0,1,0,0,1,0,1,0,0,0,0,0,1,0,1,1,0,0,0,0,1,1,1,1,1,0,0,1,1,0,0,1,0,1,0,1,0,1,1,1,1,1,1,1,1,0,90.91,12.77,32.31,98.99,87.88,96.96,98.44,0.7137,0.0651,30.07,4.0,0.8,30.5,1.4,1.9,2.7,4.586214232
11.547958,4.879055556,0.337052,0.227611111,-4.059,3484.364688,10.09804805,0,0,1804.425201,8.419627027,0,0,16826.42809,151.7578632,549092.1681,3095.15053,1289.875537,8.374659046,0,0,-1311.073409,19.17673148,18434.33406,4.831451732,0,0,0.0,0,0,0,0,0,0.0,0,0,0,-2.75417313,-9728.909363,-1509.623055,-12.71192115,-0.246390305,-11006.43587,0,0,0.0,0,0,0,-14.65857594,-508.8346004,-13.12150258,-12.92143309,-0.723223372,575.2174944,0.383128439,0.22758556,0.161828731,3,87,29,223.6748822,7.57,87.63,0,0.0,0,0,0.13,0,0,6.12,0.01,6.96,3.62,29.12,0,0,0,0.62,0.33,0.02,-117665.4036,-146150.2048,27893.86354,0.941650779,590.9377062,-2151.866305,13935.75235,0,0,0,0,0,0,0,0,0,0,0,0,0,0,0,0,0,0,0,0,0,0,0,0,0,0,0,0,0,0,0,0,0,0,0,0,0,0,0,0,0,0,0,0,0,0,0,0,0,0,0,0,0,0,0,0,0,0,0,0,0,0,0,0,0,0,0,0,0,0,0,0,0,0,0,0,0,0,0,0,0,0,0,0,0,0,0,0,0,0,0,0,0,1,0,0,0,1,0,0,0,1,0,0,0,1,0,0,0,0,0,0,0,0,0,0,0,0,0,0,0,0,0,0,0,1,0,1,0,0,0,0,0,1,0,1,1,0,0,0,0,0,0,1,1,1,0,0,0,0,0,1,1,0,1,0,1,0,1,1,1,1,1,1,1,1,0,90.91,12.77,32.31,98.99,87.88,96.96,98.44,0.7137,0.0651,30.07,4.0,0.8,30.5,1.4,1.9,2.7,4.536212986
7.450534,5.4125,1.352384,1.1441,-7.583,3479.512803,11.67683204,0,0,1797.385724,10.70084882,0,0,17058.97565,95.491421,549396.4626,3156.669716,1289.453473,7.616206251,0,0,-1300.467296,15.20640828,18441.19708,4.634562858,0,0,0.0,0,0,0,0,0,0.0,0,0,0,-4.875404497,-10068.22609,-1631.858849,-30.50138177,-0.766482692,-10995.49045,0,0,0.0,0,0,0,-23.36975991,-491.2890975,-17.17779092,-9.177775929,-0.078267865,572.9448787,0.496787099,0.220828333,0.092590003,3,102,34,207.0357485,1.2,0.36,0,0.01,0,0,0.14,0,0,0.0,0.0,7.15,0.0,0.97,0,0,0,11.7,10.55,1.64,-117625.3706,-146203.9231,27900.87044,0.368604719,677.6820042,-2152.68475,13937.40072,0,0,0,0,0,0,0,0,0,0,0,0,0,0,0,0,0,0,0,0,0,0,0,0,0,0,0,0,0,0,0,0,0,0,0,0,0,0,0,0,0,0,0,0,0,0,0,0,0,0,0,0,0,0,0,0,0,0,0,0,0,0,0,0,0,0,0,0,0,0,0,0,0,0,0,0,0,0,0,0,0,0,0,0,0,0,0,0,0,1,0,0,0,1,0,0,0,0,0,1,0,0,0,0,0,0,0,0,0,0,0,0,0,1,0,0,0,0,0,0,0,0,0,0,0,1,1,1,0,0,0,1,0,0,0,0,0,0,0,1,1,0,0,1,1,1,1,0,0,0,1,0,1,0,1,0,0,1,0,1,1,0,1,1,1,1,0,90.91,12.77,32.31,98.99,87.88,96.96,98.44,0.7137,0.0651,30.07,4.0,0.8,30.5,1.4,1.9,2.7,4.346787486
3.976086,0.669526316,1.423395,0.422526316,-8.645,3481.700716,9.011584413,0,0,1788.77802,13.03698055,0,0,16870.20507,128.5053908,549376.5818,3032.356258,1289.399077,7.015066648,0,0,-1297.492049,11.49787881,18441.03314,5.26849691,0,0,0.0,0,0,0,0,0,0.0,0,0,0,-263.6752805,-9718.445076,-1315.905588,3.789753335,21.64521846,-11021.14882,0,0,0.0,0,0,0,-16.29729597,-506.8606163,-15.02258264,-6.058317406,-0.063362611,572.7114965,0.521829331,0.184955187,0.076553961,3,90,30,95.84680719,0.0,0.0,0,36.11,0,0,0.0,0,0,0.0,0.93,176.81,0.0,0.06,0,0,0,0.05,14.43,0.0,-117347.4091,-146264.8332,27907.03077,0.597930498,1010.39327,-2153.624807,13942.23194,0,0,0,0,0,0,0,0,0,0,0,0,0,0,0,0,0,0,0,0,0,0,0,0,0,0,0,0,0,0,0,0,0,0,0,0,0,0,0,0,0,0,0,0,0,0,0,0,0,0,0,0,0,1,0,0,0,0,0,0,0,0,0,0,0,0,0,0,0,0,0,0,0,0,0,0,0,0,0,0,0,0,0,0,0,0,0,0,0,1,0,0,0,0,0,0,0,0,0,1,0,0,0,0,0,0,0,0,0,0,0,0,0,1,0,0,0,0,0,0,0,0,0,0,0,1,0,1,0,0,0,1,0,0,0,0,0,0,0,1,1,0,0,1,1,1,1,0,0,0,1,0,1,0,1,0,0,1,0,1,0,0,1,1,1,1,0,90.91,12.77,32.31,98.99,87.88,96.96,98.44,0.7137,0.0651,30.07,4.0,0.8,30.5,1.4,1.9,2.7,4.259637311
2.616684,1.912880952,1.504808,0.987428571,-11.67,1891.238725,31.89908783,0,0,1095.282508,27.07196132,0,0,9430.250605,267.0155789,394054.4608,306.8763524,701.5686872,16.66921083,0,0,-571.0948162,26.10092959,16679.84658,-1.3897e-06,0,0,0.0,0,0,0,0,0,0.0,0,0,0,-45.96783223,-6315.35187,-168.510047,-113.0738139,-2.060668475,-1000.834516,0,0,0.0,0,0,0,-55.3199895,-366.465771,2.870696823,-1.545359994,0.023069849,81.75252413,0.533624879,0.181140057,0.072416701,3,216,72,204.5258463,31.25,13.48,0,4.69,0,0,39.44,0,0,16.85,132.18,5.71,51.5,17.52,0,0,0,7.4,0.96,25.75,-86811.56572,-107704.0397,20267.17415,0.433630916,625.2998559,-1704.357654,10181.50197,0,0,0,0,0,0,0,0,0,0,0,0,0,0,0,0,0,0,0,0,0,0,0,0,0,0,0,0,0,0,0,0,0,0,0,0,0,0,0,0,0,0,0,0,0,0,0,0,0,1,1,0,0,0,0,0,0,1,0,0,0,0,1,0,0,0,0,0,0,0,0,0,0,0,0,1,1,0,0,0,0,0,1,0,0,1,1,0,0,1,0,1,0,0,0,1,0,1,1,1,1,1,0,0,1,1,0,0,1,1,0,1,0,1,0,0,0,0,1,0,1,1,1,1,0,1,1,1,1,1,0,1,1,1,0,1,1,1,1,1,1,0,1,1,1,1,1,1,1,0,1,1,1,1,1,1,1,1,1,1,1,1,1,1,1,1,0,93.09,7.49,48.4,98.74,90.52,95.35,98.09,0.7823,0.0242,4.88,5.49,0.8,30.2,1.6,2.4,5.83,9.721
3.490624,1.421275,1.383754,0.810125,-10.589,1898.912609,31.02446771,0,0,1099.328718,23.71973984,0,0,9577.02831,218.0444571,417668.1612,306.8730788,701.6102814,17.03701881,0,0,-599.9544083,30.46382423,14366.79958,-9.46542e-06,0,0,0.0,0,0,0,0,0,0.0,0,0,0,-67.19718608,-6531.365059,-81.35780594,-88.01809281,-1.765569229,-1105.197015,0,0,0.0,0,0,0,-57.41048876,-346.7138828,1.477143527,-0.580540176,0.005812571,83.94375303,0.570455812,0.096982833,0.078416263,3,201,67,122.3442455,30.2,35.54,0,0.24,0,0,43.16,0,0,14.08,140.75,61.79,77.91,16.19,0,0,0,9.47,2.0,7.33,-83142.25878,-103925.5749,20268.67552,0.734432979,514.6406322,-1605.916145,10520.45142,0,0,0,0,0,0,0,0,0,0,0,0,0,0,0,0,0,0,0,0,0,0,0,0,0,0,0,0,0,0,0,0,0,0,0,0,0,0,0,0,0,0,0,0,0,0,0,0,0,1,1,0,1,1,0,0,0,1,0,0,0,0,1,0,0,0,0,0,0,1,0,0,0,0,0,1,1,0,0,0,0,0,1,0,0,1,1,0,0,1,0,1,0,0,1,1,0,1,1,1,1,1,0,0,1,1,0,0,1,1,0,1,0,1,0,0,0,0,1,0,1,1,1,1,1,1,1,1,1,1,0,1,1,1,0,1,1,1,1,1,1,0,1,1,1,1,1,1,1,0,1,1,1,1,1,1,1,1,1,1,1,1,1,1,1,1,0,93.09,7.49,48.4,98.74,90.52,95.35,98.09,0.7823,0.0242,4.88,5.49,0.8,30.2,1.6,2.4,5.83,9.585
2.137164,1.252457143,1.220936,0.885514286,-13.201,1893.407135,33.50870951,0,0,1089.165917,30.63106589,0,0,9444.831766,121.0823773,417702.4982,265.7035993,700.179082,13.3498943,0,0,-586.334688,16.31049601,14381.45604,-8.58378e-06,0,0,0.0,0,0,0,0,0,0.0,0,0,0,-93.36609826,-6288.915203,-61.77112094,-6.808591697,-0.990702566,-957.883162,0,0,0.0,0,0,0,-54.74254701,-366.397699,0.996682303,-3.031884113,-0.000112066,71.24077679,0.467939432,0.175457315,0.063100748,3,210,70,84.28692415,36.74,24.99,0,45.35,0,0,41.84,0,0,12.05,182.92,1.66,76.09,14.08,0,0,0,20.98,0.1,10.66,-83038.17664,-103835.6494,20277.25538,0.640121604,520.2174066,-1606.346356,10522.87321,0,0,0,0,0,0,0,0,0,0,0,0,0,0,0,0,0,0,0,1,0,0,0,0,0,0,0,0,0,0,0,0,0,0,0,0,0,0,0,0,0,0,0,0,0,0,0,0,0,1,0,0,0,0,0,0,0,0,0,0,0,0,1,0,0,1,0,0,0,0,0,0,0,0,0,1,0,0,0,0,0,0,1,1,0,1,1,0,0,0,1,1,0,0,0,1,1,0,0,0,1,1,0,0,1,1,0,0,1,1,0,1,0,1,0,0,0,0,1,0,1,1,1,0,0,1,1,1,1,1,0,1,1,0,0,0,0,1,1,1,0,0,1,1,1,1,1,1,1,0,1,1,1,1,0,1,1,1,1,1,1,1,1,1,1,1,0,93.09,7.49,48.4,98.74,90.52,95.35,98.09,0.7823,0.0242,4.88,5.49,0.8,30.2,1.6,2.4,5.83,9.222
1.44429,1.093970588,0.999606,0.769029412,-12.333,1893.744502,26.80497623,0,0,1086.622198,32.34812826,0,0,9384.668025,162.3220384,417649.9686,265.5152415,701.4552723,13.25797754,0,0,-595.2858359,17.64333918,14379.07871,-1.10441e-05,0,0,0.0,0,0,0,0,0,0.0,0,0,0,-91.1587202,-6193.841687,-18.78628693,-8.44697445,-5.221469726,-999.0023181,0,0,0.0,0,0,0,-52.24615109,-360.2158266,0.641400371,-3.54035796,-5.17603e-05,72.82784831,0.327211085,0.150017688,0.126155414,3,186,62,88.88405988,38.36,19.27,0,38.46,0,0,42.79,0,0,21.81,155.26,0.25,46.01,11.1,0,0,0,20.33,1.38,10.56,-83364.36953,-103827.5297,20272.18055,0.347790324,190.9796353,-1606.027635,10522.67589,0,0,0,0,0,0,0,0,0,0,0,0,0,0,0,0,0,0,0,0,0,0,0,0,0,0,0,0,0,0,0,0,0,0,0,0,1,0,0,0,0,0,0,0,0,0,0,0,0,1,0,0,0,0,0,0,0,0,0,0,0,0,1,0,0,0,0,0,0,0,0,0,0,0,0,1,0,0,0,0,0,1,1,1,0,1,1,0,1,0,1,1,0,0,0,1,1,0,1,0,1,1,0,0,1,1,0,0,0,1,0,1,0,1,0,0,0,0,1,0,1,1,1,0,0,1,1,1,1,1,0,1,1,0,0,0,0,1,1,1,1,0,0,1,1,1,1,1,1,0,1,1,1,1,1,1,0,1,1,1,0,1,1,1,1,1,0,93.09,7.49,48.4,98.74,90.52,95.35,98.09,0.7823,0.0242,4.88,5.49,0.8,30.2,1.6,2.4,5.83,9.131
2.03010978,1.260862069,1.034236,0.57762069,-11.161,1892.251626,23.85307919,0,0,1107.028638,27.46585305,0,0,9395.979273,85.11363884,417613.8243,262.7363749,700.7105758,10.86632239,0,0,-590.4419161,16.49098302,14374.83519,6.89379e-07,0,0,0.0,0,0,0,0,0,0.0,0,0,0,-82.64839149,-6240.449956,-49.734328,-9.048841898,-1.924516619,-965.2669566,0,0,0.0,0,0,0,-45.7902673,-366.3361659,0.938121705,-3.224666645,-5.20526e-05,72.21546355,0.233092518,0.163296113,0.154218225,3,189,63,85.01857285,36.5,10.75,0,17.3,0,0,37.61,0,0,12.96,155.5,0.1,58.78,22.46,0,0,0,8.96,1.89,5.04,-82895.39871,-103805.8611,20266.86439,0.528744794,643.5979684,-1605.758233,10519.82048,0,0,0,0,0,0,0,0,0,0,0,0,0,0,0,0,0,0,0,0,0,0,0,0,0,0,0,0,0,0,0,0,0,0,0,0,0,0,0,0,0,0,0,0,0,0,0,0,0,1,1,0,0,0,0,0,0,0,0,0,0,0,0,0,0,0,0,0,0,0,0,0,0,0,1,0,1,0,0,0,0,0,1,0,0,1,1,0,0,0,0,0,0,1,0,1,0,0,0,1,1,0,0,0,1,0,0,0,0,1,0,1,0,1,1,1,1,0,1,0,0,0,1,0,0,1,1,1,0,0,0,1,1,0,0,0,0,0,1,1,0,1,0,1,0,1,0,1,1,1,0,1,1,1,0,1,0,1,1,1,1,1,1,1,1,1,0,93.09,7.49,48.4,98.74,90.52,95.35,98.09,0.7823,0.0242,4.88,5.49,0.8,30.2,1.6,2.4,5.83,8.951
1.807204,1.112939394,1.145018,0.749272727,-12.786,1888.512135,38.18214605,0,0,1100.835981,32.38584258,0,0,9441.926846,141.179223,417628.33,262.5279077,700.5593522,12.94846057,0,0,-584.147195,17.70425198,14386.26906,-4.4647e-06,0,0,0.0,0,0,0,0,0,0.0,0,0,0,-87.5596892,-6329.891306,-41.22270989,-9.815801677,-3.473291129,-970.4938642,0,0,0.0,0,0,0,-52.79470626,-359.5398042,0.738523185,-2.457509283,-4.70522e-05,72.35203489,0.55541952,0.111193456,0.056658694,3,177,59,80.0182475,32.31,7.71,0,19.3,0,0,35.31,0,0,11.24,194.56,1.52,44.12,20.73,0,0,0,27.03,9.53,4.26,-83078.91554,-103778.9075,20270.92188,0.310413294,429.0700901,-1605.844002,10520.68374,0,0,0,0,0,0,0,0,0,0,0,0,0,0,0,0,0,0,0,0,0,0,0,0,0,0,0,0,0,0,0,0,0,0,0,0,1,0,0,0,0,0,0,0,0,0,0,0,0,1,0,0,0,0,0,0,0,1,0,1,0,0,1,0,0,0,0,0,0,0,0,0,0,0,0,1,0,0,0,0,0,1,1,1,0,1,1,0,1,0,1,1,0,0,0,1,1,0,1,0,1,1,0,0,1,1,0,0,1,1,0,1,0,1,0,1,1,0,1,0,1,1,1,0,0,1,1,1,1,1,0,1,0,0,0,0,0,1,1,1,1,0,0,1,1,1,1,1,1,0,1,1,1,1,0,1,1,1,1,1,1,1,1,1,1,1,0,93.09,7.49,48.4,98.74,90.52,95.35,98.09,0.7823,0.0242,4.88,5.49,0.8,30.2,1.6,2.4,5.83,8.77
2.061736,1.265657895,1.080818,0.728894737,-11.272,1890.268904,26.35360478,0,0,1098.982583,53.05748003,0,0,9424.216804,181.9223075,417407.8529,307.0965018,700.2102092,15.39436518,0,0,-589.503812,19.30542301,14360.05785,-8.17744e-06,0,0,0.0,0,0,0,0,0,0.0,0,0,0,-27.54938294,-6262.455739,-106.9283724,-8.378197904,0.259933507,-1079.877378,0,0,0.0,0,0,0,-58.16313825,-351.1050432,1.761056639,-4.850559682,0.000427766,82.86298011,0.298934743,0.122119712,0.109310878,3,189,63,72.579499,38.13,22.79,0,53.81,0,0,50.43,0,0,18.84,142.23,15.8,52.37,11.71,0,0,0,7.03,0.12,29.74,-83284.95657,-103808.9024,20261.27018,0.680845733,262.6756889,-1605.001308,10517.15067,0,0,0,0,0,0,0,0,0,0,0,0,0,0,0,0,0,0,0,0,0,0,0,0,0,0,0,0,0,0,0,0,0,0,0,0,1,0,0,0,0,0,0,0,0,0,0,0,0,0,0,0,0,0,0,0,0,1,0,0,0,0,1,0,0,0,0,0,0,0,0,0,1,0,0,1,0,0,0,1,0,1,0,1,0,1,1,0,1,0,0,0,1,0,0,1,1,0,1,0,1,1,0,0,0,1,0,0,0,0,1,1,0,1,0,0,0,1,1,0,1,1,1,0,0,1,0,1,1,1,0,1,0,1,0,1,1,1,1,1,1,0,1,1,1,1,1,1,1,0,1,0,1,1,1,0,1,1,1,1,0,1,1,1,1,1,0,93.09,7.49,48.4,98.74,90.52,95.35,98.09,0.7823,0.0242,4.88,5.49,0.8,30.2,1.6,2.4,5.83,8.577
1.382868,0.719969697,0.964956,0.409393939,-11.038,1890.763946,37.68642999,0,0,1109.297731,30.41711195,0,0,9397.937754,133.2706066,417609.6357,262.6453953,700.282936,13.1645349,0,0,-575.4691808,16.83480424,14372.59503,-8.4105e-06,0,0,0.0,0,0,0,0,0,0.0,0,0,0,-102.6801666,-6237.029397,-50.1155873,9.365569889,-3.167403924,-962.5603919,0,0,0.0,0,0,0,-55.40787033,-373.3323329,0.869816584,-1.919920724,-5.76451e-05,72.149331,0.270094348,0.233637026,0.110348059,3,186,62,43.49739122,42.39,26.76,0,34.71,0,0,46.36,0,0,12.81,195.43,0.78,39.43,20.63,0,0,0,27.12,0.5,15.79,-82938.251,-103776.6353,20270.39083,0.319109327,567.9934934,-1605.428168,10520.71453,0,0,0,0,0,0,0,0,0,0,0,0,0,0,0,0,0,0,0,0,0,0,0,0,0,0,0,0,0,0,0,0,0,0,0,0,1,0,0,0,0,0,0,0,0,0,0,0,0,1,0,0,0,0,0,0,0,1,0,1,0,0,1,0,0,0,0,0,0,0,0,0,0,0,0,1,0,0,0,0,0,1,1,1,0,1,1,0,1,0,1,1,0,0,0,1,1,0,1,0,1,1,0,0,1,1,0,0,1,0,0,1,0,1,0,1,0,0,1,0,1,1,1,0,0,1,1,1,1,1,0,1,1,0,0,0,0,1,1,1,1,0,0,1,1,1,1,1,1,0,1,1,1,1,0,1,0,1,1,1,1,1,1,1,1,1,0,93.09,7.49,48.4,98.74,90.52,95.35,98.09,0.7823,0.0242,4.88,5.49,0.8,30.2,1.6,2.4,5.83,8.201
1.495826,0.9526,0.828024,0.629342857,-12.422,1897.511808,36.68623208,0,0,1095.398969,28.01920157,0,0,9429.409806,118.9076846,417755.3605,262.9177688,700.0055254,14.13529578,0,0,-597.5371186,20.71695834,14381.55878,1.11372e-05,0,0,0.0,0,0,0,0,0,0.0,0,0,0,-92.50943662,-6247.322918,-65.68106552,-2.177181612,-1.660876769,-950.2458121,0,0,0.0,0,0,0,-53.58882017,-346.9774523,1.19099035,-2.923272714,-0.0001393,72.26478349,0.325092956,0.135550817,0.130539051,3,204,68,74.20158483,36.15,11.98,0,43.05,0,0,39.16,0,0,15.98,230.15,0.01,56.47,19.37,0,0,0,24.12,7.62,1.81,-82791.39281,-103831.1403,20281.92892,0.871437734,757.8185866,-1606.951126,10524.75692,0,0,0,0,0,0,0,0,0,0,0,0,0,0,0,0,0,0,0,0,0,0,0,0,0,0,0,0,0,0,0,0,0,0,0,0,0,0,0,0,0,0,0,0,0,0,0,0,0,1,0,0,0,0,0,0,0,1,0,0,0,0,1,0,0,0,0,0,0,0,0,0,0,0,0,1,0,0,0,0,0,0,1,0,0,1,1,0,0,0,1,1,0,0,0,1,0,0,1,0,1,1,0,0,1,1,0,0,0,1,0,1,0,1,1,0,0,0,1,0,1,1,1,0,0,1,1,1,1,1,0,1,1,0,0,0,0,1,1,1,1,0,0,1,1,1,1,1,1,0,1,1,1,1,0,1,0,1,1,1,1,1,1,1,1,1,0,93.09,7.49,48.4,98.74,90.52,95.35,98.09,0.7823,0.0242,4.88,5.49,0.8,30.2,1.6,2.4,5.83,7.854
1.198794,0.983558824,0.751148,0.539705882,-12.31,1897.908409,32.97534849,0,0,1103.687611,29.88464458,0,0,9476.728088,110.0630082,417727.8977,264.8354848,700.1081755,14.84916166,0,0,-561.7677471,23.89329803,14374.90321,1.66641e-05,0,0,0.0,0,0,0,0,0,0.0,0,0,0,-80.27798766,-6384.743275,-56.05077612,-7.744627469,-1.846967408,-961.0225447,0,0,0.0,0,0,0,-55.55564441,-386.0608884,0.913584885,-1.30878073,-0.00014624,71.814058,0.375604046,0.158930807,0.100796015,3,213,71,54.23157685,31.66,8.41,0,23.67,0,0,18.44,0,0,20.38,203.71,1.04,59.31,20.84,0,0,0,24.74,0.98,15.1,-82942.74493,-103795.8503,20274.2282,0.575198234,578.8772086,-1606.11416,10521.66931,0,0,0,0,0,0,0,0,0,0,0,0,0,0,0,0,0,0,0,0,0,0,0,0,0,0,0,0,0,0,0,0,0,0,0,0,0,0,0,0,0,0,1,0,0,0,0,0,0,1,0,0,0,0,0,0,0,0,0,0,0,0,1,0,0,0,1,0,0,0,0,0,0,0,0,1,0,0,0,0,0,0,1,0,0,1,1,1,0,0,1,1,0,0,0,1,0,0,1,0,1,1,0,0,1,1,0,1,1,1,0,1,1,1,0,0,1,0,1,0,1,1,1,0,0,1,1,1,1,1,0,1,1,1,1,1,0,1,1,1,0,0,1,1,1,1,0,1,1,0,1,1,1,1,0,1,1,1,1,1,1,1,1,1,1,1,0,93.09,7.49,48.4,98.74,90.52,95.35,98.09,0.7823,0.0242,4.88,5.49,0.8,30.2,1.6,2.4,5.83,7.42
1.879518,1.04025,1.025492,0.551035714,-10.507,1886.975442,23.30546729,0,0,1104.408669,26.32122697,0,0,9480.494912,64.40171544,417675.2467,261.1277876,700.2971039,10.63080804,0,0,-578.1911752,17.34588873,14386.26937,-6.25908e-06,0,0,0.0,0,0,0,0,0,0.0,0,0,0,-60.60338778,-6411.560801,-54.32523991,-20.00267726,-2.678543277,-956.7645804,0,0,0.0,0,0,0,-45.60168188,-367.8842233,1.113127818,-2.892290331,-2.65263e-05,72.19996488,0.445241703,0.246419281,0.108107184,3,84,28,80.4961497,25.98,1.05,0,2.24,0,0,12.91,0,0,9.17,172.41,3.39,47.06,17.79,0,0,0,13.75,0.45,15.94,-82978.58788,-103786.2831,20264.87,1.228992456,542.8252084,-1605.702187,10519.29298,0,0,0,0,0,0,0,0,0,0,0,0,0,0,0,0,0,0,0,0,0,0,0,0,0,0,0,0,0,0,0,0,0,0,0,0,0,0,0,0,0,0,0,0,0,0,0,0,0,1,1,0,0,0,0,0,0,0,0,0,0,0,0,0,0,0,0,0,0,0,0,0,0,0,1,0,1,0,0,0,0,0,1,0,0,1,1,0,0,0,0,0,0,1,0,1,0,0,0,1,1,0,0,0,1,0,0,0,0,1,0,1,0,1,1,1,1,0,1,0,0,0,1,0,0,1,1,1,0,0,0,0,1,0,0,0,0,0,1,0,0,1,0,1,0,1,0,1,1,1,0,1,1,1,0,1,0,1,1,0,1,1,1,1,1,1,0,93.09,7.49,48.4,98.74,90.52,95.35,98.09,0.7823,0.0242,4.88,5.49,0.8,30.2,1.6,2.4,5.83,7.215
1.611762,1.332526316,0.695762,0.473210526,-9.582,1896.908173,28.14293956,0,0,1087.729548,20.06850791,0,0,9331.815678,148.057887,417167.982,305.7914646,700.3661611,8.392429782,0,0,-588.698756,10.21509935,14360.36764,-1.15139e-05,0,0,0.0,0,0,0,0,0,0.0,0,0,0,-14.81450956,-6144.028918,-57.10936938,-12.87865953,0.132730877,-1125.968698,0,0,0.0,0,0,0,-33.93920027,-361.4866441,1.192880817,2.06860789,-6.79624e-07,83.9322372,0.31915859,0.184269246,0.161770576,3,99,33,8.841139721,10.31,12.29,0,0.0,0,0,24.89,0,0,15.84,101.23,0.0,39.38,14.38,0,0,0,0.03,0.0,0.37,-82975.73499,-103768.4036,20226.58418,0.354794985,566.0844447,-1603.149391,10511.00489,0,0,0,0,0,0,0,0,0,0,0,0,0,0,0,0,0,0,0,0,0,0,0,0,0,0,0,0,0,0,0,0,0,0,0,0,0,0,0,0,0,0,0,0,0,0,0,0,0,0,0,0,0,0,0,0,0,0,0,0,0,0,1,0,0,0,0,0,0,0,0,0,0,0,0,1,0,0,0,0,0,0,0,1,0,1,0,0,0,1,0,0,1,0,0,0,1,0,0,0,0,1,0,0,0,1,0,0,0,0,1,0,0,1,0,0,0,1,0,0,0,1,1,0,0,1,0,1,0,0,0,1,0,1,0,1,1,1,0,1,1,0,0,1,1,1,1,0,1,0,1,0,1,0,1,0,1,1,1,1,0,1,1,1,1,1,0,93.09,7.49,48.4,98.74,90.52,95.35,98.09,0.7823,0.0242,4.88,5.49,0.8,30.2,1.6,2.4,5.83,7.076
2.067084,0.69447619,0.480676,0.199714286,-8.768,1890.1813,9.801141713,0,0,1104.154983,14.00210605,0,0,9410.148155,85.18987031,417192.3795,306.9039425,699.0640166,8.923345063,0,0,-602.4172862,17.39473202,14356.95922,9.11838e-06,0,0,0.0,0,0,0,0,0,0.0,0,0,0,-16.94686877,-6249.922098,-75.81831747,-8.489966357,-0.187844705,-1109.288108,0,0,0.0,0,0,0,-37.49890744,-357.2252073,1.340578486,0.356501511,-3.51239e-06,83.56728477,0.325853462,0.158229127,0.113966148,3,96,32,3.721283433,16.21,22.12,0,0.0,0,0,35.39,0,0,19.79,107.66,0.0,35.1,30.8,0,0,0,0.01,1.0,0.07,-82938.3096,-103763.8526,20228.21161,1.178175987,597.3314156,-1603.104403,10509.47936,0,0,0,0,0,0,0,0,0,0,0,0,0,0,0,0,0,0,0,0,0,0,0,0,1,0,0,0,0,0,0,0,0,0,0,0,0,0,0,0,0,0,1,0,0,0,0,0,0,0,0,0,0,0,0,0,0,0,0,0,0,0,1,0,0,0,0,0,0,1,0,1,0,0,0,0,0,0,1,0,0,0,0,0,0,0,0,1,0,0,0,0,0,0,1,0,0,0,0,0,0,1,1,0,0,1,0,1,0,0,0,0,0,1,0,0,0,0,0,1,0,0,0,0,1,1,0,1,0,0,0,1,0,0,1,0,0,0,0,1,0,0,0,1,1,1,0,0,0,0,1,0,1,0,0,0,0,1,0,1,0,1,1,1,1,1,0,93.09,7.49,48.4,98.74,90.52,95.35,98.09,0.7823,0.0242,4.88,5.49,0.8,30.2,1.6,2.4,5.83,6.83
1.24049,0.811333333,0.573428,0.331,-8.498,1893.975883,29.92711321,0,0,1091.679704,5.934276971,0,0,9396.642416,99.07036091,417167.3862,307.6063076,700.0269233,7.746024971,0,0,-593.7096661,9.766069765,14356.973,1.5308e-06,0,0,0.0,0,0,0,0,0,0.0,0,0,0,-25.19483535,-6206.910673,-99.20688852,0.314023026,0.204733245,-1088.938047,0,0,0.0,0,0,0,-38.30478556,-368.7795524,1.531405016,-0.254605141,-1.55353e-06,83.63326937,0.257044211,0.13893885,0.096523607,3,174,58,1.525616766,16.66,30.01,0,0.0,0,0,59.58,0,0,20.16,115.27,0.12,42.69,23.78,0,0,0,0.0,0.0,0.0,-82937.54041,-103775.8014,20228.98449,0.469553937,609.2764916,-1602.762879,10510.02417,0,0,0,0,0,0,0,0,0,0,0,0,0,0,0,0,0,0,0,0,0,0,0,0,0,0,0,0,0,0,0,0,0,0,0,0,0,0,0,0,0,0,0,0,0,0,1,0,0,0,1,0,0,0,0,0,0,0,0,0,0,0,1,0,0,0,0,0,0,0,0,0,0,0,0,0,1,0,0,0,0,0,0,0,0,0,0,1,0,1,0,0,0,1,0,0,1,0,0,1,0,1,0,0,0,1,0,1,0,0,0,0,0,1,0,0,0,0,0,0,0,0,0,0,0,1,1,1,0,0,0,1,0,0,1,0,0,0,0,1,1,0,0,1,1,1,1,0,0,0,1,0,1,0,1,0,0,1,0,1,1,0,1,1,1,1,0,93.09,7.49,48.4,98.74,90.52,95.35,98.09,0.7823,0.0242,4.88,5.49,0.8,30.2,1.6,2.4,5.83,6.699
3.047408,1.097575758,1.028626,0.712939394,-9.349,1893.389886,31.3971565,0,0,1103.372545,13.87373192,0,0,9489.619797,210.6512436,417678.2126,262.970158,701.5775142,14.62667795,0,0,-579.9793871,22.98524965,14381.40252,-7.63112e-06,0,0,0.0,0,0,0,0,0,0.0,0,0,0,-94.28587555,-6386.898319,-62.68321197,-20.85558667,-5.054667384,-950.7933106,0,0,0.0,0,0,0,-53.6963652,-372.4116604,1.71205467,-2.394160432,-2.45246e-05,71.74048515,0.417655345,0.156100667,0.087148844,3,93,31,56.59489022,25.03,39.45,0,9.92,0,0,73.89,0,0,10.72,137.7,30.1,72.96,16.86,0,0,0,2.27,0.0,24.05,-82920.9,-103780.2962,20267.64678,0.622031058,591.7494203,-1605.715872,10521.60733,0,0,0,0,0,0,0,0,0,0,0,0,0,0,0,0,0,0,0,0,0,0,0,0,0,0,0,0,1,0,0,0,0,0,0,0,0,0,0,0,0,0,0,0,0,0,0,0,0,1,0,0,1,0,0,0,0,1,0,0,0,0,0,0,0,0,0,0,0,1,0,0,1,0,0,1,0,0,0,0,0,0,1,0,0,1,1,0,0,1,1,1,0,0,1,1,0,1,1,0,1,1,0,0,1,1,0,0,0,1,1,1,0,1,0,0,0,1,1,0,1,1,1,1,1,1,1,1,1,1,0,1,1,0,0,1,1,1,1,1,1,0,1,1,1,1,1,1,1,0,0,1,1,1,1,1,1,1,1,1,0,1,1,1,1,1,0,93.09,7.49,48.4,98.74,90.52,95.35,98.09,0.7823,0.0242,4.88,5.49,0.8,30.2,1.6,2.4,5.83,6.426
1.263024,0.86585,0.56984,0.1894,-8.953,1889.03893,29.63333958,0,0,1108.870671,22.57867832,0,0,9278.12297,146.1785554,417113.9184,306.7616046,700.1561916,8.427060695,0,0,-565.1417784,9.091981553,14374.64744,-8.16274e-06,0,0,0.0,0,0,0,0,0,0.0,0,0,0,-17.25004601,-6060.650734,-86.58515432,-9.698182656,0.140405276,-1101.090598,0,0,0.0,0,0,0,-36.09627926,-391.1898869,2.053362797,0.578199316,-6.54342e-10,83.2189584,0.39953325,0.259730693,0.125272317,3,81,27,5.187223553,10.62,13.69,0,0.0,0,0,39.27,0,0,20.57,98.96,0.0,37.88,35.16,0,0,0,0.01,0.0,8.87,-82950.88472,-103762.6027,20229.08035,0.282002011,582.6375861,-1602.477052,10511.00669,0,0,0,0,0,0,0,0,0,0,0,0,0,0,0,0,0,0,0,0,0,0,0,0,0,0,0,0,0,0,0,0,0,0,0,0,0,0,0,0,0,0,0,0,0,0,0,0,0,0,0,0,0,0,0,0,0,0,0,0,0,0,1,0,0,0,0,0,0,0,0,0,0,0,0,1,0,0,0,0,0,0,0,1,0,1,0,0,0,1,0,0,1,0,0,0,1,0,0,0,0,1,0,0,0,1,0,0,0,0,1,0,0,1,0,0,0,1,0,0,0,1,1,0,0,1,0,1,0,0,0,1,0,1,0,1,1,1,0,1,1,0,0,1,1,1,1,0,1,0,1,0,1,0,1,0,1,1,1,1,1,1,1,1,1,1,0,93.09,7.49,48.4,98.74,90.52,95.35,98.09,0.7823,0.0242,4.88,5.49,0.8,30.2,1.6,2.4,5.83,6.096
2.03534,1.445058824,0.833026,0.727411765,-9.562,1889.164897,9.204899559,0,0,1102.812731,10.63603651,0,0,9411.401185,77.28727924,417234.005,304.7916157,701.0117877,6.1832653,0,0,-566.1664396,8.617649195,14350.22752,-4.22604e-06,0,0,0.0,0,0,0,0,0,0.0,0,0,0,-19.75885772,-6293.221204,-112.835557,-2.797717721,-0.01112107,-1069.760724,0,0,0.0,0,0,0,-31.69611139,-391.8626114,2.706943776,0.049589338,-1.31416e-06,82.95710804,0.589173424,0.114568027,0.07838509,3,177,59,3.728928144,15.69,42.75,0,0.0,0,0,51.87,0,0,11.16,83.42,0.0,31.25,14.16,0,0,0,0.03,0.0,0.59,-82989.40216,-103821.1791,20224.09474,0.445811042,607.6822188,-1602.845642,10510.01036,0,0,0,0,0,0,0,0,0,0,0,0,0,0,0,0,0,0,0,0,0,0,0,0,0,0,0,0,0,0,0,0,0,0,0,0,1,0,0,0,0,0,0,0,0,0,0,0,0,0,0,0,0,0,0,0,0,0,0,0,0,0,1,0,0,0,0,0,0,0,0,0,0,0,0,0,0,0,0,0,0,1,0,1,0,0,0,0,1,0,0,0,0,0,0,0,1,0,0,0,0,1,0,0,0,1,0,0,0,0,0,0,0,1,0,0,0,0,0,0,0,0,0,0,0,1,0,1,0,0,0,1,0,0,0,0,0,1,0,1,0,0,0,1,0,1,0,0,0,0,0,0,1,0,0,0,0,1,0,1,0,0,1,1,1,1,0,93.09,7.49,48.4,98.74,90.52,95.35,98.09,0.7823,0.0242,4.88,5.49,0.8,30.2,1.6,2.4,5.83,5.656
1.765184,0.875,0.62624,0.480368421,-10.028,1894.581389,27.8310555,0,0,1104.044826,5.026099387,0,0,9482.860897,139.3219077,417267.8301,310.452109,699.3212172,7.186473562,0,0,-583.8876697,9.002896397,14363.22372,-4.72786e-06,0,0,0.0,0,0,0,0,0,0.0,0,0,0,-28.45385094,-6335.573409,-171.6274606,-1.130374626,0.368603943,-1023.264899,0,0,0.0,0,0,0,-32.59561449,-379.4797871,3.987628769,-0.119329027,-3.37581e-07,81.7792805,0.539292703,0.166929609,0.065850736,3,90,30,2.166491018,22.12,27.54,0,0.0,0,0,58.97,0,0,19.85,105.67,0.0,33.3,15.8,0,0,0,0.0,0.0,0.0,-82910.82112,-103776.1473,20229.38552,0.429744135,635.94066,-1602.935386,10511.703,0,0,0,0,0,0,0,0,0,0,0,0,0,0,0,0,0,0,0,0,0,0,0,0,0,0,0,0,0,0,0,0,0,0,0,0,0,0,0,0,0,0,0,0,0,1,0,0,0,0,1,0,0,0,0,0,0,0,0,0,0,0,1,0,0,0,0,0,0,0,0,0,0,0,0,0,1,0,0,0,0,0,0,0,1,0,0,0,0,0,0,0,0,0,0,0,1,1,0,1,0,1,0,0,0,1,0,0,0,0,0,0,0,1,0,0,0,0,0,0,0,0,0,0,0,1,0,1,0,0,0,1,0,1,0,0,0,0,0,1,0,0,0,1,1,1,1,0,0,0,1,1,1,0,1,0,1,1,1,1,0,1,1,1,1,1,0,93.09,7.49,48.4,98.74,90.52,95.35,98.09,0.7823,0.0242,4.88,5.49,0.8,30.2,1.6,2.4,5.83,5.301
