dataset,variant,model,repeat,inner,inner_leak_rows,n_train,n_test,n_train_groups,n_test_groups,r2_cv,r2_test,rmse_test,mae_test,seconds,best
md_core89,pca,nusvr,0,group,0,89,33,70,24,0.6970379906941706,0.7861277073295965,0.6185280056824065,0.4708524497348123,60.624300799987395,"{""C"": 10.0, ""kernel"": ""rbf"", ""n_components"": 15, ""nu"": 0.1}"
md_core89,pca,nusvr,1,group,0,93,29,70,24,0.6841726284301993,0.7544600662319842,0.6563733879967137,0.4553712616819899,20.883645499998238,"{""C"": 1.0, ""kernel"": ""rbf"", ""n_components"": 21, ""nu"": 0.9}"
md_core89,pca,nusvr,2,group,0,95,27,70,24,0.7379667569483767,0.6457790489094595,0.9731034959307765,0.7631285535854547,22.202654199994868,"{""C"": 0.1, ""kernel"": ""linear"", ""n_components"": 17, ""nu"": 0.5}"
md_core89,pca,nusvr,3,group,0,96,26,70,24,0.569643852313906,0.7717942440739152,0.6223919625269576,0.4720569062885139,24.37233090000518,"{""C"": 10.0, ""kernel"": ""rbf"", ""n_components"": 22, ""nu"": 0.1}"
md_core89,pca,nusvr,4,group,0,97,25,70,24,0.6204507768903771,0.7263946604466114,0.8811078824361342,0.696485749401427,22.412595499990857,"{""C"": 1.0, ""kernel"": ""linear"", ""n_components"": 17, ""nu"": 0.3}"
md_core89,pca,nusvr,5,group,0,90,32,70,24,0.7361213468983033,0.675071669803905,0.6634859927376648,0.5144255384014682,24.995614099985687,"{""C"": 0.1, ""kernel"": ""linear"", ""n_components"": 17, ""nu"": 0.9}"
md_core89,pca,nusvr,6,group,0,92,30,70,24,0.589801417404296,0.6822064706707425,0.6669486467864922,0.4885950841242488,28.212739599999622,"{""C"": 1.0, ""kernel"": ""rbf"", ""n_components"": 17, ""nu"": 0.9}"
md_core89,pca,nusvr,7,group,0,92,30,70,24,0.7809760019711778,0.3944852907096943,0.9438989873183568,0.7376036369126875,28.166660699993372,"{""C"": 10.0, ""kernel"": ""rbf"", ""n_components"": 15, ""nu"": 0.1}"
md_core89,pca,nusvr,8,group,0,93,29,70,24,0.7799866653860847,0.6515812576190058,0.8025609593048708,0.5984305103718542,20.4628706999938,"{""C"": 10.0, ""kernel"": ""rbf"", ""n_components"": 15, ""nu"": 0.1}"
md_core89,pca,nusvr,9,group,0,89,33,70,24,0.7100612233669554,0.7079671291854618,0.6415835823569976,0.5215694880714091,25.4977571000054,"{""C"": 10.0, ""kernel"": ""rbf"", ""n_components"": 15, ""nu"": 0.1}"
md_core89,pca,svr,0,group,0,89,33,70,24,0.6615534388557582,0.749888430763961,0.6688812105160785,0.46733993083319797,0.4645209000009345,"{""C"": 10.0, ""epsilon"": 0.1, ""n_components"": 15}"
md_core89,pca,svr,1,group,0,93,29,70,24,0.6830019662015289,0.7581954370457329,0.651361587474718,0.4484552006308514,0.5585832999931881,"{""C"": 1.0, ""epsilon"": 0.05, ""n_components"": 21}"
md_core89,pca,svr,2,group,0,95,27,70,24,0.7133076778176421,0.7722105768749494,0.7803486578612964,0.6312218657126516,0.5541002999962075,"{""C"": 10.0, ""epsilon"": 0.1, ""n_components"": 20}"
md_core89,pca,svr,3,group,0,96,26,70,24,0.5009523432790971,0.730320683018095,0.6765883231562744,0.526289840870403,0.5461255999980494,"{""C"": 10.0, ""epsilon"": 0.1, ""n_components"": 22}"
md_core89,pca,svr,4,group,0,97,25,70,24,0.6129686372264447,0.8034865045615442,0.7467289562440925,0.5346576842693846,0.5507284000050277,"{""C"": 10.0, ""epsilon"": 0.1, ""n_components"": 15}"
md_core89,pca,svr,5,group,0,90,32,70,24,0.7347445861236557,0.6816898956137243,0.6566942018440356,0.5194417582808751,0.4649020999931963,"{""C"": 1.0, ""epsilon"": 0.1, ""n_components"": 19}"
md_core89,pca,svr,6,group,0,92,30,70,24,0.5909465844885624,0.6896796748742249,0.6590600415966011,0.48755833598581805,0.48746269999537617,"{""C"": 1.0, ""epsilon"": 0.05, ""n_components"": 17}"
md_core89,pca,svr,7,group,0,92,30,70,24,0.7636522161622421,0.36004671250794507,0.9703698819491333,0.7486987402724107,0.48523750000458676,"{""C"": 10.0, ""epsilon"": 0.1, ""n_components"": 15}"
md_core89,pca,svr,8,group,0,93,29,70,24,0.7649787480327136,0.6254350053235129,0.8321294049573049,0.644227336596222,0.43939130000944715,"{""C"": 10.0, ""epsilon"": 0.1, ""n_components"": 15}"
md_core89,pca,svr,9,group,0,89,33,70,24,0.6956567459521809,0.6571620404249154,0.6951552773513918,0.5558905684311772,0.5046833000087645,"{""C"": 10.0, ""epsilon"": 0.1, ""n_components"": 15}"
md_core89,pca,ridge,0,group,0,89,33,70,24,0.5974799817512678,0.7754344286129995,0.6338021281224762,0.4805403565723507,0.5032781999907456,"{""alpha"": 10.0, ""n_components"": 22}"
md_core89,pca,ridge,1,group,0,93,29,70,24,0.6909414116724916,0.7120008074382369,0.7108623821995285,0.5122582418901568,0.3617448000004515,"{""alpha"": 100.0, ""n_components"": 22}"
md_core89,pca,ridge,2,group,0,95,27,70,24,0.7370576627880373,0.6738877727939796,0.9336958997168479,0.7432905862253928,0.4100143000105163,"{""alpha"": 10.0, ""n_components"": 20}"
md_core89,pca,ridge,3,group,0,96,26,70,24,0.3925641386981029,0.79287871833711,0.5929431290998591,0.45497653412519423,0.35502200000337325,"{""alpha"": 100.0, ""n_components"": 22}"
md_core89,pca,ridge,4,group,0,97,25,70,24,0.5906730190249542,0.7099601773042012,0.9071844923218728,0.6720251358793206,0.3646027999930084,"{""alpha"": 100.0, ""n_components"": 17}"
md_core89,pca,ridge,5,group,0,90,32,70,24,0.714211894364826,0.7234926576859279,0.6120562023215739,0.48517928291108336,0.2810738999978639,"{""alpha"": 10.0, ""n_components"": 17}"
md_core89,pca,ridge,6,group,0,92,30,70,24,0.5357354669139196,0.7437943996327437,0.5988446582755859,0.4641111146146759,0.3144417000003159,"{""alpha"": 100.0, ""n_components"": 20}"
md_core89,pca,ridge,7,group,0,92,30,70,24,0.7526147296678877,0.15836871284467957,1.1128179113833905,0.8639194370602998,0.32674499999848194,"{""alpha"": 10.0, ""n_components"": 17}"
md_core89,pca,ridge,8,group,0,93,29,70,24,0.7162938112979825,0.6099922235987753,0.8491099077939781,0.6607471676581986,0.3397378999943612,"{""alpha"": 100.0, ""n_components"": 22}"
md_core89,pca,ridge,9,group,0,89,33,70,24,0.6464974883138691,0.6690054777988834,0.6830425778055501,0.5248612500992844,0.39411439999821596,"{""alpha"": 100.0, ""n_components"": 22}"
md_core89,pca,enet,0,group,0,89,33,70,24,0.5977086320502593,0.7882609810453338,0.6154355144759992,0.46291314250198007,1.0242871999944327,"{""alpha"": 0.1, ""l1_ratio"": 0.15, ""n_components"": 22}"
md_core89,pca,enet,1,group,0,93,29,70,24,0.6926743412350783,0.7145992460297563,0.7076482802507189,0.5291313130548648,1.0725949000043329,"{""alpha"": 0.1, ""l1_ratio"": 0.15, ""n_components"": 22}"
md_core89,pca,enet,2,group,0,95,27,70,24,0.7363590255897514,0.6448928925289574,0.9743199446246515,0.7882031741514651,0.9869032999995397,"{""alpha"": 0.01, ""l1_ratio"": 0.85, ""n_components"": 17}"
md_core89,pca,enet,3,group,0,96,26,70,24,0.4211752674499145,0.7869549988490324,0.6013625138696088,0.48069780760577563,0.9688616000057664,"{""alpha"": 1.0, ""l1_ratio"": 0.15, ""n_components"": 21}"
md_core89,pca,enet,4,group,0,97,25,70,24,0.5875262199486542,0.7366616446010223,0.864418119284189,0.6557717171049592,1.1135909999866271,"{""alpha"": 0.1, ""l1_ratio"": 0.85, ""n_components"": 17}"
md_core89,pca,enet,5,group,0,90,32,70,24,0.7174010579650195,0.6917583339375668,0.6462248300084908,0.5016904465043348,1.100176800013287,"{""alpha"": 0.1, ""l1_ratio"": 0.5, ""n_components"": 17}"
md_core89,pca,enet,6,group,0,92,30,70,24,0.5197379210740516,0.7607068633516738,0.5787419881113757,0.4541974793919818,1.1012615999934496,"{""alpha"": 0.1, ""l1_ratio"": 0.15, ""n_components"": 20}"
md_core89,pca,enet,7,group,0,92,30,70,24,0.766971388832263,0.27505447402322103,1.0327991178893168,0.7948957580591506,0.9624710999923991,"{""alpha"": 0.1, ""l1_ratio"": 0.5, ""n_components"": 17}"
md_core89,pca,enet,8,group,0,93,29,70,24,0.7239810224538941,0.5602832184539398,0.9015997766433073,0.7081184194303058,1.1412952999962727,"{""alpha"": 0.1, ""l1_ratio"": 0.5, ""n_components"": 22}"
md_core89,pca,enet,9,group,0,89,33,70,24,0.6525316450045555,0.5746428878046881,0.7743088492724652,0.5889582846163705,1.0962969999964116,"{""alpha"": 1.0, ""l1_ratio"": 0.15, ""n_components"": 15}"
md_core89,pca,knn,0,group,0,89,33,70,24,0.6568619085947633,0.7658653180535901,0.6471649389306864,0.4974005621593856,0.5254013999947347,"{""n_components"": 20, ""n_neighbors"": 3, ""weights"": ""distance""}"
md_core89,pca,knn,1,group,0,93,29,70,24,0.7063966089996112,0.6207377518314728,0.8157549261600558,0.5170653996040376,0.6201325000001816,"{""n_components"": 17, ""n_neighbors"": 10, ""weights"": ""distance""}"
md_core89,pca,knn,2,group,0,95,27,70,24,0.7065111860379608,0.6997889512441673,0.8958498931305373,0.6105678253472644,0.46586029999889433,"{""n_components"": 17, ""n_neighbors"": 3, ""weights"": ""distance""}"
md_core89,pca,knn,3,group,0,96,26,70,24,0.5194326974222434,0.7656521857802161,0.6307120552921377,0.47017961650984724,0.45842789999733213,"{""n_components"": 22, ""n_neighbors"": 3, ""weights"": ""distance""}"
md_core89,pca,knn,4,group,0,97,25,70,24,0.5660508010768442,0.7584376495641691,0.827906753951738,0.6037537827714017,0.37537729999166913,"{""n_components"": 20, ""n_neighbors"": 5, ""weights"": ""distance""}"
md_core89,pca,knn,5,group,0,90,32,70,24,0.7385192235018913,0.5384528911709049,0.7907623560461292,0.5381005696340954,0.4299267000023974,"{""n_components"": 15, ""n_neighbors"": 10, ""weights"": ""distance""}"
md_core89,pca,knn,6,group,0,92,30,70,24,0.5855077898265013,0.6046363182509046,0.7439063344784437,0.5559951570777005,0.4568033999967156,"{""n_components"": 17, ""n_neighbors"": 10, ""weights"": ""distance""}"
md_core89,pca,knn,7,group,0,92,30,70,24,0.7953594509820393,0.08350418400739601,1.1612571865542876,0.8174252068853202,0.4375519000022905,"{""n_components"": 21, ""n_neighbors"": 5, ""weights"": ""distance""}"
md_core89,pca,knn,8,group,0,93,29,70,24,0.7912257229810541,0.4587465820203698,1.0002938556331185,0.6094135120725362,0.44234390000929125,"{""n_components"": 19, ""n_neighbors"": 5, ""weights"": ""distance""}"
md_core89,pca,knn,9,group,0,89,33,70,24,0.6564147197260329,0.7120111081055751,0.6371258729586331,0.4836734616748453,0.42187799999373965,"{""n_components"": 17, ""n_neighbors"": 10, ""weights"": ""distance""}"
md_core89,pca,pls,0,group,0,89,33,70,24,0.5870767631691741,0.7477850100395498,0.6716879437562074,0.5032847187498307,0.2541909999999916,"{""n_components"": 22}"
md_core89,pca,pls,1,group,0,93,29,70,24,0.6638040044859126,0.682768376889058,0.7460675212753358,0.556225744641444,0.21296479999728035,"{""n_components"": 22}"
md_core89,pca,pls,2,group,0,95,27,70,24,0.7349203416302588,0.6468866748079571,0.9715808890235144,0.7868425594175188,0.25978229999600444,"{""n_components"": 17}"
md_core89,pca,pls,3,group,0,96,26,70,24,0.26170959962138524,0.7301852615731843,0.6767581787272483,0.5362040149035627,0.2254520999995293,"{""n_components"": 19}"
md_core89,pca,pls,4,group,0,97,25,70,24,0.5655061088284897,0.7549130298057265,0.8339248465086777,0.6699772947128244,0.24448259999917354,"{""n_components"": 17}"
md_core89,pca,pls,5,group,0,90,32,70,24,0.6972752537762681,0.7298918107579773,0.6049323988966704,0.4862246149327527,0.26601630001096055,"{""n_components"": 17}"
md_core89,pca,pls,6,group,0,92,30,70,24,0.5132599167353954,0.7546860259812534,0.585977599912732,0.4622929874494658,0.18625949999841396,"{""n_components"": 20}"
md_core89,pca,pls,7,group,0,92,30,70,24,0.7442042951646476,0.1481748585342294,1.1195368635536231,0.8712622851961742,0.25800400000298396,"{""n_components"": 15}"
md_core89,pca,pls,8,group,0,93,29,70,24,0.7086694207420792,0.6355250363747782,0.8208449408440953,0.6359391405475636,0.21230159999686293,"{""n_components"": 22}"
md_core89,pca,pls,9,group,0,89,33,70,24,0.5999532302982847,0.6476151364544638,0.7047677066126008,0.5462857572894471,0.23801909999747295,"{""n_components"": 15}"
md_core89,pca,rf,0,group,0,89,33,70,24,0.4770790913732935,0.7110139813230199,0.7189861454266104,0.5307179018688488,14.431201500003226,"{""max_features"": 0.3, ""min_samples_leaf"": 1, ""n_components"": 15}"
md_core89,pca,rf,1,group,0,93,29,70,24,0.513580791759435,0.6459138011327535,0.7882144591322904,0.5520872023800332,16.085571899995557,"{""max_features"": 0.3, ""min_samples_leaf"": 3, ""n_components"": 20}"
md_core89,pca,rf,2,group,0,95,27,70,24,0.6423396162423083,0.6390823041941166,0.9822589585228094,0.6743940172986675,11.551127300001099,"{""max_features"": 1.0, ""min_samples_leaf"": 1, ""n_components"": 19}"
md_core89,pca,rf,3,group,0,96,26,70,24,0.2413966337829269,0.7529198074801422,0.6476190929323502,0.4918270392767266,11.645971200006898,"{""max_features"": 1.0, ""min_samples_leaf"": 3, ""n_components"": 22}"
md_core89,pca,rf,4,group,0,97,25,70,24,0.4100706871434566,0.5788014351370934,1.0932267341755457,0.7584732365264008,16.362216399997124,"{""max_features"": 0.3, ""min_samples_leaf"": 1, ""n_components"": 15}"
md_core89,pca,rf,5,group,0,90,32,70,24,0.5881525297986354,0.665635554144058,0.6730510635526936,0.47332211553349923,14.078805600001942,"{""max_features"": 1.0, ""min_samples_leaf"": 1, ""n_components"": 15}"
md_core89,pca,rf,6,group,0,92,30,70,24,0.4502009786127787,0.7752013506126642,0.5609403994626193,0.3990454922205992,13.561915099999169,"{""max_features"": 0.3, ""min_samples_leaf"": 1, ""n_components"": 17}"
md_core89,pca,rf,7,group,0,92,30,70,24,0.6564171303165021,0.240160682341376,1.057362861916893,0.7496118214132778,11.06397509999806,"{""max_features"": 1.0, ""min_samples_leaf"": 3, ""n_components"": 15}"
md_core89,pca,rf,8,group,0,93,29,70,24,0.5877620580401038,0.48173633818884876,0.9788195947380893,0.6102691269768965,11.138421000010567,"{""max_features"": 0.3, ""min_samples_leaf"": 1, ""n_components"": 17}"
md_core89,pca,rf,9,group,0,89,33,70,24,0.6350212150698662,0.3293588520689974,0.9722601182556629,0.6520298995456952,10.623564800000167,"{""max_features"": 1.0, ""min_samples_leaf"": 1, ""n_components"": 15}"
md_core89,pca,et,0,group,0,89,33,70,24,0.5952118357611381,0.7774122056274186,0.6310049685464176,0.5096550166884249,10.465205500004231,"{""max_features"": ""sqrt"", ""min_samples_leaf"": 1, ""n_components"": 17}"
md_core89,pca,et,1,group,0,93,29,70,24,0.6756589729707532,0.7489507829690094,0.6636962031344991,0.46656082374082974,8.331677299996954,"{""max_features"": 1.0, ""min_samples_leaf"": 3, ""n_components"": 22}"
md_core89,pca,et,2,group,0,95,27,70,24,0.7022203992069187,0.7217879638489195,0.8624022238557304,0.5789152745615576,8.29109270000481,"{""max_features"": 1.0, ""min_samples_leaf"": 1, ""n_components"": 21}"
md_core89,pca,et,3,group,0,96,26,70,24,0.4495599221419252,0.8260567765010591,0.5433809835562731,0.4165023336818842,7.548673299999791,"{""max_features"": 1.0, ""min_samples_leaf"": 3, ""n_components"": 22}"
md_core89,pca,et,4,group,0,97,25,70,24,0.601055330370548,0.7612956484894603,0.8229945708196411,0.6050924742390416,10.76241850000224,"{""max_features"": 1.0, ""min_samples_leaf"": 1, ""n_components"": 17}"
md_core89,pca,et,5,group,0,90,32,70,24,0.7245847602834476,0.6947912618497691,0.643037722907876,0.48438493748175127,13.141776700009359,"{""max_features"": 1.0, ""min_samples_leaf"": 1, ""n_components"": 15}"
md_core89,pca,et,6,group,0,92,30,70,24,0.5778092047341561,0.7353583215223285,0.6086238848445821,0.4497921331034663,9.404693599994062,"{""max_features"": 1.0, ""min_samples_leaf"": 1, ""n_components"": 17}"
md_core89,pca,et,7,group,0,92,30,70,24,0.7861087784652379,0.3254838157583462,0.9962294102171471,0.7264487423352669,9.718597400002182,"{""max_features"": 1.0, ""min_samples_leaf"": 1, ""n_components"": 17}"
md_core89,pca,et,8,group,0,93,29,70,24,0.7486895556244324,0.5482720541817008,0.9138307221108447,0.6045007258762404,11.298579900001641,"{""max_features"": 1.0, ""min_samples_leaf"": 3, ""n_components"": 22}"
md_core89,pca,et,9,group,0,89,33,70,24,0.7219026891671337,0.654821455383457,0.6975241842939319,0.5228559237343019,11.15959440000006,"{""max_features"": 1.0, ""min_samples_leaf"": 1, ""n_components"": 22}"
md_core89,pca,gbr,0,group,0,89,33,70,24,0.4281434764677449,0.6433074410545402,0.798783583311402,0.5539528494905772,8.948576700000558,"{""learning_rate"": 0.1, ""max_depth"": 2, ""n_components"": 17, ""n_estimators"": 200}"
md_core89,pca,gbr,1,group,0,93,29,70,24,0.5231745304030649,0.5631185607532337,0.8755313363794318,0.5523586649549441,9.427345700009027,"{""learning_rate"": 0.1, ""max_depth"": 2, ""n_components"": 15, ""n_estimators"": 500}"
md_core89,pca,gbr,2,group,0,95,27,70,24,0.6255216517050195,0.6357052273896706,0.9868437163064623,0.6853778715875805,8.709941399996751,"{""learning_rate"": 0.1, ""max_depth"": 3, ""n_components"": 15, ""n_estimators"": 200}"
md_core89,pca,gbr,3,group,0,96,26,70,24,0.2087851114161028,0.7515929498869867,0.649355670335244,0.49570790923096897,11.729559899991727,"{""learning_rate"": 0.1, ""max_depth"": 3, ""n_components"": 22, ""n_estimators"": 500}"
md_core89,pca,gbr,4,group,0,97,25,70,24,0.5647525598475698,0.5945325257341122,1.0726173388643083,0.8094902820939018,14.73545930000546,"{""learning_rate"": 0.1, ""max_depth"": 2, ""n_components"": 20, ""n_estimators"": 500}"
md_core89,pca,gbr,5,group,0,90,32,70,24,0.6031560894068386,0.7203648985624368,0.6155081560664831,0.44051915768615824,12.530022100007045,"{""learning_rate"": 0.03, ""max_depth"": 2, ""n_components"": 15, ""n_estimators"": 200}"
md_core89,pca,gbr,6,group,0,92,30,70,24,0.48621526756598177,0.5958397970825312,0.7521364641039512,0.5047457329032692,11.249946800002363,"{""learning_rate"": 0.03, ""max_depth"": 2, ""n_components"": 15, ""n_estimators"": 200}"
md_core89,pca,gbr,7,group,0,92,30,70,24,0.6775933842145985,0.2659863831167879,1.0392385055493152,0.7306513055622189,10.609348400001181,"{""learning_rate"": 0.03, ""max_depth"": 3, ""n_components"": 15, ""n_estimators"": 200}"
md_core89,pca,gbr,8,group,0,93,29,70,24,0.6292945334681234,0.24281317529191848,1.1831200095102947,0.7351573573014436,11.335156699991785,"{""learning_rate"": 0.03, ""max_depth"": 2, ""n_components"": 17, ""n_estimators"": 500}"
md_core89,pca,gbr,9,group,0,89,33,70,24,0.6666883144837666,0.41711366988872667,0.90641964275103,0.6444035565358067,10.594177399994805,"{""learning_rate"": 0.03, ""max_depth"": 2, ""n_components"": 22, ""n_estimators"": 200}"
md_core89,pca,hgb,0,group,0,89,33,70,24,0.4713417052248302,0.7195277237577368,0.7083160380733368,0.5305775464153641,1.62606439999945,"{""learning_rate"": 0.03, ""max_leaf_nodes"": 15, ""n_components"": 20}"
md_core89,pca,hgb,1,group,0,93,29,70,24,0.5621449503712157,0.5303529195681354,0.9077697593985914,0.5706100004970168,1.6078541000024416,"{""learning_rate"": 0.1, ""max_leaf_nodes"": 15, ""n_components"": 15}"
md_core89,pca,hgb,2,group,0,95,27,70,24,0.47483622907990564,0.6604953219638106,0.9526750507351991,0.7099578350489948,1.5992007000022568,"{""learning_rate"": 0.1, ""max_leaf_nodes"": 15, ""n_components"": 22}"
md_core89,pca,hgb,3,group,0,96,26,70,24,0.29631166467109116,0.6328409359378162,0.7894557741436081,0.6366154112391201,1.735281400004169,"{""learning_rate"": 0.1, ""max_leaf_nodes"": 15, ""n_components"": 15}"
md_core89,pca,hgb,4,group,0,97,25,70,24,0.48630162089005696,0.6531768217051861,0.9920209846534369,0.7870044656310822,1.678091299996595,"{""learning_rate"": 0.1, ""max_leaf_nodes"": 15, ""n_components"": 21}"
md_core89,pca,hgb,5,group,0,90,32,70,24,0.6446174029740519,0.5181036797221206,0.8080063508769432,0.5977746934396494,1.6093313999881502,"{""learning_rate"": 0.1, ""max_leaf_nodes"": 15, ""n_components"": 15}"
md_core89,pca,hgb,6,group,0,92,30,70,24,0.3573662893120852,0.5288122902619179,0.8121137200204448,0.6250423494619006,1.663898099999642,"{""learning_rate"": 0.1, ""max_leaf_nodes"": 15, ""n_components"": 20}"
md_core89,pca,hgb,7,group,0,92,30,70,24,0.6542761043293093,0.1885819079469635,1.0926611825892962,0.8583040741032146,1.7160590999992564,"{""learning_rate"": 0.1, ""max_leaf_nodes"": 15, ""n_components"": 21}"
md_core89,pca,hgb,8,group,0,93,29,70,24,0.6113416025576022,0.5071707171279966,0.9544991095284117,0.7344377113042713,1.5210100000113016,"{""learning_rate"": 0.1, ""max_leaf_nodes"": 15, ""n_components"": 17}"
md_core89,pca,hgb,9,group,0,89,33,70,24,0.5659670219530438,0.40990914155413993,0.9120041543079637,0.6937767207268052,1.5099436000018613,"{""learning_rate"": 0.1, ""max_leaf_nodes"": 15, ""n_components"": 22}"
md_core89,pca,xgb,0,group,0,89,33,70,24,0.4415286682506867,0.560366168792374,0.8868040310083313,0.6507669925807734,6.600973000007798,"{""learning_rate"": 0.1, ""max_depth"": 2, ""n_components"": 22, ""n_estimators"": 200}"
md_core89,pca,xgb,1,group,0,93,29,70,24,0.5302622166206321,0.6569343159031973,0.7758513801061021,0.5237666883368889,5.612921899999492,"{""learning_rate"": 0.03, ""max_depth"": 2, ""n_components"": 22, ""n_estimators"": 200}"
md_core89,pca,xgb,2,group,0,95,27,70,24,0.6863456064832054,0.6871606916058147,0.9144975976427411,0.6449298700372268,4.916873800000758,"{""learning_rate"": 0.1, ""max_depth"": 2, ""n_components"": 15, ""n_estimators"": 200}"
md_core89,pca,xgb,3,group,0,96,26,70,24,0.34732948443937356,0.6891683000224822,0.7263790841324315,0.579369316261409,4.441525699992781,"{""learning_rate"": 0.03, ""max_depth"": 2, ""n_components"": 22, ""n_estimators"": 500}"
md_core89,pca,xgb,4,group,0,97,25,70,24,0.5517072614581612,0.600330907916502,1.0649202467931007,0.8231052660495607,5.833370599997579,"{""learning_rate"": 0.1, ""max_depth"": 2, ""n_components"": 17, ""n_estimators"": 500}"
md_core89,pca,xgb,5,group,0,90,32,70,24,0.6316056681433102,0.6762044944181329,0.6623283997529139,0.4898784586839676,4.632496399994125,"{""learning_rate"": 0.1, ""max_depth"": 2, ""n_components"": 17, ""n_estimators"": 200}"
md_core89,pca,xgb,6,group,0,92,30,70,24,0.5159492270650444,0.6569642992703213,0.692930265988522,0.4673704723473632,5.165628000002471,"{""learning_rate"": 0.03, ""max_depth"": 2, ""n_components"": 15, ""n_estimators"": 200}"
md_core89,pca,xgb,7,group,0,92,30,70,24,0.7180477130127616,0.3237053520505778,0.9975419002303016,0.73992735019729,5.7839453000051435,"{""learning_rate"": 0.1, ""max_depth"": 2, ""n_components"": 21, ""n_estimators"": 200}"
md_core89,pca,xgb,8,group,0,93,29,70,24,0.6721918851531068,0.24341354421928474,1.1826508720903322,0.8159607747392577,4.986168100003852,"{""learning_rate"": 0.1, ""max_depth"": 2, ""n_components"": 15, ""n_estimators"": 500}"
md_core89,pca,xgb,9,group,0,89,33,70,24,0.6715862036780216,0.3400033581437072,0.964513334431302,0.6891411156099966,5.400114099989878,"{""learning_rate"": 0.03, ""max_depth"": 2, ""n_components"": 15, ""n_estimators"": 200}"
md_core89,pca,lgbm,0,group,0,89,33,70,24,0.4625852829463547,0.7111569277265131,0.7188083008429611,0.5576962390815016,3.694385000009788,"{""learning_rate"": 0.03, ""n_components"": 19, ""n_estimators"": 500, ""num_leaves"": 15}"
md_core89,pca,lgbm,1,group,0,93,29,70,24,0.578173975938617,0.620338421688478,0.8161842726477978,0.5131206105400714,1.3207586000062292,"{""learning_rate"": 0.03, ""n_components"": 15, ""n_estimators"": 200, ""num_leaves"": 15}"
md_core89,pca,lgbm,2,group,0,95,27,70,24,0.5152406981922972,0.6473945469056694,0.9708819400725834,0.7370675296909911,0.9068615000142017,"{""learning_rate"": 0.1, ""n_components"": 20, ""n_estimators"": 500, ""num_leaves"": 15}"
md_core89,pca,lgbm,3,group,0,96,26,70,24,0.3010671889070754,0.7152299591513287,0.6952609336079907,0.5628264538795802,0.7967398000037065,"{""learning_rate"": 0.03, ""n_components"": 15, ""n_estimators"": 200, ""num_leaves"": 15}"
md_core89,pca,lgbm,4,group,0,97,25,70,24,0.5108271095066925,0.6624375186551725,0.9786871530238038,0.7803993000135518,0.7945826000068337,"{""learning_rate"": 0.1, ""n_components"": 19, ""n_estimators"": 500, ""num_leaves"": 15}"
md_core89,pca,lgbm,5,group,0,90,32,70,24,0.6709060660467708,0.5292158894884043,0.7986359716712143,0.5766172306527991,0.7260583000024781,"{""learning_rate"": 0.1, ""n_components"": 17, ""n_estimators"": 200, ""num_leaves"": 15}"
md_core89,pca,lgbm,6,group,0,92,30,70,24,0.385814092975613,0.5814025371683179,0.7654523601700872,0.5611387337366289,0.745989400005783,"{""learning_rate"": 0.03, ""n_components"": 20, ""n_estimators"": 200, ""num_leaves"": 15}"
md_core89,pca,lgbm,7,group,0,92,30,70,24,0.6020294822371018,0.2345123265351784,1.0612856015799665,0.8378185591825833,0.7334211999987019,"{""learning_rate"": 0.03, ""n_components"": 15, ""n_estimators"": 200, ""num_leaves"": 15}"
md_core89,pca,lgbm,8,group,0,93,29,70,24,0.5890202494166195,0.4537546014861433,1.0048961236644383,0.7610604755991615,0.7313613000005716,"{""learning_rate"": 0.03, ""n_components"": 17, ""n_estimators"": 200, ""num_leaves"": 15}"
md_core89,pca,lgbm,9,group,0,89,33,70,24,0.555179171659964,0.40245801730705666,0.917744066099042,0.669529469623574,0.726966000001994,"{""learning_rate"": 0.03, ""n_components"": 22, ""n_estimators"": 200, ""num_leaves"": 15}"
md_core89,raw,nusvr,0,group,0,89,33,70,24,0.6615799291271042,0.8083065914614425,0.5855792724311042,0.4908508925611126,8.94083330000285,"{""C"": 10.0, ""kernel"": ""rbf"", ""nu"": 0.1}"
md_core89,raw,nusvr,1,group,0,93,29,70,24,0.7169419482075474,0.7329653990284848,0.6845003378904038,0.5381195034775428,9.12869209999917,"{""C"": 0.1, ""kernel"": ""linear"", ""nu"": 0.5}"
md_core89,raw,nusvr,2,group,0,95,27,70,24,0.7186591643940924,0.7332333034463732,0.8444767862704404,0.6715371419663652,9.978542699987884,"{""C"": 0.1, ""kernel"": ""linear"", ""nu"": 0.9}"
md_core89,raw,nusvr,3,group,0,96,26,70,24,0.5526115282624359,0.7298401986956118,0.6771907894712498,0.5249111815395687,8.201148400010425,"{""C"": 10.0, ""kernel"": ""rbf"", ""nu"": 0.1}"
md_core89,raw,nusvr,4,group,0,97,25,70,24,0.581348715765922,0.7073100389297262,0.9113196099688893,0.6665862606820764,8.527308500008075,"{""C"": 1.0, ""kernel"": ""rbf"", ""nu"": 0.5}"
md_core89,raw,nusvr,5,group,0,90,32,70,24,0.7063509932415564,0.6780420433021339,0.6604463593575548,0.5566156557362932,10.05813340000168,"{""C"": 10.0, ""kernel"": ""rbf"", ""nu"": 0.1}"
md_core89,raw,nusvr,6,group,0,92,30,70,24,0.5408633723128757,0.7556805769267557,0.584788559501332,0.4481106003547878,9.709005900003831,"{""C"": 1.0, ""kernel"": ""rbf"", ""nu"": 0.9}"
md_core89,raw,nusvr,7,group,0,92,30,70,24,0.7534642129572923,0.3798097101402106,0.9552689298262192,0.7145083610584728,9.229213400001754,"{""C"": 0.1, ""kernel"": ""linear"", ""nu"": 0.1}"
md_core89,raw,nusvr,8,group,0,93,29,70,24,0.7306362365127346,0.6613464581670598,0.7912342645668835,0.604888801768761,8.875214500003494,"{""C"": 10.0, ""kernel"": ""rbf"", ""nu"": 0.1}"
md_core89,raw,nusvr,9,group,0,89,33,70,24,0.6782504130080589,0.7000463918285624,0.6502261306239369,0.5084893017205911,9.014642099995399,"{""C"": 10.0, ""kernel"": ""rbf"", ""nu"": 0.1}"
md_core89,raw,svr,0,group,0,89,33,70,24,0.6449112848113618,0.7943266250030656,0.6065563353622776,0.48634485942605754,0.047686899997643195,"{""C"": 10.0, ""epsilon"": 0.1}"
md_core89,raw,svr,1,group,0,93,29,70,24,0.6774556143326781,0.7502411725250646,0.6619883109494583,0.45923709033028465,0.058375799999339506,"{""C"": 1.0, ""epsilon"": 0.05}"
md_core89,raw,svr,2,group,0,95,27,70,24,0.6821387599236861,0.7632877978843484,0.7954854366531616,0.6263694010284563,0.05673190001107287,"{""C"": 10.0, ""epsilon"": 0.1}"
md_core89,raw,svr,3,group,0,96,26,70,24,0.49777113761208325,0.6865549033538774,0.7294263010346768,0.5603039797837516,0.05902610000339337,"{""C"": 10.0, ""epsilon"": 0.1}"
md_core89,raw,svr,4,group,0,97,25,70,24,0.5794741751316412,0.7025320913670965,0.9187278089779406,0.6718654478498067,0.05899380000482779,"{""C"": 1.0, ""epsilon"": 0.1}"
md_core89,raw,svr,5,group,0,90,32,70,24,0.7055437297553582,0.685462764551268,0.6527907651498582,0.529029137689827,0.058177300001261756,"{""C"": 1.0, ""epsilon"": 0.1}"
md_core89,raw,svr,6,group,0,92,30,70,24,0.534868563105535,0.7596689218087629,0.5799957858178083,0.44357516612457304,0.08821430000534747,"{""C"": 1.0, ""epsilon"": 0.05}"
md_core89,raw,svr,7,group,0,92,30,70,24,0.7503254027985948,0.3731937569250241,0.9603506354582777,0.7639987355359317,0.05814280000049621,"{""C"": 10.0, ""epsilon"": 0.1}"
md_core89,raw,svr,8,group,0,93,29,70,24,0.7256517156921529,0.6607053331157409,0.7919828766177616,0.6248856164824366,0.05776599999808241,"{""C"": 10.0, ""epsilon"": 0.1}"
md_core89,raw,svr,9,group,0,89,33,70,24,0.6680313174244515,0.671262587769361,0.6807097000786585,0.5226367002461815,0.057807699995464645,"{""C"": 10.0, ""epsilon"": 0.1}"
md_core89,raw,ridge,0,group,0,89,33,70,24,0.6441034169115958,0.7902396679136401,0.6125531631134563,0.48332388156806677,0.057642600004328415,"{""alpha"": 10.0}"
md_core89,raw,ridge,1,group,0,93,29,70,24,0.7275934909422598,0.7527373590864437,0.6586719198896491,0.5016690143046019,0.057493100001011044,"{""alpha"": 10.0}"
md_core89,raw,ridge,2,group,0,95,27,70,24,0.7187519686546816,0.7527999701592485,0.8129169326905624,0.6454628077541145,0.05606110001099296,"{""alpha"": 10.0}"
md_core89,raw,ridge,3,group,0,96,26,70,24,0.42823113372126864,0.8033889548876285,0.5777030153491517,0.44131941422978105,0.05643829998734873,"{""alpha"": 100.0}"
md_core89,raw,ridge,4,group,0,97,25,70,24,0.5877103432356998,0.7289893181999947,0.8769200633624136,0.6441174195269815,0.05718800000613555,"{""alpha"": 100.0}"
md_core89,raw,ridge,5,group,0,90,32,70,24,0.7129594451478689,0.6770743889258193,0.661438110486092,0.49423020360221537,0.055900400009704754,"{""alpha"": 100.0}"
md_core89,raw,ridge,6,group,0,92,30,70,24,0.5382095000017815,0.7425399689748859,0.6003088960334735,0.4640003304370531,0.056578899995656684,"{""alpha"": 100.0}"
md_core89,raw,ridge,7,group,0,92,30,70,24,0.7503459101525572,0.30297375064090215,1.0127161553698585,0.7723120527951673,0.05738370001199655,"{""alpha"": 100.0}"
md_core89,raw,ridge,8,group,0,93,29,70,24,0.7199775893007496,0.6284026417175286,0.8288264157249786,0.6479772383496695,0.060326399994664825,"{""alpha"": 100.0}"
md_core89,raw,ridge,9,group,0,89,33,70,24,0.64989355789244,0.6879576972321546,0.6631993781885833,0.5089279100451686,0.046210400003474206,"{""alpha"": 100.0}"
md_core89,raw,enet,0,group,0,89,33,70,24,0.6887886830370016,0.7973506451581691,0.6020807175979689,0.48297567950295445,0.12340240000048652,"{""alpha"": 0.1, ""l1_ratio"": 0.15}"
md_core89,raw,enet,1,group,0,93,29,70,24,0.7191597730064844,0.7479913027139578,0.6649632776209277,0.4975377431117116,0.14145549999375362,"{""alpha"": 0.1, ""l1_ratio"": 0.15}"
md_core89,raw,enet,2,group,0,95,27,70,24,0.72532692168323,0.6965843340836833,0.9006185971805141,0.7007048675114679,0.1307329999981448,"{""alpha"": 0.1, ""l1_ratio"": 0.5}"
md_core89,raw,enet,3,group,0,96,26,70,24,0.48693483591314274,0.7667417726432237,0.6292441170762225,0.49811303652891065,0.12319609998667147,"{""alpha"": 0.1, ""l1_ratio"": 0.5}"
md_core89,raw,enet,4,group,0,97,25,70,24,0.5458673934417282,0.7984915378538171,0.7561595586781821,0.5684828992203047,0.13821499999903608,"{""alpha"": 0.1, ""l1_ratio"": 0.15}"
md_core89,raw,enet,5,group,0,90,32,70,24,0.7029819610610935,0.7087885945065874,0.6281193310389174,0.46075123577850646,0.12545849999878556,"{""alpha"": 0.1, ""l1_ratio"": 0.5}"
md_core89,raw,enet,6,group,0,92,30,70,24,0.5470472578361513,0.7443174743521435,0.5982330390444885,0.4577501094336975,0.1217902999924263,"{""alpha"": 0.1, ""l1_ratio"": 0.5}"
md_core89,raw,enet,7,group,0,92,30,70,24,0.7617959871296875,0.24649594206495262,1.0529456848470098,0.8050061749685569,0.11279869999270886,"{""alpha"": 0.1, ""l1_ratio"": 0.5}"
md_core89,raw,enet,8,group,0,93,29,70,24,0.7453417015284739,0.6107254596785406,0.848311345607775,0.658783427351313,0.13243649998912588,"{""alpha"": 0.1, ""l1_ratio"": 0.85}"
md_core89,raw,enet,9,group,0,89,33,70,24,0.6325523558469469,0.7041171538969866,0.645798849566679,0.507329734718313,0.1048682000109693,"{""alpha"": 0.1, ""l1_ratio"": 0.85}"
md_core89,raw,knn,0,group,0,89,33,70,24,0.6436773311058729,0.7137550563650688,0.7155681762736318,0.5146435026624127,0.055711900000460446,"{""n_neighbors"": 3, ""weights"": ""distance""}"
md_core89,raw,knn,1,group,0,93,29,70,24,0.6994749982086577,0.6385744996864555,0.7963413975311326,0.49999719858529484,0.04413670000212733,"{""n_neighbors"": 10, ""weights"": ""distance""}"
md_core89,raw,knn,2,group,0,95,27,70,24,0.6889225370831535,0.7306504588542563,0.8485550655961445,0.5912723088346026,0.04699439999239985,"{""n_neighbors"": 3, ""weights"": ""distance""}"
md_core89,raw,knn,3,group,0,96,26,70,24,0.5219393318773582,0.7639222726432149,0.6330356761418766,0.48042098809092776,0.05523609998635948,"{""n_neighbors"": 3, ""weights"": ""distance""}"
md_core89,raw,knn,4,group,0,97,25,70,24,0.5860018572953714,0.7262204491826632,0.8813883493520287,0.6379591648455163,0.04463309999846388,"{""n_neighbors"": 5, ""weights"": ""distance""}"
md_core89,raw,knn,5,group,0,90,32,70,24,0.7091366736555907,0.5386950798995906,0.7905548595024412,0.5232265426426935,0.043510300005436875,"{""n_neighbors"": 10, ""weights"": ""distance""}"
md_core89,raw,knn,6,group,0,92,30,70,24,0.5718844348904614,0.6432740963985354,0.7066220639989362,0.5337446874520761,0.04399829999601934,"{""n_neighbors"": 10, ""weights"": ""distance""}"
md_core89,raw,knn,7,group,0,92,30,70,24,0.781224895809502,-0.06847709608081787,1.253850564699399,0.8641693484958882,0.0450008999905549,"{""n_neighbors"": 5, ""weights"": ""distance""}"
md_core89,raw,knn,8,group,0,93,29,70,24,0.7625958044071185,0.43220988772990376,1.0245217621724894,0.5869323191812618,0.044321399996988475,"{""n_neighbors"": 5, ""weights"": ""distance""}"
md_core89,raw,knn,9,group,0,89,33,70,24,0.661585800227918,0.7322534947562451,0.6143265409856246,0.47267427279928614,0.0442853999993531,"{""n_neighbors"": 10, ""weights"": ""distance""}"
md_core89,raw,pls,0,group,0,89,33,70,24,0.645101596435147,0.7908616904355594,0.6116442573414667,0.4808583644663654,0.03143679999629967,"{""n_components"": 5}"
md_core89,raw,pls,1,group,0,93,29,70,24,0.6729505656796981,0.7489903043030717,0.6636439600084902,0.5016362745983397,0.032372099987696856,"{""n_components"": 5}"
md_core89,raw,pls,2,group,0,95,27,70,24,0.7381115672104972,0.7158619157917803,0.8715386156309989,0.7051754870206994,0.03314019998651929,"{""n_components"": 5}"
md_core89,raw,pls,3,group,0,96,26,70,24,0.4096743496954841,0.7213542698175217,0.6877441022226044,0.5161651941156964,0.03215450000425335,"{""n_components"": 5}"
md_core89,raw,pls,4,group,0,97,25,70,24,0.5813020937855231,0.7472037906021592,0.8469389008281472,0.6347507222803788,0.03186390000337269,"{""n_components"": 2}"
md_core89,raw,pls,5,group,0,90,32,70,24,0.6803869638465434,0.6467600107867293,0.6917878030772219,0.5006589090166392,0.032764099989435636,"{""n_components"": 2}"
md_core89,raw,pls,6,group,0,92,30,70,24,0.48336667704846475,0.7139092354723187,0.6328077506575833,0.4752803534706453,0.03223260000231676,"{""n_components"": 2}"
md_core89,raw,pls,7,group,0,92,30,70,24,0.7451191796837803,0.17770360014722597,1.0999611991053218,0.8668068114761944,0.03201160000753589,"{""n_components"": 5}"
md_core89,raw,pls,8,group,0,93,29,70,24,0.7084206210598747,0.4989330375314699,0.9624433133439261,0.7724395549567674,0.03163849998963997,"{""n_components"": 2}"
md_core89,raw,pls,9,group,0,89,33,70,24,0.649988607648887,0.6173370755327527,0.7344218113897061,0.5628216350837824,0.031633699996746145,"{""n_components"": 2}"
md_core89,raw,rf,0,group,0,89,33,70,24,0.6837707520017322,0.8297270514277036,0.5518930616639779,0.44128168699559517,1.533938799999305,"{""max_features"": 0.3, ""min_samples_leaf"": 3}"
md_core89,raw,rf,1,group,0,93,29,70,24,0.7653624173310625,0.7866252783255936,0.6118731292589502,0.4497161231898605,1.60685260000173,"{""max_features"": 0.3, ""min_samples_leaf"": 1}"
md_core89,raw,rf,2,group,0,95,27,70,24,0.7488005915071819,0.7462051595652969,0.823689073138012,0.5901476136466209,1.7008691999944858,"{""max_features"": 0.3, ""min_samples_leaf"": 3}"
md_core89,raw,rf,3,group,0,96,26,70,24,0.5684752159535734,0.7683494083178517,0.6270719657764893,0.4812853060842481,1.692119899991667,"{""max_features"": 0.3, ""min_samples_leaf"": 3}"
md_core89,raw,rf,4,group,0,97,25,70,24,0.6320281505274382,0.7900515351611321,0.7718326637775171,0.5527473617266376,1.760745699997642,"{""max_features"": 0.3, ""min_samples_leaf"": 1}"
md_core89,raw,rf,5,group,0,90,32,70,24,0.7578941340399926,0.7704296401043226,0.5576938776052732,0.4257049356686896,1.6827899000054458,"{""max_features"": 0.3, ""min_samples_leaf"": 1}"
md_core89,raw,rf,6,group,0,92,30,70,24,0.5911551998291456,0.8296956962553559,0.4882392414246554,0.36966915170830933,1.6409619999903953,"{""max_features"": 0.3, ""min_samples_leaf"": 3}"
md_core89,raw,rf,7,group,0,92,30,70,24,0.7548363468621764,0.4767663453998131,0.87742702458849,0.6471165351960678,1.6774642000091262,"{""max_features"": ""sqrt"", ""min_samples_leaf"": 1}"
md_core89,raw,rf,8,group,0,93,29,70,24,0.7910683573245801,0.7248011428007489,0.7132644655235629,0.5345344973276515,1.6873476000037044,"{""max_features"": 0.3, ""min_samples_leaf"": 1}"
md_core89,raw,rf,9,group,0,89,33,70,24,0.6707611490039805,0.7805461771035221,0.5561717793445926,0.42366887892581506,1.7397830999980215,"{""max_features"": ""sqrt"", ""min_samples_leaf"": 1}"
md_core89,raw,et,0,group,0,89,33,70,24,0.6919331130596728,0.8230864670122309,0.5625519489414232,0.434913545736727,1.3908129999908851,"{""max_features"": 1.0, ""min_samples_leaf"": 1}"
md_core89,raw,et,1,group,0,93,29,70,24,0.7844524154424544,0.7543299867624782,0.6565472281451946,0.44347132107965515,1.2074771000043256,"{""max_features"": 1.0, ""min_samples_leaf"": 3}"
md_core89,raw,et,2,group,0,95,27,70,24,0.7433715716872686,0.7915366907308474,0.7465118813134896,0.5528288079163084,1.283996300000581,"{""max_features"": 1.0, ""min_samples_leaf"": 3}"
md_core89,raw,et,3,group,0,96,26,70,24,0.6155345607711277,0.8189174589409363,0.5544201022009813,0.42975843295648536,1.270573500005412,"{""max_features"": 1.0, ""min_samples_leaf"": 3}"
md_core89,raw,et,4,group,0,97,25,70,24,0.612585548929235,0.7962642789251363,0.7603269641528323,0.5544249549653602,1.6997562000033213,"{""max_features"": 1.0, ""min_samples_leaf"": 1}"
md_core89,raw,et,5,group,0,90,32,70,24,0.778479899470753,0.7470590511887092,0.5853930215699311,0.42531460099231483,1.670180100001744,"{""max_features"": 1.0, ""min_samples_leaf"": 1}"
md_core89,raw,et,6,group,0,92,30,70,24,0.6368910033556047,0.7500092268666362,0.5915369264460317,0.4392819053879316,1.4338754000054905,"{""max_features"": 0.3, ""min_samples_leaf"": 1}"
md_core89,raw,et,7,group,0,92,30,70,24,0.7790418808994692,0.3768219866864999,0.957567136002193,0.7011090841697988,1.4026847999921301,"{""max_features"": 0.3, ""min_samples_leaf"": 1}"
md_core89,raw,et,8,group,0,93,29,70,24,0.8129903142177616,0.7143886626248945,0.7266327978004697,0.5607955404677892,1.5700726000068244,"{""max_features"": 1.0, ""min_samples_leaf"": 1}"
md_core89,raw,et,9,group,0,89,33,70,24,0.6816139957756461,0.7835444139230155,0.5523594294304477,0.4205429702895121,1.2492356000002474,"{""max_features"": ""sqrt"", ""min_samples_leaf"": 1}"
md_core89,raw,gbr,0,group,0,89,33,70,24,0.7046755546880414,0.7851000478405679,0.6200122429228558,0.49675165101729685,1.3817660999920918,"{""learning_rate"": 0.03, ""max_depth"": 3, ""n_estimators"": 200}"
md_core89,raw,gbr,1,group,0,93,29,70,24,0.7592011084820995,0.7827344584681832,0.6174265827470322,0.4753134617824982,1.37216709999484,"{""learning_rate"": 0.03, ""max_depth"": 2, ""n_estimators"": 200}"
md_core89,raw,gbr,2,group,0,95,27,70,24,0.7138048967460152,0.7831198387526374,0.761433226512407,0.5413598584361969,1.5828187000006437,"{""learning_rate"": 0.03, ""max_depth"": 2, ""n_estimators"": 500}"
md_core89,raw,gbr,3,group,0,96,26,70,24,0.5222239260899297,0.7749731638898714,0.6180417812124467,0.4897339463364503,1.7919546000048285,"{""learning_rate"": 0.03, ""max_depth"": 3, ""n_estimators"": 500}"
md_core89,raw,gbr,4,group,0,97,25,70,24,0.6516634772990006,0.823649654499416,0.7073835555360103,0.5154877303940631,1.4466757000045618,"{""learning_rate"": 0.03, ""max_depth"": 2, ""n_estimators"": 200}"
md_core89,raw,gbr,5,group,0,90,32,70,24,0.7422570114386241,0.8271510392168147,0.4839175309796474,0.3593482209127288,1.6774872999958461,"{""learning_rate"": 0.03, ""max_depth"": 3, ""n_estimators"": 500}"
md_core89,raw,gbr,6,group,0,92,30,70,24,0.35848644568071875,0.7043896120769362,0.6432498836174344,0.4594619487503016,1.3846086000121431,"{""learning_rate"": 0.03, ""max_depth"": 2, ""n_estimators"": 200}"
md_core89,raw,gbr,7,group,0,92,30,70,24,0.7294665289847986,0.6194303876937214,0.7483077192691178,0.5448844282582391,1.571723100001691,"{""learning_rate"": 0.03, ""max_depth"": 2, ""n_estimators"": 500}"
md_core89,raw,gbr,8,group,0,93,29,70,24,0.7786765170636293,0.6879513040072165,0.7595186828226838,0.5924135115710448,1.6196328999940306,"{""learning_rate"": 0.1, ""max_depth"": 2, ""n_estimators"": 500}"
md_core89,raw,gbr,9,group,0,89,33,70,24,0.6384710620216607,0.7793767998687943,0.557651613498705,0.43379667819737316,1.5493071999953827,"{""learning_rate"": 0.1, ""max_depth"": 2, ""n_estimators"": 500}"
md_core89,raw,hgb,0,group,0,89,33,70,24,0.5835885743322372,0.8257871952588469,0.5582415297957538,0.43416140291657557,0.12520049999875482,"{""learning_rate"": 0.1, ""max_leaf_nodes"": 15}"
md_core89,raw,hgb,1,group,0,93,29,70,24,0.6361823914261009,0.7235115497520576,0.696511665586803,0.48053821689901943,0.14778119999391492,"{""learning_rate"": 0.03, ""max_leaf_nodes"": 15}"
md_core89,raw,hgb,2,group,0,95,27,70,24,0.7130841952367883,0.6930616265094445,0.9058316773349875,0.6601803611909666,0.14355049999721814,"{""learning_rate"": 0.1, ""max_leaf_nodes"": 15}"
md_core89,raw,hgb,3,group,0,96,26,70,24,0.43325724491367906,0.733216114998404,0.6729464009876382,0.5205356607185532,0.14944339999055956,"{""learning_rate"": 0.1, ""max_leaf_nodes"": 15}"
md_core89,raw,hgb,4,group,0,97,25,70,24,0.534648188892819,0.8587950008012559,0.6329826970841392,0.48115154099377433,0.14047589999972843,"{""learning_rate"": 0.1, ""max_leaf_nodes"": 15}"
md_core89,raw,hgb,5,group,0,90,32,70,24,0.6940065479972491,0.6606134969625499,0.6780867414851195,0.540149367969737,0.12878040000214241,"{""learning_rate"": 0.1, ""max_leaf_nodes"": 15}"
md_core89,raw,hgb,6,group,0,92,30,70,24,0.5306611435313832,0.7854286406471029,0.5480317840910727,0.44494494393397943,0.1438897000043653,"{""learning_rate"": 0.1, ""max_leaf_nodes"": 15}"
md_core89,raw,hgb,7,group,0,92,30,70,24,0.6940780712018295,0.5554828807737662,0.8087371941316505,0.6294589336195942,0.15764399999170564,"{""learning_rate"": 0.1, ""max_leaf_nodes"": 15}"
md_core89,raw,hgb,8,group,0,93,29,70,24,0.7122148217697776,0.6935309603917781,0.7526976824859203,0.5644035106847288,0.14032580000639427,"{""learning_rate"": 0.1, ""max_leaf_nodes"": 15}"
md_core89,raw,hgb,9,group,0,89,33,70,24,0.5422104130525474,0.6854851931186202,0.665821663319722,0.4862482212681919,0.14783040000475012,"{""learning_rate"": 0.1, ""max_leaf_nodes"": 15}"
md_core89,raw,xgb,0,group,0,89,33,70,24,0.6681460813641023,0.7779979242413957,0.63017420688408,0.4923209518706942,0.5337264999980107,"{""learning_rate"": 0.03, ""max_depth"": 2, ""n_estimators"": 200}"
md_core89,raw,xgb,1,group,0,93,29,70,24,0.7657331813174013,0.7644671760918115,0.642858835197374,0.4515341535956612,0.6283362999965902,"{""learning_rate"": 0.03, ""max_depth"": 4, ""n_estimators"": 200}"
md_core89,raw,xgb,2,group,0,95,27,70,24,0.7652129023995963,0.8030437249150655,0.7256159515296737,0.5437337306413211,0.6137850999948569,"{""learning_rate"": 0.03, ""max_depth"": 2, ""n_estimators"": 500}"
md_core89,raw,xgb,3,group,0,96,26,70,24,0.5735360598729373,0.7325782608221654,0.6737503952202656,0.5266126235438233,0.8386136000044644,"{""learning_rate"": 0.03, ""max_depth"": 4, ""n_estimators"": 500}"
md_core89,raw,xgb,4,group,0,97,25,70,24,0.6233566655477498,0.8167052476257277,0.7211769175042205,0.5336810813606544,0.5500047999958042,"{""learning_rate"": 0.03, ""max_depth"": 2, ""n_estimators"": 200}"
md_core89,raw,xgb,5,group,0,90,32,70,24,0.7726364163012652,0.7323889547788716,0.6021296128479224,0.4646291676746598,0.6636413000087487,"{""learning_rate"": 0.1, ""max_depth"": 4, ""n_estimators"": 500}"
md_core89,raw,xgb,6,group,0,92,30,70,24,0.551446359720516,0.746171516608414,0.596060095547048,0.47538457138566076,0.5372914000035962,"{""learning_rate"": 0.1, ""max_depth"": 2, ""n_estimators"": 200}"
md_core89,raw,xgb,7,group,0,92,30,70,24,0.7652516504860584,0.5863149699367516,0.7801858584578498,0.5873347481155193,0.6740355000074487,"{""learning_rate"": 0.1, ""max_depth"": 4, ""n_estimators"": 500}"
md_core89,raw,xgb,8,group,0,93,29,70,24,0.773259626547971,0.7055656174321024,0.7377709264385964,0.5640311150369073,0.5691981999989366,"{""learning_rate"": 0.1, ""max_depth"": 2, ""n_estimators"": 200}"
md_core89,raw,xgb,9,group,0,89,33,70,24,0.654961442785513,0.7696176556229044,0.5698518597134653,0.43148233946905334,0.5440750999987358,"{""learning_rate"": 0.1, ""max_depth"": 2, ""n_estimators"": 200}"
md_core89,raw,lgbm,0,group,0,89,33,70,24,0.6170847182702263,0.7707578643312784,0.6403675682924578,0.5349746818885056,0.19663639999635052,"{""learning_rate"": 0.1, ""n_estimators"": 500, ""num_leaves"": 15}"
md_core89,raw,lgbm,1,group,0,93,29,70,24,0.641513352105818,0.7637979032339214,0.6437715376307228,0.4741289480942029,0.19168449999415316,"{""learning_rate"": 0.03, ""n_estimators"": 200, ""num_leaves"": 15}"
md_core89,raw,lgbm,2,group,0,95,27,70,24,0.7190427259058338,0.730755089888883,0.8483902355056931,0.6399943844401205,0.20593290000397246,"{""learning_rate"": 0.03, ""n_estimators"": 500, ""num_leaves"": 15}"
md_core89,raw,lgbm,3,group,0,96,26,70,24,0.45369679888995956,0.7491102177238986,0.6525926314920736,0.49664644642774936,0.21027759999560658,"{""learning_rate"": 0.03, ""n_estimators"": 500, ""num_leaves"": 15}"
md_core89,raw,lgbm,4,group,0,97,25,70,24,0.5576338300723792,0.8487058042301897,0.655206105524389,0.5011307840580876,0.21426890000293497,"{""learning_rate"": 0.1, ""n_estimators"": 500, ""num_leaves"": 15}"
md_core89,raw,lgbm,5,group,0,90,32,70,24,0.6889847177939515,0.6341812000871246,0.7039972774628614,0.5660457213141808,0.17798360000597313,"{""learning_rate"": 0.03, ""n_estimators"": 200, ""num_leaves"": 15}"
md_core89,raw,lgbm,6,group,0,92,30,70,24,0.4982335924035833,0.6870796262816019,0.6618152812444394,0.503882918165909,0.17756419999932405,"{""learning_rate"": 0.03, ""n_estimators"": 200, ""num_leaves"": 15}"
md_core89,raw,lgbm,7,group,0,92,30,70,24,0.7244245730318946,0.33897212377264474,0.9862183038523914,0.7962469564018101,0.20096220000414178,"{""learning_rate"": 0.03, ""n_estimators"": 500, ""num_leaves"": 15}"
md_core89,raw,lgbm,8,group,0,93,29,70,24,0.6961114260232779,0.6775279659634776,0.7720995577049652,0.56865389310222,0.16927699999359902,"{""learning_rate"": 0.03, ""n_estimators"": 200, ""num_leaves"": 15}"
md_core89,raw,lgbm,9,group,0,89,33,70,24,0.6189876221978784,0.704187855118453,0.6457216881226236,0.46494707732223467,0.17927580000832677,"{""learning_rate"": 0.03, ""n_estimators"": 200, ""num_leaves"": 15}"
maccs_correct,pca,nusvr,0,group,0,89,33,70,24,0.09579756389584373,0.06837799924328869,1.2909278609956785,1.0219191230931706,13.812171199999284,"{""C"": 0.1, ""kernel"": ""linear"", ""n_components"": 17, ""nu"": 0.3}"
maccs_correct,pca,nusvr,1,group,0,93,29,70,24,0.057423986005516084,0.26196761390828716,1.1379616004989508,0.7356145335537501,19.193692400003783,"{""C"": 1.0, ""kernel"": ""rbf"", ""n_components"": 22, ""nu"": 0.9}"
maccs_correct,pca,nusvr,2,group,0,95,27,70,24,0.15738798389008504,0.04783345335282829,1.5954322618873316,0.9676314669048791,15.52765800000634,"{""C"": 10.0, ""kernel"": ""poly"", ""n_components"": 15, ""nu"": 0.3}"
maccs_correct,pca,nusvr,3,group,0,96,26,70,24,-0.13929392166962432,-0.14987982723438842,1.3970981128397966,0.9451018003464637,15.834579800008214,"{""C"": 1.0, ""kernel"": ""poly"", ""n_components"": 15, ""nu"": 0.9}"
maccs_correct,pca,nusvr,4,group,0,97,25,70,24,-0.0972434733533432,-0.11602881979054014,1.7795266939018288,1.2329029264098625,13.144494399995892,"{""C"": 0.1, ""kernel"": ""rbf"", ""n_components"": 17, ""nu"": 0.5}"
maccs_correct,pca,nusvr,5,group,0,90,32,70,24,0.1169811298331381,0.1572899988795763,1.0685061921658583,0.7605646126806427,15.569781300000614,"{""C"": 1.0, ""kernel"": ""rbf"", ""n_components"": 21, ""nu"": 0.9}"
maccs_correct,pca,nusvr,6,group,0,92,30,70,24,-0.08863189768161943,-0.025928236037661367,1.1983353256321345,0.7501339294561558,14.988834599993424,"{""C"": 0.1, ""kernel"": ""rbf"", ""n_components"": 17, ""nu"": 0.7}"
maccs_correct,pca,nusvr,7,group,0,92,30,70,24,0.08341567017846499,-0.6718145125211485,1.5684013837923907,1.1861843204711051,12.65435620000062,"{""C"": 0.1, ""kernel"": ""linear"", ""n_components"": 17, ""nu"": 0.5}"
maccs_correct,pca,nusvr,8,group,0,93,29,70,24,0.15298656334230415,0.2572044076975746,1.1718227741365481,0.8304673651563983,15.609997299994575,"{""C"": 0.1, ""kernel"": ""linear"", ""n_components"": 21, ""nu"": 0.7}"
maccs_correct,pca,nusvr,9,group,0,89,33,70,24,0.18679406188635456,0.13028331348705202,1.107200503357578,0.6874442170832626,15.842663400006131,"{""C"": 10.0, ""kernel"": ""rbf"", ""n_components"": 19, ""nu"": 0.3}"
maccs_correct,pca,svr,0,group,0,89,33,70,24,-0.011215290446694736,0.2471781068664255,1.1604547916578103,0.8197202424841583,0.30448010000691283,"{""C"": 1.0, ""epsilon"": 0.1, ""n_components"": 17}"
maccs_correct,pca,svr,1,group,0,93,29,70,24,0.0562412419265574,0.26511138590547945,1.1355353453999288,0.7305873496362721,0.37128520000260323,"{""C"": 1.0, ""epsilon"": 0.1, ""n_components"": 22}"
maccs_correct,pca,svr,2,group,0,95,27,70,24,0.05199745193728922,0.053034625740764674,1.5910688018658878,0.9762056161735655,0.27579129999503493,"{""C"": 10.0, ""epsilon"": 0.1, ""n_components"": 17}"
maccs_correct,pca,svr,3,group,0,96,26,70,24,-0.18908489377932886,-0.2011817628354875,1.4279238365611018,0.9603702511571489,0.26548580000235233,"{""C"": 0.1, ""epsilon"": 0.05, ""n_components"": 15}"
maccs_correct,pca,svr,4,group,0,97,25,70,24,-0.10823573336633592,0.06616659295033511,1.6278017286829716,1.1648310696284028,0.26539269999193493,"{""C"": 1.0, ""epsilon"": 0.1, ""n_components"": 22}"
maccs_correct,pca,svr,5,group,0,90,32,70,24,0.11357525709228866,0.17529420791818562,1.057030433873589,0.7550859112812642,0.2730217999924207,"{""C"": 1.0, ""epsilon"": 0.05, ""n_components"": 20}"
maccs_correct,pca,svr,6,group,0,92,30,70,24,-0.09361172164550188,0.18495527417755153,1.0680967444570215,0.7387306642123715,0.26749589999963064,"{""C"": 1.0, ""epsilon"": 0.1, ""n_components"": 22}"
maccs_correct,pca,svr,7,group,0,92,30,70,24,-0.006461228762377469,-0.16262920888800947,1.307927846238745,0.9144654186762812,0.2751299000083236,"{""C"": 1.0, ""epsilon"": 0.05, ""n_components"": 15}"
maccs_correct,pca,svr,8,group,0,93,29,70,24,0.11500649568642005,0.14913963516388062,1.2541700399618532,0.8165995512480554,0.31411360000493005,"{""C"": 10.0, ""epsilon"": 0.05, ""n_components"": 17}"
maccs_correct,pca,svr,9,group,0,89,33,70,24,0.17529822877453788,0.09221546955714455,1.1311723011679218,0.6989411718655145,0.2703149000008125,"{""C"": 10.0, ""epsilon"": 0.1, ""n_components"": 19}"
maccs_correct,pca,ridge,0,group,0,89,33,70,24,0.04770993202267444,0.16956291509514532,1.2188084976460622,0.9496605048329283,0.2621806999959517,"{""alpha"": 100.0, ""n_components"": 17}"
maccs_correct,pca,ridge,1,group,0,93,29,70,24,0.009621049890848022,0.3231093782458945,1.08980587811507,0.7728237547038431,0.2608765000040876,"{""alpha"": 100.0, ""n_components"": 22}"
maccs_correct,pca,ridge,2,group,0,95,27,70,24,0.0009430792815322331,0.01615999950365854,1.6217509027113137,1.1452010383023965,0.3717854999995325,"{""alpha"": 1000.0, ""n_components"": 22}"
maccs_correct,pca,ridge,3,group,0,96,26,70,24,-0.793613768343817,0.06866703768328553,1.2573412548969545,0.9307270282315385,0.3405800000036834,"{""alpha"": 100.0, ""n_components"": 17}"
maccs_correct,pca,ridge,4,group,0,97,25,70,24,-0.15904433216635422,0.02758041299564251,1.66109186449441,1.2474890049109073,0.2664459999941755,"{""alpha"": 1000.0, ""n_components"": 17}"
maccs_correct,pca,ridge,5,group,0,90,32,70,24,0.005804553807194824,0.09428869886025892,1.1077273091688704,0.8426322788199572,0.25321249999979045,"{""alpha"": 100.0, ""n_components"": 22}"
maccs_correct,pca,ridge,6,group,0,92,30,70,24,-0.2945815779429649,0.18331827937800482,1.0691688278062248,0.8319515034413455,0.2634009000030346,"{""alpha"": 1000.0, ""n_components"": 22}"
maccs_correct,pca,ridge,7,group,0,92,30,70,24,0.017226904861673553,-0.37929106296111925,1.424594070822618,1.087378114490592,0.2659776999935275,"{""alpha"": 100.0, ""n_components"": 17}"
maccs_correct,pca,ridge,8,group,0,93,29,70,24,0.147923956008644,0.10836117144587898,1.2838721007022986,0.9741729651422103,0.24575390000245534,"{""alpha"": 10.0, ""n_components"": 22}"
maccs_correct,pca,ridge,9,group,0,89,33,70,24,0.15169282072226556,-0.27531725697155895,1.3407459428658688,1.0331962289598855,0.2281038999935845,"{""alpha"": 10.0, ""n_components"": 22}"
maccs_correct,pca,enet,0,group,0,89,33,70,24,0.017416851621532458,0.15024820347814793,1.2329008488267723,0.9495970523398048,0.5626041999930749,"{""alpha"": 0.1, ""l1_ratio"": 0.15, ""n_components"": 17}"
maccs_correct,pca,enet,1,group,0,93,29,70,24,0.0450403756112558,0.2722209585372074,1.1300292104826113,0.8117178630876709,0.5848467999894638,"{""alpha"": 1.0, ""l1_ratio"": 0.15, ""n_components"": 22}"
maccs_correct,pca,enet,2,group,0,95,27,70,24,0.02739920859724665,0.08268896434518636,1.5659583955799246,1.094870059381767,0.5862392999988515,"{""alpha"": 1.0, ""l1_ratio"": 0.15, ""n_components"": 17}"
maccs_correct,pca,enet,3,group,0,96,26,70,24,-0.729336562880187,0.0666272836416294,1.2587173815336206,0.9184249188278643,0.6068304999935208,"{""alpha"": 1.0, ""l1_ratio"": 0.15, ""n_components"": 17}"
maccs_correct,pca,enet,4,group,0,97,25,70,24,-0.11828902835834207,-0.08507364259947736,1.7546738720612154,1.2921764917632987,0.617315099996631,"{""alpha"": 10.0, ""l1_ratio"": 0.5, ""n_components"": 15}"
maccs_correct,pca,enet,5,group,0,90,32,70,24,-0.020025929129116205,0.12998391823935962,1.085679429981278,0.8333741231157712,0.570419600000605,"{""alpha"": 1.0, ""l1_ratio"": 0.15, ""n_components"": 22}"
maccs_correct,pca,enet,6,group,0,92,30,70,24,-0.2824762800321391,-0.0009424268681172965,1.1836530449199063,0.9126015363246375,0.5861989999975776,"{""alpha"": 10.0, ""l1_ratio"": 0.5, ""n_components"": 15}"
maccs_correct,pca,enet,7,group,0,92,30,70,24,-0.01434081215125087,-0.4958090280011571,1.4835467838507792,1.133215519855721,0.612956299999496,"{""alpha"": 0.1, ""l1_ratio"": 0.15, ""n_components"": 17}"
maccs_correct,pca,enet,8,group,0,93,29,70,24,0.15286610825205554,0.13905778001863223,1.2615784971374346,0.9462209663711684,0.5887853000022005,"{""alpha"": 0.1, ""l1_ratio"": 0.5, ""n_components"": 22}"
maccs_correct,pca,enet,9,group,0,89,33,70,24,0.15212084463729675,-0.3250711415482559,1.3666489470653873,1.055889096910021,0.5874844000063604,"{""alpha"": 0.01, ""l1_ratio"": 0.85, ""n_components"": 22}"
maccs_correct,pca,knn,0,group,0,89,33,70,24,-0.05549381309929065,0.40512600029856116,1.0315602521115967,0.7672709770201592,0.2306195000128355,"{""n_components"": 19, ""n_neighbors"": 10, ""weights"": ""distance""}"
maccs_correct,pca,knn,1,group,0,93,29,70,24,0.02596061063936448,0.3277684850718072,1.0860487796144251,0.6513908336965516,0.22975520000909455,"{""n_components"": 15, ""n_neighbors"": 5, ""weights"": ""uniform""}"
maccs_correct,pca,knn,2,group,0,95,27,70,24,0.15749354265542856,0.02481715359507719,1.6145999588277296,1.0271539489259263,0.2765718000009656,"{""n_components"": 19, ""n_neighbors"": 5, ""weights"": ""uniform""}"
maccs_correct,pca,knn,3,group,0,96,26,70,24,-0.2543868059212785,0.003255162803800671,1.3007465297346967,0.923247258226369,0.2235413000016706,"{""n_components"": 22, ""n_neighbors"": 10, ""weights"": ""distance""}"
maccs_correct,pca,knn,4,group,0,97,25,70,24,-0.11110565532525582,-0.00842496326618436,1.6915646320504076,1.1585166615068014,0.22763680000207387,"{""n_components"": 17, ""n_neighbors"": 10, ""weights"": ""distance""}"
maccs_correct,pca,knn,5,group,0,90,32,70,24,0.07582569212173448,0.05570950382822881,1.1310733730575864,0.8113967746476313,0.21501839999109507,"{""n_components"": 22, ""n_neighbors"": 5, ""weights"": ""distance""}"
maccs_correct,pca,knn,6,group,0,92,30,70,24,-0.07756320436573923,-0.008533709597116745,1.1881330590888883,0.8092598317066665,0.22126269999716897,"{""n_components"": 19, ""n_neighbors"": 10, ""weights"": ""uniform""}"
maccs_correct,pca,knn,7,group,0,92,30,70,24,0.09255553375216936,-0.6867412581882046,1.5753875368573091,1.0642403629666668,0.22472540001035668,"{""n_components"": 19, ""n_neighbors"": 3, ""weights"": ""uniform""}"
maccs_correct,pca,knn,8,group,0,93,29,70,24,0.09289935889784066,0.1976482397039987,1.2178945304281295,0.7170919357334838,0.2116766999970423,"{""n_components"": 21, ""n_neighbors"": 3, ""weights"": ""distance""}"
maccs_correct,pca,knn,9,group,0,89,33,70,24,0.15217565887433335,0.09180218330961698,1.1314297657659327,0.7635301398328789,0.3060782999964431,"{""n_components"": 15, ""n_neighbors"": 3, ""weights"": ""distance""}"
maccs_correct,pca,pls,0,group,0,89,33,70,24,0.011053739054869172,0.1434779258702057,1.2378025865464635,0.9526521956250146,0.1292167000065092,"{""n_components"": 17}"
maccs_correct,pca,pls,1,group,0,93,29,70,24,-0.04794689620712263,0.36413135801960594,1.0562667321676216,0.7905909616392182,0.12642610000330023,"{""n_components"": 22}"
maccs_correct,pca,pls,2,group,0,95,27,70,24,-0.0967373516413815,0.08726432910052107,1.5620481693258883,1.0999451077359659,0.14350770000601187,"{""n_components"": 17}"
maccs_correct,pca,pls,3,group,0,96,26,70,24,-0.8159939958275894,0.08070891598672902,1.2491862709098678,0.9411072500576553,0.13857229999848641,"{""n_components"": 17}"
maccs_correct,pca,pls,4,group,0,97,25,70,24,-0.4847988417016011,0.15477800476768633,1.5486461502510025,1.1509882149063773,0.1288710000080755,"{""n_components"": 17}"
maccs_correct,pca,pls,5,group,0,90,32,70,24,-0.025146714372292787,-0.014501670063840955,1.1723690707392818,0.8768769873192295,0.12582090000796597,"{""n_components"": 22}"
maccs_correct,pca,pls,6,group,0,92,30,70,24,-0.5840163883628577,0.22276623316504918,1.0430273600846802,0.8347956650054539,0.1281057000014698,"{""n_components"": 17}"
maccs_correct,pca,pls,7,group,0,92,30,70,24,-0.016195136383786935,-0.542596346965631,1.5065700189848448,1.1505294440415565,0.13821330000064336,"{""n_components"": 17}"
maccs_correct,pca,pls,8,group,0,93,29,70,24,0.14319770774863244,0.090504925148983,1.2966639925883385,0.9929784091616877,0.13931519999459852,"{""n_components"": 22}"
maccs_correct,pca,pls,9,group,0,89,33,70,24,0.15137773130842658,-0.3452634123146052,1.37702250658356,1.066469578460376,0.14115289998881053,"{""n_components"": 22}"
maccs_correct,pca,rf,0,group,0,89,33,70,24,0.1880313380833467,0.27757033597294434,1.1367890747289886,0.8198099012254529,7.075861799996346,"{""max_features"": ""sqrt"", ""min_samples_leaf"": 1, ""n_components"": 17}"
maccs_correct,pca,rf,1,group,0,93,29,70,24,0.018130166421410986,0.3858297668163312,1.038088259739092,0.771088985695352,8.266846400001668,"{""max_features"": 0.3, ""min_samples_leaf"": 1, ""n_components"": 22}"
maccs_correct,pca,rf,2,group,0,95,27,70,24,0.10060949262317734,-0.030687409467793136,1.6599132660070977,1.1119185411635428,8.303078500000993,"{""max_features"": ""sqrt"", ""min_samples_leaf"": 3, ""n_components"": 15}"
maccs_correct,pca,rf,3,group,0,96,26,70,24,-0.6375700988424828,0.27793568573184146,1.107104508707389,0.7740043585824169,8.413657400000375,"{""max_features"": 0.3, ""min_samples_leaf"": 3, ""n_components"": 15}"
maccs_correct,pca,rf,4,group,0,97,25,70,24,-0.13342854937243898,0.09740094912561625,1.6003472887638108,1.165453772217469,8.526401200011605,"{""max_features"": ""sqrt"", ""min_samples_leaf"": 3, ""n_components"": 15}"
maccs_correct,pca,rf,5,group,0,90,32,70,24,0.09154256010678512,0.14445802661016993,1.0766105464712072,0.8190071537349399,8.331322300000465,"{""max_features"": 0.3, ""min_samples_leaf"": 3, ""n_components"": 19}"
maccs_correct,pca,rf,6,group,0,92,30,70,24,-0.11385385812220665,0.22628289896642584,1.0406650482271624,0.7995014994352938,8.538916999998037,"{""max_features"": 1.0, ""min_samples_leaf"": 3, ""n_components"": 17}"
maccs_correct,pca,rf,7,group,0,92,30,70,24,0.00834729557629461,0.04883540498593286,1.1830170653480847,0.881200295751282,7.177839199997834,"{""max_features"": ""sqrt"", ""min_samples_leaf"": 1, ""n_components"": 22}"
maccs_correct,pca,rf,8,group,0,93,29,70,24,0.19072709327973797,0.05091527421110764,1.324584800413147,0.8877187751898028,6.5356619999947725,"{""max_features"": ""sqrt"", ""min_samples_leaf"": 1, ""n_components"": 19}"
maccs_correct,pca,rf,9,group,0,89,33,70,24,0.12688862011122065,0.15306529438842686,1.0926028728829638,0.7113563961959544,6.627017400009208,"{""max_features"": 0.3, ""min_samples_leaf"": 1, ""n_components"": 20}"
maccs_correct,pca,et,0,group,0,89,33,70,24,0.1227742699214879,0.40067637618467444,1.035411070930428,0.7826440112291948,5.414567600004375,"{""max_features"": ""sqrt"", ""min_samples_leaf"": 1, ""n_components"": 22}"
maccs_correct,pca,et,1,group,0,93,29,70,24,0.06244117399573239,0.4457292285448806,0.9861679549204315,0.7213688613877793,5.366259899994475,"{""max_features"": ""sqrt"", ""min_samples_leaf"": 1, ""n_components"": 22}"
maccs_correct,pca,et,2,group,0,95,27,70,24,0.10119858317894459,0.026286090913689386,1.6133834485249112,1.1342586668787582,5.352402999997139,"{""max_features"": 0.3, ""min_samples_leaf"": 3, ""n_components"": 17}"
maccs_correct,pca,et,3,group,0,96,26,70,24,-0.40842855650943954,0.1618423678006098,1.192788739468436,0.8852117776452331,5.317759099998511,"{""max_features"": ""sqrt"", ""min_samples_leaf"": 1, ""n_components"": 15}"
maccs_correct,pca,et,4,group,0,97,25,70,24,-0.0729880302258138,0.11212193788973479,1.5872431625201817,1.163749342940308,5.417772800006787,"{""max_features"": ""sqrt"", ""min_samples_leaf"": 3, ""n_components"": 21}"
maccs_correct,pca,et,5,group,0,90,32,70,24,0.14082700279906193,0.22870705755534726,1.022227706718059,0.7871126420377856,5.824600899999496,"{""max_features"": ""sqrt"", ""min_samples_leaf"": 1, ""n_components"": 19}"
maccs_correct,pca,et,6,group,0,92,30,70,24,-0.13042193944805422,0.17923670380375956,1.071837220171779,0.8207918537782646,7.101471299989498,"{""max_features"": ""sqrt"", ""min_samples_leaf"": 3, ""n_components"": 21}"
maccs_correct,pca,et,7,group,0,92,30,70,24,0.0024365980675734368,0.13989732025991009,1.1249632149652904,0.8315585184961239,8.027030500001274,"{""max_features"": ""sqrt"", ""min_samples_leaf"": 1, ""n_components"": 21}"
maccs_correct,pca,et,8,group,0,93,29,70,24,0.19785455752935885,0.10812621257374833,1.284041248377914,0.852300827583985,7.498737700007041,"{""max_features"": 0.3, ""min_samples_leaf"": 1, ""n_components"": 22}"
maccs_correct,pca,et,9,group,0,89,33,70,24,0.2072623660805421,0.06997515483521732,1.1449450625508042,0.7141063630188585,7.554115899998578,"{""max_features"": 1.0, ""min_samples_leaf"": 1, ""n_components"": 19}"
maccs_correct,pca,gbr,0,group,0,89,33,70,24,0.14299757097922805,0.030562065283473938,1.3168675950000188,0.9055692361436782,4.636831600000733,"{""learning_rate"": 0.03, ""max_depth"": 2, ""n_components"": 15, ""n_estimators"": 200}"
maccs_correct,pca,gbr,1,group,0,93,29,70,24,0.05468785442409123,0.20990642945860016,1.177413907556404,0.8189098942933491,4.45914079999784,"{""learning_rate"": 0.03, ""max_depth"": 2, ""n_components"": 22, ""n_estimators"": 200}"
maccs_correct,pca,gbr,2,group,0,95,27,70,24,-0.026816550801483863,-0.38035783314027816,1.920957482123712,1.3704337014917034,4.517141000003903,"{""learning_rate"": 0.03, ""max_depth"": 2, ""n_components"": 20, ""n_estimators"": 200}"
maccs_correct,pca,gbr,3,group,0,96,26,70,24,-1.543951567516471,0.2639437167473492,1.117779629329368,0.7140180961607145,4.025588099990273,"{""learning_rate"": 0.03, ""max_depth"": 2, ""n_components"": 15, ""n_estimators"": 200}"
maccs_correct,pca,gbr,4,group,0,97,25,70,24,-0.2295933050142565,-0.18029805139103217,1.8300487008615072,1.3331685106188738,4.981380999990506,"{""learning_rate"": 0.1, ""max_depth"": 3, ""n_components"": 15, ""n_estimators"": 200}"
maccs_correct,pca,gbr,5,group,0,90,32,70,24,-0.17115638649271706,0.25705681421342197,1.0032652529025627,0.7751627896257396,4.9050915999978315,"{""learning_rate"": 0.03, ""max_depth"": 3, ""n_components"": 17, ""n_estimators"": 200}"
maccs_correct,pca,gbr,6,group,0,92,30,70,24,-0.1989042863689908,0.15157497296569655,1.0897493185258236,0.811738750728546,4.869321299993317,"{""learning_rate"": 0.03, ""max_depth"": 2, ""n_components"": 20, ""n_estimators"": 200}"
maccs_correct,pca,gbr,7,group,0,92,30,70,24,-0.022898396611544247,-0.20789297261018702,1.3331450321595186,1.0295627439361972,4.862603500005207,"{""learning_rate"": 0.03, ""max_depth"": 3, ""n_components"": 21, ""n_estimators"": 200}"
maccs_correct,pca,gbr,8,group,0,93,29,70,24,0.12015945566604747,-0.022038291748265104,1.3745510024153171,0.8653915039006441,4.871992999993381,"{""learning_rate"": 0.03, ""max_depth"": 3, ""n_components"": 21, ""n_estimators"": 200}"
maccs_correct,pca,gbr,9,group,0,89,33,70,24,0.04240721648899208,0.004644395612989016,1.1844766569916254,0.7302935027640233,4.821957300009672,"{""learning_rate"": 0.03, ""max_depth"": 2, ""n_components"": 19, ""n_estimators"": 200}"
maccs_correct,pca,hgb,0,group,0,89,33,70,24,0.04321603167169537,0.2195256742611137,1.181575334537219,0.8405142848120002,0.42731929999717977,"{""learning_rate"": 0.03, ""max_leaf_nodes"": 15, ""n_components"": 17}"
maccs_correct,pca,hgb,1,group,0,93,29,70,24,-0.005797804542505958,0.2785223624289829,1.1251264510086332,0.8461500011327481,0.4616317999898456,"{""learning_rate"": 0.03, ""max_leaf_nodes"": 15, ""n_components"": 22}"
maccs_correct,pca,hgb,2,group,0,95,27,70,24,0.07668878107855745,0.11658173083211709,1.5367566407894822,1.0540563937656358,0.4584605999989435,"{""learning_rate"": 0.03, ""max_leaf_nodes"": 15, ""n_components"": 17}"
maccs_correct,pca,hgb,3,group,0,96,26,70,24,-0.7251941866003675,0.36038208504928826,1.0419838509430848,0.7579002340453121,0.4510617999912938,"{""learning_rate"": 0.03, ""max_leaf_nodes"": 15, ""n_components"": 20}"
maccs_correct,pca,hgb,4,group,0,97,25,70,24,-0.14299403762293034,0.07654355138850599,1.6187322205840293,1.2420338678491414,0.43919769999047276,"{""learning_rate"": 0.03, ""max_leaf_nodes"": 15, ""n_components"": 15}"
maccs_correct,pca,hgb,5,group,0,90,32,70,24,0.07268416115513872,0.2733378437491786,0.9922114647317295,0.7446879002213649,0.4536794000014197,"{""learning_rate"": 0.1, ""max_leaf_nodes"": 15, ""n_components"": 21}"
maccs_correct,pca,hgb,6,group,0,92,30,70,24,-0.07827077510313682,0.12522289449642277,1.1065437123396544,0.8464499058993464,0.4518381999951089,"{""learning_rate"": 0.03, ""max_leaf_nodes"": 15, ""n_components"": 19}"
maccs_correct,pca,hgb,7,group,0,92,30,70,24,-0.0747292350870999,0.06839127591980598,1.1707925352222615,0.9211740039456557,0.43740329999127425,"{""learning_rate"": 0.03, ""max_leaf_nodes"": 15, ""n_components"": 17}"
maccs_correct,pca,hgb,8,group,0,93,29,70,24,0.16647140014711054,0.06765136452073384,1.3128540400393884,0.9006140539031284,0.44197600000188686,"{""learning_rate"": 0.03, ""max_leaf_nodes"": 15, ""n_components"": 21}"
maccs_correct,pca,hgb,9,group,0,89,33,70,24,0.05068115417140662,-0.034434890047534195,1.2075050435103158,0.8086398489003572,0.4383832000021357,"{""learning_rate"": 0.03, ""max_leaf_nodes"": 15, ""n_components"": 19}"
maccs_correct,pca,xgb,0,group,0,89,33,70,24,0.11761577756852368,0.17404445798447687,1.2155153331986797,0.8656278522170263,1.6387907000025734,"{""learning_rate"": 0.03, ""max_depth"": 4, ""n_components"": 17, ""n_estimators"": 200}"
maccs_correct,pca,xgb,1,group,0,93,29,70,24,0.026952184383651812,0.2323707714698855,1.1605547913154382,0.8073520535645289,1.6653803999943193,"{""learning_rate"": 0.03, ""max_depth"": 4, ""n_components"": 22, ""n_estimators"": 200}"
maccs_correct,pca,xgb,2,group,0,95,27,70,24,0.08421460834808232,-0.12381260622980617,1.7332805359786143,1.1566361376575338,1.653356499999063,"{""learning_rate"": 0.03, ""max_depth"": 2, ""n_components"": 19, ""n_estimators"": 200}"
maccs_correct,pca,xgb,3,group,0,96,26,70,24,-0.6834093488836264,0.28427205087326646,1.1022361915908896,0.7822471956013839,1.6955518999893684,"{""learning_rate"": 0.1, ""max_depth"": 2, ""n_components"": 22, ""n_estimators"": 500}"
maccs_correct,pca,xgb,4,group,0,97,25,70,24,-0.1881771063694096,-0.012610403824200755,1.6950713937841544,1.236303664145254,1.7826824999938253,"{""learning_rate"": 0.03, ""max_depth"": 2, ""n_components"": 15, ""n_estimators"": 200}"
maccs_correct,pca,xgb,5,group,0,90,32,70,24,-0.05967542808344865,0.275380639504503,0.9908158286344788,0.7796192099741364,1.7214986000035424,"{""learning_rate"": 0.03, ""max_depth"": 4, ""n_components"": 15, ""n_estimators"": 200}"
maccs_correct,pca,xgb,6,group,0,92,30,70,24,-0.2711304176720467,0.2177422276812936,1.0463929719456633,0.7789167869222821,1.410391699988395,"{""learning_rate"": 0.03, ""max_depth"": 2, ""n_components"": 20, ""n_estimators"": 200}"
maccs_correct,pca,xgb,7,group,0,92,30,70,24,0.018565194908577776,-0.08549305384758576,1.263795183040343,0.9138823766985676,1.3938202999997884,"{""learning_rate"": 0.1, ""max_depth"": 4, ""n_components"": 21, ""n_estimators"": 200}"
maccs_correct,pca,xgb,8,group,0,93,29,70,24,0.17630492401992753,-0.06639250817660791,1.404060487696059,0.8936722685152377,1.364372900003218,"{""learning_rate"": 0.03, ""max_depth"": 2, ""n_components"": 21, ""n_estimators"": 200}"
maccs_correct,pca,xgb,9,group,0,89,33,70,24,0.10588856602071899,-0.07019963925707295,1.228201924007374,0.7484618710111343,1.4301433999935398,"{""learning_rate"": 0.1, ""max_depth"": 4, ""n_components"": 19, ""n_estimators"": 200}"
maccs_correct,pca,lgbm,0,group,0,89,33,70,24,-0.002063859309090832,0.16669484399270118,1.2209113760530208,0.8425376521594261,0.6216495000116993,"{""learning_rate"": 0.03, ""n_components"": 17, ""n_estimators"": 200, ""num_leaves"": 15}"
maccs_correct,pca,lgbm,1,group,0,93,29,70,24,-0.0698494917387839,0.26943615034345547,1.1321891448826351,0.8874106238255739,0.680736899987096,"{""learning_rate"": 0.03, ""n_components"": 22, ""n_estimators"": 200, ""num_leaves"": 15}"
maccs_correct,pca,lgbm,2,group,0,95,27,70,24,0.007021115254730481,0.20070329886487026,1.4617594853643134,0.9962157964390677,0.6494472000049427,"{""learning_rate"": 0.03, ""n_components"": 17, ""n_estimators"": 200, ""num_leaves"": 15}"
maccs_correct,pca,lgbm,3,group,0,96,26,70,24,-0.8631433284938727,0.18198790776360818,1.178366915007058,0.8354636820261931,0.7468433999893023,"{""learning_rate"": 0.03, ""n_components"": 19, ""n_estimators"": 200, ""num_leaves"": 15}"
maccs_correct,pca,lgbm,4,group,0,97,25,70,24,-0.2878705080598776,-0.012211718798539994,1.694737669129719,1.3024517142467797,0.7465282999910414,"{""learning_rate"": 0.03, ""n_components"": 15, ""n_estimators"": 200, ""num_leaves"": 15}"
maccs_correct,pca,lgbm,5,group,0,90,32,70,24,0.1479807972219363,0.17443720016650832,1.0575795072918237,0.8363312197067088,0.7731398000032641,"{""learning_rate"": 0.03, ""n_components"": 21, ""n_estimators"": 500, ""num_leaves"": 15}"
maccs_correct,pca,lgbm,6,group,0,92,30,70,24,-0.17716184976678856,0.18753694686291833,1.066403792426089,0.8103202715947689,0.7620183999970322,"{""learning_rate"": 0.03, ""n_components"": 19, ""n_estimators"": 200, ""num_leaves"": 15}"
maccs_correct,pca,lgbm,7,group,0,92,30,70,24,-0.1119410169998852,0.18556770178485682,1.0946887767119453,0.9232589594331746,0.7420669999992242,"{""learning_rate"": 0.03, ""n_components"": 21, ""n_estimators"": 200, ""num_leaves"": 15}"
maccs_correct,pca,lgbm,8,group,0,93,29,70,24,0.032842863773335715,0.17323132940415553,1.2362869381443748,0.8598393695565962,0.7739717999938875,"{""learning_rate"": 0.03, ""n_components"": 15, ""n_estimators"": 200, ""num_leaves"": 15}"
maccs_correct,pca,lgbm,9,group,0,89,33,70,24,-0.1095242609915074,-0.0965539145295895,1.2432325381543576,0.8507293044971571,0.7439764000009745,"{""learning_rate"": 0.03, ""n_components"": 19, ""n_estimators"": 200, ""num_leaves"": 15}"
maccs_correct,raw,nusvr,0,group,0,89,33,70,24,0.03992636587781264,0.20198574897797617,1.1947785839917402,0.8548778549542423,4.570907300003455,"{""C"": 1.0, ""kernel"": ""rbf"", ""nu"": 0.5}"
maccs_correct,raw,nusvr,1,group,0,93,29,70,24,0.045047731871099825,0.26375939008706684,1.1365794040178472,0.7745259769082046,5.17286389999208,"{""C"": 1.0, ""kernel"": ""rbf"", ""nu"": 0.5}"
maccs_correct,raw,nusvr,2,group,0,95,27,70,24,0.08788177672043518,0.0328013347329138,1.6079767119526145,1.0270843504727654,2.651105099997949,"{""C"": 100.0, ""kernel"": ""poly"", ""nu"": 0.1}"
maccs_correct,raw,nusvr,3,group,0,96,26,70,24,-0.16942479989981032,-0.04906963416590604,1.3344516305292913,0.8833181118426194,6.411297900005593,"{""C"": 10.0, ""kernel"": ""poly"", ""nu"": 0.9}"
maccs_correct,raw,nusvr,4,group,0,97,25,70,24,-0.0730048506623451,0.06634417122298197,1.6276469494898238,1.2032959749159882,6.532611200003885,"{""C"": 1.0, ""kernel"": ""rbf"", ""nu"": 0.9}"
maccs_correct,raw,nusvr,5,group,0,90,32,70,24,0.10927372521924421,0.16608854557006458,1.0629135388351159,0.7629930747526389,2.2191223000118043,"{""C"": 1.0, ""kernel"": ""rbf"", ""nu"": 0.9}"
maccs_correct,raw,nusvr,6,group,0,92,30,70,24,-0.07283281647229092,0.15379427043103366,1.08832311028715,0.7609248229680075,2.008888099997421,"{""C"": 1.0, ""kernel"": ""rbf"", ""nu"": 0.9}"
maccs_correct,raw,nusvr,7,group,0,92,30,70,24,-0.060596256446269404,0.02772741282409885,1.1960716371802897,0.8463489969651705,5.655943599995226,"{""C"": 1.0, ""kernel"": ""rbf"", ""nu"": 0.9}"
maccs_correct,raw,nusvr,8,group,0,93,29,70,24,0.1153539656406108,0.055936679646021115,1.321076105083492,0.7869063343697982,6.03999499999918,"{""C"": 10.0, ""kernel"": ""poly"", ""nu"": 0.3}"
maccs_correct,raw,nusvr,9,group,0,89,33,70,24,0.16406958014970252,0.08267440361286549,1.1371012297517682,0.8148278076923214,2.518141900000046,"{""C"": 100.0, ""kernel"": ""poly"", ""nu"": 0.1}"
maccs_correct,raw,svr,0,group,0,89,33,70,24,0.002376488065582949,0.22234065467499053,1.179442582790456,0.8377135621754355,0.06256320000102278,"{""C"": 1.0, ""epsilon"": 0.1}"
maccs_correct,raw,svr,1,group,0,93,29,70,24,0.04224268068910464,0.2667366420780315,1.1342789935489508,0.7726069255518676,0.07053210001322441,"{""C"": 1.0, ""epsilon"": 0.05}"
maccs_correct,raw,svr,2,group,0,95,27,70,24,0.018429556767252286,0.003322001202766822,1.6322976152888629,1.0496597337879594,0.07128269999520853,"{""C"": 1.0, ""epsilon"": 0.1}"
maccs_correct,raw,svr,3,group,0,96,26,70,24,-0.19872531584740577,-0.20766142078751448,1.4317700545107261,0.9663885243714815,0.07030649999796879,"{""C"": 0.1, ""epsilon"": 0.05}"
maccs_correct,raw,svr,4,group,0,97,25,70,24,-0.07327103618870934,0.07817990868870461,1.6172973945265758,1.1970201814965795,0.07046719999925699,"{""C"": 1.0, ""epsilon"": 0.1}"
maccs_correct,raw,svr,5,group,0,90,32,70,24,0.10448286210879573,0.16264245491245666,1.0651074888154852,0.7649363884078693,0.060831499999039806,"{""C"": 1.0, ""epsilon"": 0.05}"
maccs_correct,raw,svr,6,group,0,92,30,70,24,-0.071859336124697,0.15772437255752714,1.0857928752343973,0.761866174193131,0.07066409999970347,"{""C"": 1.0, ""epsilon"": 0.1}"
maccs_correct,raw,svr,7,group,0,92,30,70,24,-0.06183090674336822,0.014392702071915564,1.204245762076067,0.8506557047768057,0.06855960001121275,"{""C"": 1.0, ""epsilon"": 0.05}"
maccs_correct,raw,svr,8,group,0,93,29,70,24,0.08431044881909791,0.05003878639521053,1.325196291930477,0.8320433127587509,0.06429320000461303,"{""C"": 10.0, ""epsilon"": 0.1}"
maccs_correct,raw,svr,9,group,0,89,33,70,24,0.048825560186944374,0.04485396936391106,1.1603052595287724,0.7408679686926186,0.05980899999849498,"{""C"": 1.0, ""epsilon"": 0.1}"
maccs_correct,raw,ridge,0,group,0,89,33,70,24,0.0010246992527277233,0.16527665466537722,1.2219498596148597,0.934203596725444,0.07182100000500213,"{""alpha"": 1000.0}"
maccs_correct,raw,ridge,1,group,0,93,29,70,24,-0.00046321925069521265,0.18336621655689955,1.1970259589223058,0.9031326416171845,0.07026900000346359,"{""alpha"": 1000.0}"
maccs_correct,raw,ridge,2,group,0,95,27,70,24,0.00121109123203893,0.02700875820760884,1.6127846299944564,1.137586417982314,0.06827620000694878,"{""alpha"": 1000.0}"
maccs_correct,raw,ridge,3,group,0,96,26,70,24,-0.8231146335541425,0.11582302339959549,1.225096444585011,0.8998904796019993,0.07029839999449905,"{""alpha"": 1000.0}"
maccs_correct,raw,ridge,4,group,0,97,25,70,24,-0.165142562527487,0.06131867406410285,1.6320215580603359,1.2387530740522483,0.06976070000382606,"{""alpha"": 1000.0}"
maccs_correct,raw,ridge,5,group,0,90,32,70,24,0.05688385397788531,-0.10759854298131932,1.22498044859421,0.8833215662102667,0.07062230000155978,"{""alpha"": 100.0}"
maccs_correct,raw,ridge,6,group,0,92,30,70,24,-0.2821309574484923,0.17646777779316558,1.0736436722338483,0.826531800619113,0.05969189999450464,"{""alpha"": 1000.0}"
maccs_correct,raw,ridge,7,group,0,92,30,70,24,-0.05221951321637761,-0.020785819483052137,1.2255484513508255,0.9335882402362777,0.07131040000240318,"{""alpha"": 1000.0}"
maccs_correct,raw,ridge,8,group,0,93,29,70,24,0.14759959983504878,0.182494831785751,1.2293414600740526,0.8343777980009286,0.07178549999662209,"{""alpha"": 100.0}"
maccs_correct,raw,ridge,9,group,0,89,33,70,24,0.16139924978258618,-0.00753421599496229,1.1917009214103491,0.7994641020655653,0.07355489999463316,"{""alpha"": 100.0}"
maccs_correct,raw,enet,0,group,0,89,33,70,24,0.054057798444393824,0.19032837930227797,1.2034735909457233,0.8890317464940919,0.288891500007594,"{""alpha"": 1.0, ""l1_ratio"": 0.15}"
maccs_correct,raw,enet,1,group,0,93,29,70,24,0.08292442187715254,0.14429477371629196,1.225326961900651,0.8797806413154683,0.36818410000705626,"{""alpha"": 1.0, ""l1_ratio"": 0.15}"
maccs_correct,raw,enet,2,group,0,95,27,70,24,-0.020907759839762917,0.05189067853281115,1.592029528318353,1.1120962743136895,0.3039524000050733,"{""alpha"": 1.0, ""l1_ratio"": 0.15}"
maccs_correct,raw,enet,3,group,0,96,26,70,24,-0.7953543490822909,0.20482878224932466,1.161799016258364,0.8174821907246048,0.2602159000089159,"{""alpha"": 1.0, ""l1_ratio"": 0.15}"
maccs_correct,raw,enet,4,group,0,97,25,70,24,-0.11828902835834207,-0.08507364259947736,1.7546738720612154,1.2921764917632987,0.2680582999892067,"{""alpha"": 1.0, ""l1_ratio"": 0.85}"
maccs_correct,raw,enet,5,group,0,90,32,70,24,0.05487447033780546,-0.3542695637347244,1.3545359264069683,0.9780138007344665,0.2515428000042448,"{""alpha"": 0.1, ""l1_ratio"": 0.85}"
maccs_correct,raw,enet,6,group,0,92,30,70,24,-0.2358454031233153,0.022255735499499996,1.1698562756164885,0.9086379969159404,0.2166729999880772,"{""alpha"": 1.0, ""l1_ratio"": 0.5}"
maccs_correct,raw,enet,7,group,0,92,30,70,24,0.009178292674898513,-0.05199275355951838,1.244140837385024,0.936096375859939,0.31193619999976363,"{""alpha"": 1.0, ""l1_ratio"": 0.15}"
maccs_correct,raw,enet,8,group,0,93,29,70,24,0.23090295517873133,0.09507979923212795,1.2933986900876502,0.8416303717380376,0.26200849999440834,"{""alpha"": 0.1, ""l1_ratio"": 0.85}"
maccs_correct,raw,enet,9,group,0,89,33,70,24,0.1679345537329877,-0.32286221421670436,1.3655093526380635,0.8753486340672394,0.23950949999562,"{""alpha"": 0.1, ""l1_ratio"": 0.5}"
maccs_correct,raw,knn,0,group,0,89,33,70,24,-0.09773716434742867,0.31855932235200013,1.104068789563908,0.8244702194645872,0.05992339999647811,"{""n_neighbors"": 10, ""weights"": ""distance""}"
maccs_correct,raw,knn,1,group,0,93,29,70,24,-0.06249479511167857,0.24254037991520638,1.152841602325211,0.6973057375965518,0.05915459999232553,"{""n_neighbors"": 10, ""weights"": ""uniform""}"
maccs_correct,raw,knn,2,group,0,95,27,70,24,0.10840692267753238,-0.15384509490413611,1.756287718895166,1.1752628491564943,0.050271000000066124,"{""n_neighbors"": 5, ""weights"": ""distance""}"
maccs_correct,raw,knn,3,group,0,96,26,70,24,-0.3200415797319852,0.006618623884681041,1.2985500260688363,0.946001130505856,0.059067300011520274,"{""n_neighbors"": 10, ""weights"": ""distance""}"
maccs_correct,raw,knn,4,group,0,97,25,70,24,-0.12255643171277338,0.0008835112280645152,1.6837393639843299,1.1549109598001042,0.11924159999762196,"{""n_neighbors"": 10, ""weights"": ""distance""}"
maccs_correct,raw,knn,5,group,0,90,32,70,24,0.07878702285182812,-0.004033793254331952,1.1663049918500568,0.8508379235937905,0.05549840000458062,"{""n_neighbors"": 5, ""weights"": ""distance""}"
maccs_correct,raw,knn,6,group,0,92,30,70,24,-0.18041201756043637,0.11252009738939739,1.114548916857983,0.7575045661355382,0.057696799995028414,"{""n_neighbors"": 10, ""weights"": ""distance""}"
maccs_correct,raw,knn,7,group,0,92,30,70,24,-0.03399962841644426,-0.2305944169596208,1.3456144480794983,0.8979563375813158,0.058509099995717406,"{""n_neighbors"": 10, ""weights"": ""distance""}"
maccs_correct,raw,knn,8,group,0,93,29,70,24,0.05205536508236619,0.20517006750072986,1.2121723742625965,0.7737745126489327,0.05852400000730995,"{""n_neighbors"": 5, ""weights"": ""distance""}"
maccs_correct,raw,knn,9,group,0,89,33,70,24,0.07606894461066198,-0.08697942654478497,1.2377930371179295,0.7828836737011887,0.05739529999846127,"{""n_neighbors"": 3, ""weights"": ""distance""}"
maccs_correct,raw,pls,0,group,0,89,33,70,24,-0.044086227867056536,0.2194361668210253,1.1816430861261755,0.9403359689949989,0.04444280000461731,"{""n_components"": 2}"
maccs_correct,raw,pls,1,group,0,93,29,70,24,-0.060791175943187906,0.2965438507410161,1.1109855560601678,0.8239877694967803,0.03562009999586735,"{""n_components"": 2}"
maccs_correct,raw,pls,2,group,0,95,27,70,24,-0.09151984847968475,0.14634785541582174,1.510644863174873,1.0523989781499596,0.03392009998788126,"{""n_components"": 2}"
maccs_correct,raw,pls,3,group,0,96,26,70,24,-0.962835866696578,0.12106540469638427,1.221459180216309,0.9052807827881671,0.03279369999654591,"{""n_components"": 2}"
maccs_correct,raw,pls,4,group,0,97,25,70,24,-0.5682296385665904,0.2053603114643665,1.5015919393307062,1.1081342511509595,0.04593709998880513,"{""n_components"": 2}"
maccs_correct,raw,pls,5,group,0,90,32,70,24,-0.036046834514044376,-0.9849958398019512,1.6399015249607833,1.1595371188758712,0.04488070000661537,"{""n_components"": 5}"
maccs_correct,raw,pls,6,group,0,92,30,70,24,-0.5731511511691243,0.047596558726257454,1.1545967976077178,0.8941899935058832,0.045059299998683855,"{""n_components"": 2}"
maccs_correct,raw,pls,7,group,0,92,30,70,24,-0.07125561351850188,-0.3407469231331861,1.4045479682233815,1.037439936131757,0.03497010000864975,"{""n_components"": 2}"
maccs_correct,raw,pls,8,group,0,93,29,70,24,0.08140231868298146,0.0929318792334991,1.2949327868666873,0.8555134151227916,0.034526700008427724,"{""n_components"": 5}"
maccs_correct,raw,pls,9,group,0,89,33,70,24,0.14622523504493604,-0.4519325409698072,1.430574872885349,0.9761396952589959,0.03434759999800008,"{""n_components"": 5}"
maccs_correct,raw,rf,0,group,0,89,33,70,24,0.019458559409028277,0.36597082149019955,1.0649684167934566,0.7367779866507319,1.6156542999960948,"{""max_features"": 0.3, ""min_samples_leaf"": 3}"
maccs_correct,raw,rf,1,group,0,93,29,70,24,0.07783964860068111,0.3837478706368769,1.0398462117502543,0.7164783143887443,1.6160231999965617,"{""max_features"": 0.3, ""min_samples_leaf"": 3}"
maccs_correct,raw,rf,2,group,0,95,27,70,24,0.07940538700753755,0.20759105187158577,1.4554476724845522,0.9142127133072409,1.6818827000097372,"{""max_features"": 1.0, ""min_samples_leaf"": 3}"
maccs_correct,raw,rf,3,group,0,96,26,70,24,-0.4302018123498116,0.029279425550612137,1.283653460120816,0.888014271185786,1.9314096000016434,"{""max_features"": 1.0, ""min_samples_leaf"": 3}"
maccs_correct,raw,rf,4,group,0,97,25,70,24,-0.15900910104375304,0.14088234554939494,1.5613243180088732,1.147479528363034,1.9078914999990957,"{""max_features"": ""sqrt"", ""min_samples_leaf"": 3}"
maccs_correct,raw,rf,5,group,0,90,32,70,24,0.059301469461280856,0.08177418620769306,1.1153539718504337,0.8426903064636264,1.7165721999917878,"{""max_features"": ""sqrt"", ""min_samples_leaf"": 3}"
maccs_correct,raw,rf,6,group,0,92,30,70,24,-0.2522956830081794,0.27396638945715046,1.0080875093819135,0.7594919906899275,1.5321946999902138,"{""max_features"": ""sqrt"", ""min_samples_leaf"": 3}"
maccs_correct,raw,rf,7,group,0,92,30,70,24,0.08303605670681584,-0.24497789294206207,1.353455531070377,0.9242258654503002,1.5791010999964783,"{""max_features"": 0.3, ""min_samples_leaf"": 3}"
maccs_correct,raw,rf,8,group,0,93,29,70,24,0.17075664897379486,0.2773360945847194,1.1558339774494797,0.7940359180737894,1.7607638000044972,"{""max_features"": 0.3, ""min_samples_leaf"": 1}"
maccs_correct,raw,rf,9,group,0,89,33,70,24,0.12203136670463069,0.21595588680151778,1.051253905964011,0.7147568695506225,1.9670275999960722,"{""max_features"": ""sqrt"", ""min_samples_leaf"": 1}"
maccs_correct,raw,et,0,group,0,89,33,70,24,0.05219643791509887,0.35797726690615495,1.0716607107974354,0.7553845490012212,1.4514940999943065,"{""max_features"": ""sqrt"", ""min_samples_leaf"": 3}"
maccs_correct,raw,et,1,group,0,93,29,70,24,0.09549724970634707,0.4275142722153106,1.002241148918675,0.7086677123326268,1.4907994000095641,"{""max_features"": 0.3, ""min_samples_leaf"": 3}"
maccs_correct,raw,et,2,group,0,95,27,70,24,0.07463775517903277,0.19087592713180712,1.4707182161586734,1.0205575418775208,1.4218537000124343,"{""max_features"": ""sqrt"", ""min_samples_leaf"": 3}"
maccs_correct,raw,et,3,group,0,96,26,70,24,-0.4134168558816363,0.08253199639019937,1.2479470022743937,0.8452346117618385,1.5141748000023654,"{""max_features"": ""sqrt"", ""min_samples_leaf"": 3}"
maccs_correct,raw,et,4,group,0,97,25,70,24,-0.1989813524355621,0.1898018816786995,1.5162206852732931,1.117070314804408,1.4612828000099398,"{""max_features"": ""sqrt"", ""min_samples_leaf"": 3}"
maccs_correct,raw,et,5,group,0,90,32,70,24,0.08937265566510569,0.12681118424784088,1.0876572309900938,0.8292674388858376,1.460094800000661,"{""max_features"": ""sqrt"", ""min_samples_leaf"": 3}"
maccs_correct,raw,et,6,group,0,92,30,70,24,-0.25316501295743904,0.3082101687319544,0.9840268702228541,0.7614688971192966,1.4279058999964036,"{""max_features"": ""sqrt"", ""min_samples_leaf"": 3}"
maccs_correct,raw,et,7,group,0,92,30,70,24,0.15398447650185662,-0.1762809324246657,1.315584354214273,0.9297776954972526,1.5049908000073629,"{""max_features"": 0.3, ""min_samples_leaf"": 3}"
maccs_correct,raw,et,8,group,0,93,29,70,24,0.16316816914660634,0.2848608234265103,1.149800677548152,0.7643227396818207,1.5424168999888934,"{""max_features"": ""sqrt"", ""min_samples_leaf"": 1}"
maccs_correct,raw,et,9,group,0,89,33,70,24,0.09338884486093386,0.18140528772261766,1.0741670857633658,0.7789999498616614,1.4874323999974877,"{""max_features"": ""sqrt"", ""min_samples_leaf"": 3}"
maccs_correct,raw,gbr,0,group,0,89,33,70,24,-0.27237369046773957,0.33309388970379983,1.0922308880465983,0.7924892273038562,0.9752895999990869,"{""learning_rate"": 0.03, ""max_depth"": 2, ""n_estimators"": 200}"
maccs_correct,raw,gbr,1,group,0,93,29,70,24,-0.17378809964168246,0.40817234481308606,1.0190313032029803,0.7395473117506172,0.9591151999920839,"{""learning_rate"": 0.03, ""max_depth"": 2, ""n_estimators"": 200}"
maccs_correct,raw,gbr,2,group,0,95,27,70,24,-0.00765818435562331,0.28576813336247775,1.3817883345029602,0.8779185309144223,0.9955831000115722,"{""learning_rate"": 0.03, ""max_depth"": 2, ""n_estimators"": 200}"
maccs_correct,raw,gbr,3,group,0,96,26,70,24,-0.3833276584388493,0.09409613564674879,1.2400572466414095,0.852011544512492,0.9965957999957027,"{""learning_rate"": 0.03, ""max_depth"": 2, ""n_estimators"": 200}"
maccs_correct,raw,gbr,4,group,0,97,25,70,24,-0.6108772847759608,0.1590794130998433,1.544700526388013,1.0954123853287245,1.0090306000056444,"{""learning_rate"": 0.03, ""max_depth"": 2, ""n_estimators"": 200}"
maccs_correct,raw,gbr,5,group,0,90,32,70,24,0.012521877308434615,-0.42002153117222685,1.3870286570102528,0.9841491119052924,0.9720728999964194,"{""learning_rate"": 0.03, ""max_depth"": 2, ""n_estimators"": 200}"
maccs_correct,raw,gbr,6,group,0,92,30,70,24,-0.5435725026258914,0.15484470691393426,1.0876474062221837,0.8438668062231583,0.9915111000009347,"{""learning_rate"": 0.03, ""max_depth"": 3, ""n_estimators"": 200}"
maccs_correct,raw,gbr,7,group,0,92,30,70,24,-0.15112547778564148,-0.011304249451337123,1.2198434186798177,0.8826347669305683,0.9829005000065081,"{""learning_rate"": 0.03, ""max_depth"": 2, ""n_estimators"": 200}"
maccs_correct,raw,gbr,8,group,0,93,29,70,24,0.13496936574645968,0.17636349228213433,1.233942917015255,0.7669132697039702,0.9490913000045111,"{""learning_rate"": 0.03, ""max_depth"": 2, ""n_estimators"": 200}"
maccs_correct,raw,gbr,9,group,0,89,33,70,24,0.10747679037962503,-0.45179905599114467,1.4305091106545877,0.9203365099585871,0.9152201999968383,"{""learning_rate"": 0.03, ""max_depth"": 2, ""n_estimators"": 500}"
maccs_correct,raw,hgb,0,group,0,89,33,70,24,0.03305712369006886,0.18448938754765765,1.20780525370969,0.837557188003609,0.16474220000964124,"{""learning_rate"": 0.03, ""max_leaf_nodes"": 15}"
maccs_correct,raw,hgb,1,group,0,93,29,70,24,0.06803965469890527,0.18084170658884524,1.1988747509881585,0.8176515395951968,0.16326539999863598,"{""learning_rate"": 0.03, ""max_leaf_nodes"": 15}"
maccs_correct,raw,hgb,2,group,0,95,27,70,24,-0.06896414095100067,0.12688892474764812,1.5277653607587967,1.076945069467942,0.16592170001240447,"{""learning_rate"": 0.03, ""max_leaf_nodes"": 15}"
maccs_correct,raw,hgb,3,group,0,96,26,70,24,-0.5495045038526393,0.061404081283184864,1.2622343920836518,0.8439736819008661,0.1773899999971036,"{""learning_rate"": 0.03, ""max_leaf_nodes"": 15}"
maccs_correct,raw,hgb,4,group,0,97,25,70,24,-0.2132565560545266,0.0852293284098159,1.611101560499645,1.186842950791459,0.16339220000372734,"{""learning_rate"": 0.03, ""max_leaf_nodes"": 15}"
maccs_correct,raw,hgb,5,group,0,90,32,70,24,-0.007157368576746537,0.010470082314051665,1.1578503570988563,0.8752993801795664,0.15934220000053756,"{""learning_rate"": 0.1, ""max_leaf_nodes"": 15}"
maccs_correct,raw,hgb,6,group,0,92,30,70,24,-0.3094466278842005,0.18946349993127876,1.0651386869790478,0.8062265758044992,0.16731720000097994,"{""learning_rate"": 0.03, ""max_leaf_nodes"": 15}"
maccs_correct,raw,hgb,7,group,0,92,30,70,24,-0.028744418592839428,-0.08799490656682818,1.2652507472415004,0.9816895088632791,0.16116340000007767,"{""learning_rate"": 0.03, ""max_leaf_nodes"": 15}"
maccs_correct,raw,hgb,8,group,0,93,29,70,24,-0.10006591093796295,0.20705543483653943,1.2107338608306433,0.91008618990838,0.1723160999972606,"{""learning_rate"": 0.03, ""max_leaf_nodes"": 15}"
maccs_correct,raw,hgb,9,group,0,89,33,70,24,-0.20316134052292548,0.16132945125579168,1.0872591454948142,0.7966998843283346,0.16609470000548754,"{""learning_rate"": 0.03, ""max_leaf_nodes"": 15}"
maccs_correct,raw,xgb,0,group,0,89,33,70,24,-0.1648925217740271,0.3465956454564968,1.0811180496244415,0.7994051555152922,0.2355472000053851,"{""learning_rate"": 0.03, ""max_depth"": 2, ""n_estimators"": 200}"
maccs_correct,raw,xgb,1,group,0,93,29,70,24,-0.04997719247534891,0.45844913616313043,0.9747865405218505,0.6888688251629345,0.24722360000305343,"{""learning_rate"": 0.03, ""max_depth"": 2, ""n_estimators"": 200}"
maccs_correct,raw,xgb,2,group,0,95,27,70,24,0.06314037656365656,0.23277646210067193,1.4321314085361467,0.8576021420930625,0.2615096000081394,"{""learning_rate"": 0.03, ""max_depth"": 4, ""n_estimators"": 200}"
maccs_correct,raw,xgb,3,group,0,96,26,70,24,-0.4917021563802372,0.02996816874462105,1.28319799204612,0.8220967597378307,0.2380126000061864,"{""learning_rate"": 0.03, ""max_depth"": 2, ""n_estimators"": 200}"
maccs_correct,raw,xgb,4,group,0,97,25,70,24,-0.4364361835489309,0.2628828620258977,1.446222308850364,1.0033995827243556,0.25898729999607895,"{""learning_rate"": 0.03, ""max_depth"": 2, ""n_estimators"": 200}"
maccs_correct,raw,xgb,5,group,0,90,32,70,24,0.03548304083315081,-0.21418762811106662,1.282569390538706,0.9161177913905945,0.23045909999927972,"{""learning_rate"": 0.03, ""max_depth"": 2, ""n_estimators"": 200}"
maccs_correct,raw,xgb,6,group,0,92,30,70,24,-0.39487268288504873,0.1742460213450684,1.0750909550573966,0.7977461007670001,0.2508998999983305,"{""learning_rate"": 0.03, ""max_depth"": 2, ""n_estimators"": 200}"
maccs_correct,raw,xgb,7,group,0,92,30,70,24,0.06464721129287206,-0.2511608611497751,1.3568122204810003,0.9678255773210043,0.2474229999934323,"{""learning_rate"": 0.03, ""max_depth"": 2, ""n_estimators"": 200}"
maccs_correct,raw,xgb,8,group,0,93,29,70,24,0.17632334303717842,0.23939567434844844,1.1857869614382073,0.7662493692022999,0.2329948999977205,"{""learning_rate"": 0.03, ""max_depth"": 2, ""n_estimators"": 200}"
maccs_correct,raw,xgb,9,group,0,89,33,70,24,0.07917572315967987,0.04068187621945685,1.1628366142607112,0.7418089874492039,0.23980729999311734,"{""learning_rate"": 0.03, ""max_depth"": 2, ""n_estimators"": 200}"
maccs_correct,raw,lgbm,0,group,0,89,33,70,24,-0.01091469792261035,0.1714465575418399,1.2174254291360649,0.8457928529925698,0.13003000000026077,"{""learning_rate"": 0.03, ""n_estimators"": 200, ""num_leaves"": 15}"
maccs_correct,raw,lgbm,1,group,0,93,29,70,24,0.04701590703236771,0.24173484652517874,1.1534544439954755,0.7857542724908353,0.13629710000532214,"{""learning_rate"": 0.03, ""n_estimators"": 200, ""num_leaves"": 15}"
maccs_correct,raw,lgbm,2,group,0,95,27,70,24,-0.08952724970663573,0.234179897794474,1.430820953220049,1.06510369813422,0.13909240000066347,"{""learning_rate"": 0.1, ""n_estimators"": 200, ""num_leaves"": 15}"
maccs_correct,raw,lgbm,3,group,0,96,26,70,24,-0.6816046122371615,0.035060810218718874,1.2798251816590358,0.8583474801874692,0.1377333999989787,"{""learning_rate"": 0.03, ""n_estimators"": 200, ""num_leaves"": 15}"
maccs_correct,raw,lgbm,4,group,0,97,25,70,24,-0.27407238188374955,0.1480593548841378,1.554789043011298,1.1181052542673497,0.1375916000106372,"{""learning_rate"": 0.03, ""n_estimators"": 200, ""num_leaves"": 15}"
maccs_correct,raw,lgbm,5,group,0,90,32,70,24,-0.004426771543716646,-0.027874505590115506,1.1800706703029082,0.8831589279630917,0.13110860000597313,"{""learning_rate"": 0.03, ""n_estimators"": 200, ""num_leaves"": 15}"
maccs_correct,raw,lgbm,6,group,0,92,30,70,24,-0.2975109389235562,0.11440949617856866,1.1133618762490547,0.8623502564413513,0.16477659999509342,"{""learning_rate"": 0.1, ""n_estimators"": 500, ""num_leaves"": 15}"
maccs_correct,raw,lgbm,7,group,0,92,30,70,24,-0.062352179465912004,-0.04319579047915045,1.2389280460054715,0.9824240581019991,0.12597740000637714,"{""learning_rate"": 0.03, ""n_estimators"": 200, ""num_leaves"": 15}"
maccs_correct,raw,lgbm,8,group,0,93,29,70,24,-0.15130236164203886,0.1923244660528517,1.2219283441046516,0.9444533395903816,0.12873389999731444,"{""learning_rate"": 0.03, ""n_estimators"": 200, ""num_leaves"": 15}"
maccs_correct,raw,lgbm,9,group,0,89,33,70,24,-0.2587644019447079,0.15307823283795685,1.09259452711497,0.8029239667485307,0.13606550000258721,"{""learning_rate"": 0.03, ""n_estimators"": 200, ""num_leaves"": 15}"
alphafold16,pca,nusvr,0,group,0,89,33,70,24,0.28377781312035333,0.46878227533383376,0.9748064284756051,0.6236767441288078,1.792221800002153,"{""C"": 100.0, ""kernel"": ""rbf"", ""n_components"": 15, ""nu"": 0.9}"
alphafold16,pca,nusvr,1,group,0,93,29,70,24,0.40895246616367487,0.43720352563003817,0.9937235486643379,0.6091678894322278,1.8835496000101557,"{""C"": 100.0, ""kernel"": ""poly"", ""n_components"": 15, ""nu"": 0.5}"
alphafold16,pca,nusvr,2,group,0,95,27,70,24,0.35326272856753876,0.22553351623201345,1.438875521241308,0.9415085171379313,1.4861227000073995,"{""C"": 1.0, ""kernel"": ""rbf"", ""n_components"": 15, ""nu"": 0.5}"
alphafold16,pca,nusvr,3,group,0,96,26,70,24,-0.11029973126324848,0.19850728092254188,1.166407945142054,0.7303876700276114,2.092061500006821,"{""C"": 0.1, ""kernel"": ""rbf"", ""n_components"": 15, ""nu"": 0.9}"
alphafold16,pca,nusvr,4,group,0,97,25,70,24,0.2557567955548602,0.4964026709528465,1.1953869523489535,0.7370928919489715,1.8275942000036594,"{""C"": 100.0, ""kernel"": ""linear"", ""n_components"": 15, ""nu"": 0.5}"
alphafold16,pca,nusvr,5,group,0,90,32,70,24,0.4370924737434021,0.2792926796510946,0.9881376245858207,0.7012347828857947,1.6672364999976708,"{""C"": 100.0, ""kernel"": ""poly"", ""n_components"": 15, ""nu"": 0.9}"
alphafold16,pca,nusvr,6,group,0,92,30,70,24,0.22115453753733397,0.36568192928476684,0.9422657655525495,0.5775718126751983,1.9878186999994796,"{""C"": 1.0, ""kernel"": ""poly"", ""n_components"": 15, ""nu"": 0.9}"
alphafold16,pca,nusvr,7,group,0,92,30,70,24,0.3977074550277104,0.5192670047176355,0.8410370670900946,0.5915019652415164,2.2137876999913715,"{""C"": 100.0, ""kernel"": ""poly"", ""n_components"": 15, ""nu"": 0.5}"
alphafold16,pca,nusvr,8,group,0,93,29,70,24,0.45040265006127694,0.42084647151520294,1.034723061281605,0.6256618975148156,2.0874885999946855,"{""C"": 10.0, ""kernel"": ""linear"", ""n_components"": 15, ""nu"": 0.7}"
alphafold16,pca,nusvr,9,group,0,89,33,70,24,0.2669900121519385,0.4779883256289219,0.857783091301271,0.6169548176458362,1.6819725000095787,"{""C"": 1.0, ""kernel"": ""rbf"", ""n_components"": 15, ""nu"": 0.3}"
alphafold16,pca,svr,0,group,0,89,33,70,24,0.2666366173283888,0.4911299726422227,0.9540816468144266,0.6087885782915243,0.09533729999384377,"{""C"": 10.0, ""epsilon"": 0.1, ""n_components"": 15}"
alphafold16,pca,svr,1,group,0,93,29,70,24,0.34122999152775446,0.4684458774943904,0.9657476118498968,0.5746672429660108,0.09454669999831822,"{""C"": 10.0, ""epsilon"": 0.1, ""n_components"": 15}"
alphafold16,pca,svr,2,group,0,95,27,70,24,0.3394885230385161,0.2059062433267893,1.4569941268960167,0.959756071241748,0.0898044000059599,"{""C"": 1.0, ""epsilon"": 0.05, ""n_components"": 15}"
alphafold16,pca,svr,3,group,0,96,26,70,24,-0.1030669675311855,0.19879464944275826,1.1661988234823248,0.7301493205711618,0.0959222000092268,"{""C"": 0.1, ""epsilon"": 0.05, ""n_components"": 15}"
alphafold16,pca,svr,4,group,0,97,25,70,24,0.23344979999456572,0.17500363246804884,1.5300048952570342,0.9566291080556273,0.10665570000128355,"{""C"": 1.0, ""epsilon"": 0.05, ""n_components"": 15}"
alphafold16,pca,svr,5,group,0,90,32,70,24,0.42321755277740725,0.2732196036356972,0.9922921861667985,0.706089314435943,0.20069779999903403,"{""C"": 10.0, ""epsilon"": 0.05, ""n_components"": 15}"
alphafold16,pca,svr,6,group,0,92,30,70,24,0.16390693750406807,0.2825806306251949,1.0020892877074412,0.6108483163668633,0.09533769999688957,"{""C"": 0.1, ""epsilon"": 0.1, ""n_components"": 15}"
alphafold16,pca,svr,7,group,0,92,30,70,24,0.3801694496377109,0.25723106181673705,1.0454181557601823,0.6830070203193197,0.09666969999670982,"{""C"": 10.0, ""epsilon"": 0.1, ""n_components"": 15}"
alphafold16,pca,svr,8,group,0,93,29,70,24,0.382591204444804,0.4278970555026953,1.0284054432976337,0.6430555561205646,0.10570509999524802,"{""C"": 10.0, ""epsilon"": 0.1, ""n_components"": 15}"
alphafold16,pca,svr,9,group,0,89,33,70,24,0.23830862763723223,0.5159359318751332,0.8260166403986103,0.4988407376295371,0.09086159999424126,"{""C"": 10.0, ""epsilon"": 0.1, ""n_components"": 15}"
alphafold16,pca,ridge,0,group,0,89,33,70,24,0.2405329797911803,0.5749824927256133,0.871937820682706,0.6020046448472871,0.09569830000691582,"{""alpha"": 0.01, ""n_components"": 15}"
alphafold16,pca,ridge,1,group,0,93,29,70,24,0.3965395628694922,0.4645282549898182,0.9692999209083157,0.6348056136510334,0.0911474000022281,"{""alpha"": 0.1, ""n_components"": 15}"
alphafold16,pca,ridge,2,group,0,95,27,70,24,0.3280797477188769,0.17763721200149574,1.4827011878693683,0.9488098709289552,0.09997280000243336,"{""alpha"": 10.0, ""n_components"": 15}"
alphafold16,pca,ridge,3,group,0,96,26,70,24,-0.38909660275746427,0.5843299023975589,0.839991845861655,0.5562754519350431,0.09193409999716096,"{""alpha"": 1.0, ""n_components"": 15}"
alphafold16,pca,ridge,4,group,0,97,25,70,24,0.25135026174583086,0.1573205093877441,1.5463151617530722,0.9228982138868708,0.09445689999847673,"{""alpha"": 10.0, ""n_components"": 15}"
alphafold16,pca,ridge,5,group,0,90,32,70,24,0.3787456322291026,0.23783894198862587,1.0161582484878215,0.748700855217225,0.10307729999476578,"{""alpha"": 1.0, ""n_components"": 15}"
alphafold16,pca,ridge,6,group,0,92,30,70,24,0.09263932735831686,0.4597467377181059,0.8695980748848894,0.5613369098846166,0.09095369999704417,"{""alpha"": 0.1, ""n_components"": 15}"
alphafold16,pca,ridge,7,group,0,92,30,70,24,0.40516615265509326,-0.10220543388609804,1.2734867926367912,0.7791315000346725,0.10362339999119285,"{""alpha"": 10.0, ""n_components"": 15}"
alphafold16,pca,ridge,8,group,0,93,29,70,24,0.4608264923104103,0.5032741178510679,0.9582650969030784,0.5961418676262119,0.1023979000019608,"{""alpha"": 0.1, ""n_components"": 15}"
alphafold16,pca,ridge,9,group,0,89,33,70,24,0.2682901413886113,0.5557861394838673,0.7912858980160278,0.5193618714177404,0.09528680000221357,"{""alpha"": 0.01, ""n_components"": 15}"
alphafold16,pca,enet,0,group,0,89,33,70,24,0.22231046339465355,0.6048953451592763,0.8406944473827145,0.5694887914477689,0.1911534999962896,"{""alpha"": 0.001, ""l1_ratio"": 0.85, ""n_components"": 15}"
alphafold16,pca,enet,1,group,0,93,29,70,24,0.390758869296873,0.46427029284432,0.9695333716762167,0.635099816380712,0.1970013999962248,"{""alpha"": 0.001, ""l1_ratio"": 0.15, ""n_components"": 15}"
alphafold16,pca,enet,2,group,0,95,27,70,24,0.33293278055291126,0.10905798011142542,1.543286764094999,0.9779924386379925,0.2560561999998754,"{""alpha"": 0.1, ""l1_ratio"": 0.85, ""n_components"": 15}"
alphafold16,pca,enet,3,group,0,96,26,70,24,-0.37936354845719544,0.5498701927285219,0.8741169963972465,0.5739717515938034,0.191590600006748,"{""alpha"": 0.1, ""l1_ratio"": 0.85, ""n_components"": 15}"
alphafold16,pca,enet,4,group,0,97,25,70,24,0.25141127409599867,0.15189075132880936,1.5512889600512088,0.9333878563355846,0.20021239999914542,"{""alpha"": 0.1, ""l1_ratio"": 0.85, ""n_components"": 15}"
alphafold16,pca,enet,5,group,0,90,32,70,24,0.37946085848138394,0.23897707244412347,1.0153992535765588,0.7471064054983186,0.19710699999995995,"{""alpha"": 0.01, ""l1_ratio"": 0.85, ""n_components"": 15}"
alphafold16,pca,enet,6,group,0,92,30,70,24,0.09717107026809804,0.4597846771381159,0.8695675404780239,0.5613439890313043,0.2733600999927148,"{""alpha"": 0.001, ""l1_ratio"": 0.15, ""n_components"": 15}"
alphafold16,pca,enet,7,group,0,92,30,70,24,0.4057946864863168,0.4111234808619123,0.9308405415573178,0.6496936998239544,0.21561379999911878,"{""alpha"": 0.001, ""l1_ratio"": 0.85, ""n_components"": 15}"
alphafold16,pca,enet,8,group,0,93,29,70,24,0.4669856826929307,0.5027809900888003,0.9587406407764864,0.5967181946407748,0.20370709999406245,"{""alpha"": 0.001, ""l1_ratio"": 0.85, ""n_components"": 15}"
alphafold16,pca,enet,9,group,0,89,33,70,24,0.25282413492397476,0.5600586710760059,0.787471336037608,0.5162799770394751,0.19324249999772292,"{""alpha"": 0.001, ""l1_ratio"": 0.15, ""n_components"": 15}"
alphafold16,pca,knn,0,group,0,89,33,70,24,0.22852629110027625,0.5255271463077897,0.9212718279049047,0.6907659638393943,0.09149730000353884,"{""n_components"": 15, ""n_neighbors"": 10, ""weights"": ""uniform""}"
alphafold16,pca,knn,1,group,0,93,29,70,24,0.12486054617144049,0.4415263933603705,0.9898997718373362,0.7691193858696327,0.10341670000343584,"{""n_components"": 15, ""n_neighbors"": 10, ""weights"": ""distance""}"
alphafold16,pca,knn,2,group,0,95,27,70,24,0.3297211550928857,0.27713978833296926,1.3901096899846959,0.9808472916868759,0.09904700001061428,"{""n_components"": 15, ""n_neighbors"": 10, ""weights"": ""distance""}"
alphafold16,pca,knn,3,group,0,96,26,70,24,-0.4444528374236313,0.5404832427096926,0.8831843306469181,0.6723352774153847,0.09463499998673797,"{""n_components"": 15, ""n_neighbors"": 10, ""weights"": ""distance""}"
alphafold16,pca,knn,4,group,0,97,25,70,24,0.056358390722696085,0.25827808807039765,1.4507325544515406,0.9190772575484499,0.09883950000221375,"{""n_components"": 15, ""n_neighbors"": 10, ""weights"": ""distance""}"
alphafold16,pca,knn,5,group,0,90,32,70,24,0.25067993859980425,-0.42968184932355524,1.391738595073951,1.1404897551041673,0.09264729999995325,"{""n_components"": 15, ""n_neighbors"": 3, ""weights"": ""uniform""}"
alphafold16,pca,knn,6,group,0,92,30,70,24,-1.028414885927642,0.45887535934584767,0.8702990828281709,0.6080884386133328,0.08963960000255611,"{""n_components"": 15, ""n_neighbors"": 10, ""weights"": ""distance""}"
alphafold16,pca,knn,7,group,0,92,30,70,24,0.24524215400540114,-0.011449832887045153,1.219931217482808,0.789259029876667,0.10524600000644568,"{""n_components"": 15, ""n_neighbors"": 10, ""weights"": ""uniform""}"
alphafold16,pca,knn,8,group,0,93,29,70,24,0.2809309794976933,0.5130689543845433,0.9487701394019639,0.6282019261620687,0.10363100000540726,"{""n_components"": 15, ""n_neighbors"": 10, ""weights"": ""distance""}"
alphafold16,pca,knn,9,group,0,89,33,70,24,-0.13372463702735135,0.4833854595001089,0.8533372148280727,0.6539713763132039,0.09735319999163039,"{""n_components"": 15, ""n_neighbors"": 10, ""weights"": ""distance""}"
alphafold16,pca,pls,0,group,0,89,33,70,24,-3.9951874849157985e+26,-1.1304775198024628e+27,44968983548929.984,8674161133193.774,0.06359700000029989,"{""n_components"": 15}"
alphafold16,pca,pls,1,group,0,93,29,70,24,-3.580471911471099e+26,-4.128784378992963e+25,8511399960450.604,1580527294016.7207,0.06925359999877401,"{""n_components"": 15}"
alphafold16,pca,pls,2,group,0,95,27,70,24,-3.2968896298187997e+27,-8.147241417595597e+25,14757989706740.025,2867127527750.831,0.058376699991640635,"{""n_components"": 15}"
alphafold16,pca,pls,3,group,0,96,26,70,24,-2.472429509980694e+27,0.561700023000532,0.8625542163274278,0.598060765524836,0.05869590000656899,"{""n_components"": 15}"
alphafold16,pca,pls,4,group,0,97,25,70,24,-1.0194046073217389e+26,-1.2718967613227477e+27,60074855230088.08,16310114206274.738,0.05830659999628551,"{""n_components"": 15}"
alphafold16,pca,pls,5,group,0,90,32,70,24,-5.779103990171279e+26,-6.573221397424797e+26,29841943201174.51,6633998010059.087,0.05832090000330936,"{""n_components"": 15}"
alphafold16,pca,pls,6,group,0,92,30,70,24,-1.4732381156943795e+26,0.4411425543183142,0.8844441044394292,0.5785337009072968,0.06046280000009574,"{""n_components"": 15}"
alphafold16,pca,pls,7,group,0,92,30,70,24,-5.808957368102593e+26,-5.818014075693435e+25,9252318089702.016,1689234442314.9268,0.07095789999584667,"{""n_components"": 15}"
alphafold16,pca,pls,8,group,0,93,29,70,24,-3.158007241320556e+26,0.4936243728033951,0.9675282896012342,0.6599674777007181,0.058828399996855296,"{""n_components"": 15}"
alphafold16,pca,pls,9,group,0,89,33,70,24,-1.6112084267828482e+28,-2.3942115624345056e+25,5809230851951.553,1011257289613.7255,0.13357809999433812,"{""n_components"": 15}"
alphafold16,pca,rf,0,group,0,89,33,70,24,0.2875632863766292,0.5241355052205063,0.9226218956708783,0.628148028969876,2.567691600008402,"{""max_features"": ""sqrt"", ""min_samples_leaf"": 3, ""n_components"": 15}"
alphafold16,pca,rf,1,group,0,93,29,70,24,0.3300240390813336,0.4729991430985647,0.961602443447075,0.6179449633048271,2.5631465000042226,"{""max_features"": ""sqrt"", ""min_samples_leaf"": 1, ""n_components"": 15}"
alphafold16,pca,rf,2,group,0,95,27,70,24,0.31809819331163214,0.2126188791535174,1.450822923955609,0.9299557041809062,2.528254399992875,"{""max_features"": 0.3, ""min_samples_leaf"": 3, ""n_components"": 15}"
alphafold16,pca,rf,3,group,0,96,26,70,24,-0.3748143652652509,0.5853464779301762,0.8389640621785148,0.5557775699049855,2.582751100009773,"{""max_features"": 0.3, ""min_samples_leaf"": 1, ""n_components"": 15}"
alphafold16,pca,rf,4,group,0,97,25,70,24,0.23820601488859694,0.23118999998531697,1.4769857797118666,0.9147007139273459,2.5761392999993404,"{""max_features"": 1.0, ""min_samples_leaf"": 1, ""n_components"": 15}"
alphafold16,pca,rf,5,group,0,90,32,70,24,0.404129892342677,0.2345595997157861,1.018342008639316,0.7512982655649985,2.5741378999955487,"{""max_features"": 0.3, ""min_samples_leaf"": 1, ""n_components"": 15}"
alphafold16,pca,rf,6,group,0,92,30,70,24,-0.018557135033079986,0.45888715570561,0.8702895966430465,0.5605677896550788,2.5618181000027107,"{""max_features"": 0.3, ""min_samples_leaf"": 1, ""n_components"": 15}"
alphafold16,pca,rf,7,group,0,92,30,70,24,0.3926409996812109,-0.03001242518018188,1.2310746916442625,0.7698658616672843,2.5614903999958187,"{""max_features"": 0.3, ""min_samples_leaf"": 3, ""n_components"": 15}"
alphafold16,pca,rf,8,group,0,93,29,70,24,0.4089327786682849,0.5073277620643257,0.954347017109479,0.5936505608252701,2.6407970000000205,"{""max_features"": 1.0, ""min_samples_leaf"": 1, ""n_components"": 15}"
alphafold16,pca,rf,9,group,0,89,33,70,24,0.27578190825591975,0.5376499627103006,0.8072774507779755,0.5423590903070274,2.6005057000002125,"{""max_features"": 0.3, ""min_samples_leaf"": 3, ""n_components"": 15}"
alphafold16,pca,et,0,group,0,89,33,70,24,0.26919539329202047,0.5854966199917742,0.8610852380816485,0.5938308403764274,1.6270400999928825,"{""max_features"": 1.0, ""min_samples_leaf"": 1, ""n_components"": 15}"
alphafold16,pca,et,1,group,0,93,29,70,24,0.3580731526111906,0.4577623656329294,0.9754044349850749,0.6417202032548431,1.6875614000018686,"{""max_features"": 1.0, ""min_samples_leaf"": 1, ""n_components"": 15}"
alphafold16,pca,et,2,group,0,95,27,70,24,0.3042525875598932,0.19814511972671478,1.464096824763452,0.9530656458156703,1.676058600001852,"{""max_features"": 1.0, ""min_samples_leaf"": 3, ""n_components"": 15}"
alphafold16,pca,et,3,group,0,96,26,70,24,-0.38011577689789905,0.5864304592228455,0.8378667406469326,0.555507470660057,1.7089803999988362,"{""max_features"": 0.3, ""min_samples_leaf"": 1, ""n_components"": 15}"
alphafold16,pca,et,4,group,0,97,25,70,24,0.2398570247748016,0.21699670013419703,1.4905570340242036,0.9121572441965554,1.3719512000097893,"{""max_features"": 1.0, ""min_samples_leaf"": 3, ""n_components"": 15}"
alphafold16,pca,et,5,group,0,90,32,70,24,0.4206630288241497,0.2252412892622252,1.024521798392094,0.7506835164036282,1.3231229999946663,"{""max_features"": 1.0, ""min_samples_leaf"": 1, ""n_components"": 15}"
alphafold16,pca,et,6,group,0,92,30,70,24,0.04631305843498519,0.4586569725508527,0.8704746825335936,0.5613253140909634,1.6612507999961963,"{""max_features"": 1.0, ""min_samples_leaf"": 1, ""n_components"": 15}"
alphafold16,pca,et,7,group,0,92,30,70,24,0.39386160881352444,-0.04753986385861997,1.2415049367034667,0.7751268935777588,1.6745133999938844,"{""max_features"": 1.0, ""min_samples_leaf"": 3, ""n_components"": 15}"
alphafold16,pca,et,8,group,0,93,29,70,24,0.42129698525847664,0.5037333968938453,0.957821982428495,0.5947271524783416,1.6885313999955542,"{""max_features"": 1.0, ""min_samples_leaf"": 1, ""n_components"": 15}"
alphafold16,pca,et,9,group,0,89,33,70,24,0.27580060321423233,0.5442096590818619,0.8015302768493782,0.5262367197845629,1.685872499991092,"{""max_features"": 1.0, ""min_samples_leaf"": 1, ""n_components"": 15}"
alphafold16,pca,gbr,0,group,0,89,33,70,24,0.27581904197964435,0.5685826747602278,0.878478014210131,0.6063343025915009,1.153898599994136,"{""learning_rate"": 0.03, ""max_depth"": 2, ""n_components"": 15, ""n_estimators"": 200}"
alphafold16,pca,gbr,1,group,0,93,29,70,24,0.3080715180332215,0.3787336968420205,1.0440680280819397,0.6866617454542419,1.1830601000110619,"{""learning_rate"": 0.03, ""max_depth"": 3, ""n_components"": 15, ""n_estimators"": 200}"
alphafold16,pca,gbr,2,group,0,95,27,70,24,0.2296724531327054,0.13937473172015868,1.5168022243435553,0.9732699640376422,1.1775018999906024,"{""learning_rate"": 0.1, ""max_depth"": 2, ""n_components"": 15, ""n_estimators"": 200}"
alphafold16,pca,gbr,3,group,0,96,26,70,24,-0.394852547151378,0.5859626296161236,0.8383405038719958,0.5553129924579446,1.2113032000052044,"{""learning_rate"": 0.03, ""max_depth"": 2, ""n_components"": 15, ""n_estimators"": 200}"
alphafold16,pca,gbr,4,group,0,97,25,70,24,0.23973179855034338,0.2450658477110511,1.46359642011358,0.9074967599931516,1.1802137000049697,"{""learning_rate"": 0.03, ""max_depth"": 2, ""n_components"": 15, ""n_estimators"": 200}"
alphafold16,pca,gbr,5,group,0,90,32,70,24,0.39709337695718006,0.08991323404591223,1.1103997845163676,0.8185280001007391,1.1830988000001526,"{""learning_rate"": 0.1, ""max_depth"": 3, ""n_components"": 15, ""n_estimators"": 200}"
alphafold16,pca,gbr,6,group,0,92,30,70,24,-0.01151387549794385,0.4592480345377524,0.8699993415892605,0.5600025034982221,1.1026454000093509,"{""learning_rate"": 0.03, ""max_depth"": 2, ""n_components"": 15, ""n_estimators"": 200}"
alphafold16,pca,gbr,7,group,0,92,30,70,24,0.37519622326311247,0.02157760001167497,1.199848367076174,0.7595228619990182,1.0233282999979565,"{""learning_rate"": 0.1, ""max_depth"": 2, ""n_components"": 15, ""n_estimators"": 500}"
alphafold16,pca,gbr,8,group,0,93,29,70,24,0.4433257289037044,0.5037333968938358,0.9578219824285044,0.5947271524783476,1.0184436999988975,"{""learning_rate"": 0.1, ""max_depth"": 3, ""n_components"": 15, ""n_estimators"": 500}"
alphafold16,pca,gbr,9,group,0,89,33,70,24,0.2496796533354618,0.5589210883471101,0.7884887847178282,0.5170340109613955,0.9349844000098528,"{""learning_rate"": 0.03, ""max_depth"": 2, ""n_components"": 15, ""n_estimators"": 200}"
alphafold16,pca,hgb,0,group,0,89,33,70,24,0.2744117901228543,0.5916931695710854,0.854624676362798,0.5846606505967182,0.14049750000413042,"{""learning_rate"": 0.03, ""max_leaf_nodes"": 15, ""n_components"": 15}"
alphafold16,pca,hgb,1,group,0,93,29,70,24,0.30816198768707437,0.5511585654347554,0.8874346226417833,0.5823011232546564,0.14109620000817813,"{""learning_rate"": 0.03, ""max_leaf_nodes"": 15, ""n_components"": 15}"
alphafold16,pca,hgb,2,group,0,95,27,70,24,0.26000014403783833,0.22131413543982192,1.4427897752578183,0.9293446218583691,0.14885450000292622,"{""learning_rate"": 0.03, ""max_leaf_nodes"": 15, ""n_components"": 15}"
alphafold16,pca,hgb,3,group,0,96,26,70,24,-0.35326125913703016,0.5880647634610154,0.8362096013929479,0.5561030404183638,0.14672759998939,"{""learning_rate"": 0.03, ""max_leaf_nodes"": 15, ""n_components"": 15}"
alphafold16,pca,hgb,4,group,0,97,25,70,24,0.25025136254984587,0.14487461043225425,1.5576924065754465,0.9920063061509248,0.14571979999891482,"{""learning_rate"": 0.03, ""max_leaf_nodes"": 15, ""n_components"": 15}"
alphafold16,pca,hgb,5,group,0,90,32,70,24,0.4703893212851148,0.18259760709450512,1.0523396200040327,0.7814864757557076,0.12981470000522677,"{""learning_rate"": 0.03, ""max_leaf_nodes"": 15, ""n_components"": 15}"
alphafold16,pca,hgb,6,group,0,92,30,70,24,-0.09824833710336307,0.45952468438311833,0.869776766369629,0.5633784999769677,0.13976450001064222,"{""learning_rate"": 0.03, ""max_leaf_nodes"": 15, ""n_components"": 15}"
alphafold16,pca,hgb,7,group,0,92,30,70,24,0.3100437472888509,-0.05729535042218403,1.2472724582320829,0.7682502053376955,0.1361994000035338,"{""learning_rate"": 0.03, ""max_leaf_nodes"": 15, ""n_components"": 15}"
alphafold16,pca,hgb,8,group,0,93,29,70,24,0.35690777099315946,0.5380777623178652,0.9240845524332666,0.5838576251095312,0.13843739998992532,"{""learning_rate"": 0.03, ""max_leaf_nodes"": 15, ""n_components"": 15}"
alphafold16,pca,hgb,9,group,0,89,33,70,24,0.26708197713689386,0.5688278942417053,0.7795836131668488,0.5188999564257646,0.12728890001017135,"{""learning_rate"": 0.03, ""max_leaf_nodes"": 15, ""n_components"": 15}"
alphafold16,pca,xgb,0,group,0,89,33,70,24,0.2615177270472882,0.5444902497647193,0.9026740230986934,0.6003159782837061,0.31467249999695923,"{""learning_rate"": 0.1, ""max_depth"": 2, ""n_components"": 15, ""n_estimators"": 500}"
alphafold16,pca,xgb,1,group,0,93,29,70,24,0.3419156082237114,0.5424451106492862,0.8960071964110801,0.5869082986712771,0.32732450000185054,"{""learning_rate"": 0.03, ""max_depth"": 4, ""n_components"": 15, ""n_estimators"": 500}"
alphafold16,pca,xgb,2,group,0,95,27,70,24,0.3013659492098825,0.3362262488850877,1.332085029383023,0.845568869714645,0.29827229998772964,"{""learning_rate"": 0.03, ""max_depth"": 4, ""n_components"": 15, ""n_estimators"": 200}"
alphafold16,pca,xgb,3,group,0,96,26,70,24,-0.315734485826241,0.5801399464902521,0.8442147909601287,0.5553044403169134,0.30204999999841675,"{""learning_rate"": 0.1, ""max_depth"": 4, ""n_components"": 15, ""n_estimators"": 200}"
alphafold16,pca,xgb,4,group,0,97,25,70,24,0.24706951249008888,0.43255524213837504,1.2689035029902513,0.8593931005906154,0.3097230999992462,"{""learning_rate"": 0.1, ""max_depth"": 2, ""n_components"": 15, ""n_estimators"": 500}"
alphafold16,pca,xgb,5,group,0,90,32,70,24,0.4757314655938513,0.22988679645123322,1.0214456281974065,0.7527593231571503,0.291992600003141,"{""learning_rate"": 0.03, ""max_depth"": 2, ""n_components"": 15, ""n_estimators"": 200}"
alphafold16,pca,xgb,6,group,0,92,30,70,24,-0.016367291832788976,0.45697495255025766,0.8718259701523956,0.5565530338024658,0.33328330000222195,"{""learning_rate"": 0.1, ""max_depth"": 4, ""n_components"": 15, ""n_estimators"": 500}"
alphafold16,pca,xgb,7,group,0,92,30,70,24,0.367648769654278,0.1603105409973664,1.1115334124344842,0.7312852308863443,0.3069695000012871,"{""learning_rate"": 0.03, ""max_depth"": 4, ""n_components"": 15, ""n_estimators"": 200}"
alphafold16,pca,xgb,8,group,0,93,29,70,24,0.41790322976405747,0.5786371953892209,0.8825826245128129,0.5324273930979508,0.3166611000051489,"{""learning_rate"": 0.1, ""max_depth"": 4, ""n_components"": 15, ""n_estimators"": 500}"
alphafold16,pca,xgb,9,group,0,89,33,70,24,0.2711305004858005,0.5728339869136745,0.7759535402437945,0.5157947007746213,0.30261529999552295,"{""learning_rate"": 0.1, ""max_depth"": 2, ""n_components"": 15, ""n_estimators"": 200}"
alphafold16,pca,lgbm,0,group,0,89,33,70,24,0.27367176385270203,0.6061285172777966,0.839381464683698,0.5730264485662684,0.19573900000250433,"{""learning_rate"": 0.03, ""n_components"": 15, ""n_estimators"": 200, ""num_leaves"": 15}"
alphafold16,pca,lgbm,1,group,0,93,29,70,24,0.34137300092251655,0.503046102643081,0.9337872676883785,0.6239330896794753,0.20207540001138113,"{""learning_rate"": 0.03, ""n_components"": 15, ""n_estimators"": 200, ""num_leaves"": 15}"
alphafold16,pca,lgbm,2,group,0,95,27,70,24,0.24088281567085107,0.21790750920826152,1.445942318414515,0.9372524071856779,0.20775810000486672,"{""learning_rate"": 0.03, ""n_components"": 15, ""n_estimators"": 200, ""num_leaves"": 15}"
alphafold16,pca,lgbm,3,group,0,96,26,70,24,-0.35738146013369343,0.5874357413491234,0.8368478008459161,0.5550903045976558,0.22101910000492353,"{""learning_rate"": 0.1, ""n_components"": 15, ""n_estimators"": 500, ""num_leaves"": 15}"
alphafold16,pca,lgbm,4,group,0,97,25,70,24,0.23928037819505904,0.4497340768777127,1.2495484827112264,0.8461398531727882,0.19799289999355096,"{""learning_rate"": 0.03, ""n_components"": 15, ""n_estimators"": 200, ""num_leaves"": 15}"
alphafold16,pca,lgbm,5,group,0,90,32,70,24,0.4026428489287359,0.22757749996571053,1.0229759584903866,0.7603332472901474,0.2072175000066636,"{""learning_rate"": 0.1, ""n_components"": 15, ""n_estimators"": 500, ""num_leaves"": 15}"
alphafold16,pca,lgbm,6,group,0,92,30,70,24,0.039508707798645945,0.4584088431913189,0.8706741545595724,0.562832400404644,0.21577229999820702,"{""learning_rate"": 0.1, ""n_components"": 15, ""n_estimators"": 500, ""num_leaves"": 15}"
alphafold16,pca,lgbm,7,group,0,92,30,70,24,0.306676107135092,-0.03327317766603399,1.2330217836301998,0.7736795415646351,0.19952090000151657,"{""learning_rate"": 0.03, ""n_components"": 15, ""n_estimators"": 200, ""num_leaves"": 15}"
alphafold16,pca,lgbm,8,group,0,93,29,70,24,0.36227259459438715,0.5902573906398032,0.8703277671673595,0.5288994559290626,0.26731170000857674,"{""learning_rate"": 0.1, ""n_components"": 15, ""n_estimators"": 500, ""num_leaves"": 15}"
alphafold16,pca,lgbm,9,group,0,89,33,70,24,0.26584985587247895,0.5996267955790231,0.7512247281949509,0.4830761425009971,0.20633779998752289,"{""learning_rate"": 0.1, ""n_components"": 15, ""n_estimators"": 500, ""num_leaves"": 15}"
alphafold16,raw,nusvr,0,group,0,89,33,70,24,0.28377781312035555,0.4687822753338602,0.9748064284755809,0.6236767441287773,0.7785769000038272,"{""C"": 100.0, ""kernel"": ""rbf"", ""nu"": 0.9}"
alphafold16,raw,nusvr,1,group,0,93,29,70,24,0.4089353214228676,0.43720352562992604,0.9937235486644368,0.6091678894323516,0.8180625999957556,"{""C"": 100.0, ""kernel"": ""poly"", ""nu"": 0.5}"
alphafold16,raw,nusvr,2,group,0,95,27,70,24,0.35326272856753893,0.22553351623201345,1.438875521241308,0.9415085171379315,0.7351660999993328,"{""C"": 1.0, ""kernel"": ""rbf"", ""nu"": 0.5}"
alphafold16,raw,nusvr,3,group,0,96,26,70,24,-0.11029973126324862,0.19850728092254188,1.166407945142054,0.7303876700276114,1.0875268999952823,"{""C"": 0.1, ""kernel"": ""rbf"", ""nu"": 0.9}"
alphafold16,raw,nusvr,4,group,0,97,25,70,24,0.2557664489032444,0.4964101579499789,1.1953780663884521,0.7370892922395429,0.9066611000016565,"{""C"": 100.0, ""kernel"": ""linear"", ""nu"": 0.5}"
alphafold16,raw,nusvr,5,group,0,90,32,70,24,0.4370895355934185,0.27929616814105807,0.988135233107158,0.7012304198756447,0.9412135000020498,"{""C"": 100.0, ""kernel"": ""poly"", ""nu"": 0.9}"
alphafold16,raw,nusvr,6,group,0,92,30,70,24,0.22115453753732525,0.36568192928476284,0.9422657655525524,0.5775718126752126,1.0475408000056632,"{""C"": 1.0, ""kernel"": ""poly"", ""nu"": 0.9}"
alphafold16,raw,nusvr,7,group,0,92,30,70,24,0.39775036033840083,0.5192674036581456,0.8410367181190136,0.5915015686391238,0.9422861999919405,"{""C"": 100.0, ""kernel"": ""poly"", ""nu"": 0.5}"
alphafold16,raw,nusvr,8,group,0,93,29,70,24,0.45043642368626513,0.4208464715153223,1.0347230612814984,0.6256618975147427,0.8250908000045456,"{""C"": 10.0, ""kernel"": ""linear"", ""nu"": 0.7}"
alphafold16,raw,nusvr,9,group,0,89,33,70,24,0.2669900121519385,0.477988325628922,0.8577830913012708,0.6169548176458362,0.6653268999943975,"{""C"": 1.0, ""kernel"": ""rbf"", ""nu"": 0.3}"
alphafold16,raw,svr,0,group,0,89,33,70,24,0.26663661732838995,0.49112997264222447,0.954081646814425,0.6087885782915239,0.06029369999305345,"{""C"": 10.0, ""epsilon"": 0.1}"
alphafold16,raw,svr,1,group,0,93,29,70,24,0.34122999152775446,0.4684458774943928,0.9657476118498947,0.574667242966009,0.05944230000022799,"{""C"": 10.0, ""epsilon"": 0.1}"
alphafold16,raw,svr,2,group,0,95,27,70,24,0.33948852303851595,0.2059062433267893,1.4569941268960167,0.9597560712417478,0.058695999992778525,"{""C"": 1.0, ""epsilon"": 0.05}"
alphafold16,raw,svr,3,group,0,96,26,70,24,-0.10306696753118545,0.19879464944275826,1.1661988234823248,0.7301493205711618,0.059006500014220364,"{""C"": 0.1, ""epsilon"": 0.05}"
alphafold16,raw,svr,4,group,0,97,25,70,24,0.23344979999456567,0.17500363246804918,1.530004895257034,0.9566291080556271,0.058325599995441735,"{""C"": 1.0, ""epsilon"": 0.05}"
alphafold16,raw,svr,5,group,0,90,32,70,24,0.42321755277740714,0.2732196036356973,0.9922921861667984,0.7060893144359426,0.05747680000786204,"{""C"": 10.0, ""epsilon"": 0.05}"
alphafold16,raw,svr,6,group,0,92,30,70,24,0.16390693750406807,0.282580630625195,1.0020892877074412,0.610848316366863,0.061032300000078976,"{""C"": 0.1, ""epsilon"": 0.1}"
alphafold16,raw,svr,7,group,0,92,30,70,24,0.38016944963770993,0.25723106181673727,1.045418155760182,0.6830070203193206,0.05770710000069812,"{""C"": 10.0, ""epsilon"": 0.1}"
alphafold16,raw,svr,8,group,0,93,29,70,24,0.38259120444480504,0.4278970555026952,1.028405443297634,0.6430555561205641,0.05717200000071898,"{""C"": 10.0, ""epsilon"": 0.1}"
alphafold16,raw,svr,9,group,0,89,33,70,24,0.23830862763723265,0.5159359318751304,0.8260166403986127,0.4988407376295384,0.05987060000188649,"{""C"": 10.0, ""epsilon"": 0.1}"
alphafold16,raw,ridge,0,group,0,89,33,70,24,0.24053297979200144,0.5749824927273242,0.871937820680951,0.6020046448460213,0.05752970000321511,"{""alpha"": 0.01}"
alphafold16,raw,ridge,1,group,0,93,29,70,24,0.3965395628695024,0.4645282549898009,0.9692999209083315,0.6348056136510563,0.06027170000015758,"{""alpha"": 0.1}"
alphafold16,raw,ridge,2,group,0,95,27,70,24,0.3280797477188768,0.17763721200149818,1.4827011878693663,0.9488098709289546,0.0567041999893263,"{""alpha"": 10.0}"
alphafold16,raw,ridge,3,group,0,96,26,70,24,-0.38909660275747104,0.584329902397558,0.839991845861656,0.5562754519350437,0.05830450000939891,"{""alpha"": 1.0}"
alphafold16,raw,ridge,4,group,0,97,25,70,24,0.25135026174583064,0.15732050938774345,1.5463151617530728,0.922898213886871,0.058167800001683645,"{""alpha"": 10.0}"
alphafold16,raw,ridge,5,group,0,90,32,70,24,0.37874563222910057,0.23783894198862598,1.0161582484878215,0.7487008552172252,0.056249200002639554,"{""alpha"": 1.0}"
alphafold16,raw,ridge,6,group,0,92,30,70,24,0.09263932735833791,0.45974673771810304,0.8695980748848917,0.561336909884617,0.057047700000111945,"{""alpha"": 0.1}"
alphafold16,raw,ridge,7,group,0,92,30,70,24,0.40516615265509337,-0.10220543388609471,1.2734867926367892,0.7791315000346721,0.05680199999187607,"{""alpha"": 10.0}"
alphafold16,raw,ridge,8,group,0,93,29,70,24,0.46082649231040096,0.5032741178510666,0.9582650969030797,0.5961418676262177,0.060764399997424334,"{""alpha"": 0.1}"
alphafold16,raw,ridge,9,group,0,89,33,70,24,0.26829014138798607,0.5557861394838999,0.7912858980159988,0.5193618714177191,0.05971319999662228,"{""alpha"": 0.01}"
alphafold16,raw,enet,0,group,0,89,33,70,24,0.2425903825843485,0.5976791833019128,0.8483369002250374,0.5789384022678682,0.1794996000098763,"{""alpha"": 0.001, ""l1_ratio"": 0.85}"
alphafold16,raw,enet,1,group,0,93,29,70,24,0.38943426121225644,0.464544458736614,0.9692852549530562,0.6347576999075466,0.1204686999990372,"{""alpha"": 0.001, ""l1_ratio"": 0.15}"
alphafold16,raw,enet,2,group,0,95,27,70,24,0.33806535884930533,0.15976714598643305,1.498724268654469,0.9682757906671671,0.10550010000588372,"{""alpha"": 0.1, ""l1_ratio"": 0.5}"
alphafold16,raw,enet,3,group,0,96,26,70,24,-0.36683530334151426,0.5835441080867435,0.8407854429505445,0.5555959034036773,0.11477529999683611,"{""alpha"": 0.01, ""l1_ratio"": 0.85}"
alphafold16,raw,enet,4,group,0,97,25,70,24,0.25354383395866414,0.19636152518778416,1.5100702881334582,0.9145157748604598,0.10077040000760462,"{""alpha"": 0.1, ""l1_ratio"": 0.5}"
alphafold16,raw,enet,5,group,0,90,32,70,24,0.394231456618066,0.2340427896859264,1.018685732695862,0.750694476382556,0.10536180000053719,"{""alpha"": 0.01, ""l1_ratio"": 0.85}"
alphafold16,raw,enet,6,group,0,92,30,70,24,0.09873089639512841,0.459786165667185,0.8695663424580876,0.5613187893353278,0.13670810000621714,"{""alpha"": 0.001, ""l1_ratio"": 0.15}"
alphafold16,raw,enet,7,group,0,92,30,70,24,0.4063528425741736,-0.04742294608192732,1.2414356514894094,0.7706507899979769,0.11176480000722222,"{""alpha"": 0.01, ""l1_ratio"": 0.85}"
alphafold16,raw,enet,8,group,0,93,29,70,24,0.46520256810464133,0.5032746956701248,0.9582645395493996,0.5960927228367987,0.11132069998711813,"{""alpha"": 0.001, ""l1_ratio"": 0.5}"
alphafold16,raw,enet,9,group,0,89,33,70,24,0.2609849706234018,0.557836497024643,0.7894576170516805,0.5178034801938052,0.1175305000069784,"{""alpha"": 0.001, ""l1_ratio"": 0.85}"
alphafold16,raw,knn,0,group,0,89,33,70,24,0.2881513539103945,0.5684906995011016,0.8785716520085178,0.644764410781818,0.057193100001313724,"{""n_neighbors"": 10, ""weights"": ""uniform""}"
alphafold16,raw,knn,1,group,0,93,29,70,24,0.25410950921486297,-0.41644644961125676,1.5764854891132791,1.2133995902154895,0.05684330000076443,"{""n_neighbors"": 3, ""weights"": ""distance""}"
alphafold16,raw,knn,2,group,0,95,27,70,24,0.38271802858588877,0.25343913676412266,1.4127148814700754,0.9655109488074073,0.05689870000060182,"{""n_neighbors"": 10, ""weights"": ""uniform""}"
alphafold16,raw,knn,3,group,0,96,26,70,24,-0.5111800295555214,0.5750620586454029,0.8493045158591274,0.5601237601884616,0.058995999992475845,"{""n_neighbors"": 10, ""weights"": ""uniform""}"
alphafold16,raw,knn,4,group,0,97,25,70,24,0.3145346566403423,0.3494986224658695,1.3585978171040427,0.848762293096,0.056649299993296154,"{""n_neighbors"": 10, ""weights"": ""uniform""}"
alphafold16,raw,knn,5,group,0,90,32,70,24,0.30570779506842005,0.15519477969681417,1.0698336742463652,0.8725125246250003,0.05784510000376031,"{""n_neighbors"": 10, ""weights"": ""uniform""}"
alphafold16,raw,knn,6,group,0,92,30,70,24,-0.2034230899028649,0.3480461239087157,0.955274767452975,0.7312543250733331,0.0592185999994399,"{""n_neighbors"": 5, ""weights"": ""distance""}"
alphafold16,raw,knn,7,group,0,92,30,70,24,0.2461930873190782,0.06251770866777073,1.1744775177283329,0.7931124436000001,0.058325699996203184,"{""n_neighbors"": 10, ""weights"": ""uniform""}"
alphafold16,raw,knn,8,group,0,93,29,70,24,0.3515933708586657,0.4801144315698047,0.9803500067399823,0.7556897934965516,0.05529069999465719,"{""n_neighbors"": 5, ""weights"": ""distance""}"
alphafold16,raw,knn,9,group,0,89,33,70,24,0.18659719734291266,0.168270602562971,1.0827505155551314,0.9259634050649997,0.0600957999995444,"{""n_neighbors"": 5, ""weights"": ""distance""}"
alphafold16,raw,pls,0,group,0,89,33,70,24,0.18742101943140282,0.5331807600736885,0.9138112059520878,0.5798365127308011,0.04427800000121351,"{""n_components"": 2}"
alphafold16,raw,pls,1,group,0,93,29,70,24,0.26996244571576544,0.46742765603802583,0.9666721409201527,0.6307261946640529,0.044461600002250634,"{""n_components"": 5}"
alphafold16,raw,pls,2,group,0,95,27,70,24,0.3176036524663589,0.10661923412940011,1.5453975144457535,0.9647490405141291,0.04390869999770075,"{""n_components"": 2}"
alphafold16,raw,pls,3,group,0,96,26,70,24,-0.5045867065873682,0.5845594882895944,0.839759838658327,0.5542388202973874,0.046442400009254925,"{""n_components"": 2}"
alphafold16,raw,pls,4,group,0,97,25,70,24,0.23964680155857074,0.1469570629485858,1.5557945575546386,0.9554367261770881,0.04405579999729525,"{""n_components"": 2}"
alphafold16,raw,pls,5,group,0,90,32,70,24,0.3650891049811059,0.21353921229921757,1.032230069630844,0.7425452114222442,0.045188099989900365,"{""n_components"": 2}"
alphafold16,raw,pls,6,group,0,92,30,70,24,0.05084111383952241,0.4597832595290752,0.8695686814175214,0.5620935764865941,0.034113000001525506,"{""n_components"": 5}"
alphafold16,raw,pls,7,group,0,92,30,70,24,0.411829328889214,0.3569914520421261,0.9726834903527748,0.6792420491156276,0.03476940000837203,"{""n_components"": 5}"
alphafold16,raw,pls,8,group,0,93,29,70,24,0.29100070356330265,0.4930360295006877,0.968090198102786,0.6442405950986845,0.035303100012242794,"{""n_components"": 2}"
alphafold16,raw,pls,9,group,0,89,33,70,24,0.21197955923739595,0.5492783288885585,0.7970610613986701,0.5219240967569316,0.03717029999825172,"{""n_components"": 2}"
alphafold16,raw,rf,0,group,0,89,33,70,24,0.2623930860245115,0.5508293390470905,0.8963709978231089,0.6155098503483948,1.591195200002403,"{""max_features"": 0.3, ""min_samples_leaf"": 1}"
alphafold16,raw,rf,1,group,0,93,29,70,24,0.369890118643119,0.4692001623419446,0.9650621619932209,0.6287073475610179,1.6112710000015795,"{""max_features"": 1.0, ""min_samples_leaf"": 1}"
alphafold16,raw,rf,2,group,0,95,27,70,24,0.28607978800778144,0.24705643580155512,1.418741011765049,0.9324660295739287,1.5879967999935616,"{""max_features"": ""sqrt"", ""min_samples_leaf"": 3}"
alphafold16,raw,rf,3,group,0,96,26,70,24,-0.3619979251474385,0.585346477930176,0.8389640621785152,0.5557775699049857,1.596895399998175,"{""max_features"": ""sqrt"", ""min_samples_leaf"": 1}"
alphafold16,raw,rf,4,group,0,97,25,70,24,0.23820601488859694,0.24084747799732464,1.4676798160984064,0.9099255496895754,1.6105595999979414,"{""max_features"": ""sqrt"", ""min_samples_leaf"": 1}"
alphafold16,raw,rf,5,group,0,90,32,70,24,0.41386253533318085,0.23307823077074086,1.0193269390509028,0.7530835518468401,1.5998437000089325,"{""max_features"": 0.3, ""min_samples_leaf"": 1}"
alphafold16,raw,rf,6,group,0,92,30,70,24,0.05209338281324185,0.45888715570561,0.8702895966430465,0.5605677896550788,1.6140180000074906,"{""max_features"": 1.0, ""min_samples_leaf"": 1}"
alphafold16,raw,rf,7,group,0,92,30,70,24,0.38356349836402936,0.021887491800341108,1.1996583404563919,0.7645415360269021,1.6147223000007216,"{""max_features"": ""sqrt"", ""min_samples_leaf"": 3}"
alphafold16,raw,rf,8,group,0,93,29,70,24,0.41683383190856504,0.507327762064326,0.9543470171094787,0.5936505608252702,1.6414970999903744,"{""max_features"": 1.0, ""min_samples_leaf"": 1}"
alphafold16,raw,rf,9,group,0,89,33,70,24,0.25763237213380696,0.5498781710020119,0.7965305011866447,0.5233493783989274,1.6249014000059105,"{""max_features"": 0.3, ""min_samples_leaf"": 1}"
alphafold16,raw,et,0,group,0,89,33,70,24,0.26471198695743314,0.5713932295891189,0.8756118277489703,0.6047086455158589,1.0514983000030043,"{""max_features"": ""sqrt"", ""min_samples_leaf"": 1}"
alphafold16,raw,et,1,group,0,93,29,70,24,0.341138725248492,0.4612659286506451,0.9722481352405885,0.638101612781759,0.9213081999914721,"{""max_features"": ""sqrt"", ""min_samples_leaf"": 1}"
alphafold16,raw,et,2,group,0,95,27,70,24,0.31352475175819083,0.23978853851416893,1.425571869394161,0.935339532926305,0.8349692999909166,"{""max_features"": 0.3, ""min_samples_leaf"": 3}"
alphafold16,raw,et,3,group,0,96,26,70,24,-0.3611068462574612,0.5864304592228455,0.8378667406469326,0.555507470660057,0.8390686999919126,"{""max_features"": ""sqrt"", ""min_samples_leaf"": 1}"
alphafold16,raw,et,4,group,0,97,25,70,24,0.2402317285001177,0.27601131278051094,1.4332854502700012,0.8868219241918098,0.8364742999983719,"{""max_features"": ""sqrt"", ""min_samples_leaf"": 3}"
alphafold16,raw,et,5,group,0,90,32,70,24,0.4157064932404556,0.2273138689083788,1.0231505166020698,0.7551338216490083,0.8475747000047704,"{""max_features"": ""sqrt"", ""min_samples_leaf"": 1}"
alphafold16,raw,et,6,group,0,92,30,70,24,0.007783916124181634,0.4586569725508527,0.8704746825335936,0.5613253140909634,0.8498028000030899,"{""max_features"": ""sqrt"", ""min_samples_leaf"": 1}"
alphafold16,raw,et,7,group,0,92,30,70,24,0.39882394851467246,0.017919660186226594,1.202089157256385,0.764610791181052,0.8570367999927839,"{""max_features"": ""sqrt"", ""min_samples_leaf"": 3}"
alphafold16,raw,et,8,group,0,93,29,70,24,0.3942361735494089,0.5037333968938453,0.957821982428495,0.5947271524783416,0.8393014000030234,"{""max_features"": 0.3, ""min_samples_leaf"": 1}"
alphafold16,raw,et,9,group,0,89,33,70,24,0.2639079922735405,0.5406809319403203,0.8046270168944486,0.5280804259488321,0.9229545999987749,"{""max_features"": ""sqrt"", ""min_samples_leaf"": 1}"
alphafold16,raw,gbr,0,group,0,89,33,70,24,0.2696782361645739,0.5837681250079226,0.8628787494994413,0.5950700944376975,0.535263899990241,"{""learning_rate"": 0.1, ""max_depth"": 2, ""n_estimators"": 200}"
alphafold16,raw,gbr,1,group,0,93,29,70,24,0.397444609084242,0.46944155284293887,0.964842697598578,0.6266400871385227,0.5499115999991773,"{""learning_rate"": 0.03, ""max_depth"": 3, ""n_estimators"": 200}"
alphafold16,raw,gbr,2,group,0,95,27,70,24,0.2816094766003586,0.4477527610038544,1.2150347166401478,0.8408019728567925,0.5440764000086347,"{""learning_rate"": 0.03, ""max_depth"": 2, ""n_estimators"": 200}"
alphafold16,raw,gbr,3,group,0,96,26,70,24,-0.35180914069890157,0.5860870724225256,0.8382145088620512,0.5552668915871128,0.558074000000488,"{""learning_rate"": 0.03, ""max_depth"": 3, ""n_estimators"": 200}"
alphafold16,raw,gbr,4,group,0,97,25,70,24,0.23961739109056293,0.24937865390006786,1.4594097975741211,0.9066892118367114,0.5403414000029443,"{""learning_rate"": 0.03, ""max_depth"": 2, ""n_estimators"": 200}"
alphafold16,raw,gbr,5,group,0,90,32,70,24,0.4289698737264887,0.2316786830863976,1.020256594761645,0.7538832547790657,0.5493602999922587,"{""learning_rate"": 0.1, ""max_depth"": 2, ""n_estimators"": 200}"
alphafold16,raw,gbr,6,group,0,92,30,70,24,0.09371732298955729,0.45897479961311516,0.8702191134984035,0.5605153300317335,0.5565744000050472,"{""learning_rate"": 0.03, ""max_depth"": 3, ""n_estimators"": 200}"
alphafold16,raw,gbr,7,group,0,92,30,70,24,0.38588028402026947,0.36604165751889506,0.9658140790315052,0.6747605463610326,0.5481595000019297,"{""learning_rate"": 0.1, ""max_depth"": 2, ""n_estimators"": 200}"
alphafold16,raw,gbr,8,group,0,93,29,70,24,0.4467083663167726,0.503357538296122,0.9581846277144725,0.5949106946720224,0.5557332999887876,"{""learning_rate"": 0.03, ""max_depth"": 3, ""n_estimators"": 200}"
alphafold16,raw,gbr,9,group,0,89,33,70,24,0.25611692390168733,0.5526089920309032,0.7941106103108958,0.5214615786960072,0.5594890000065789,"{""learning_rate"": 0.1, ""max_depth"": 3, ""n_estimators"": 200}"
alphafold16,raw,hgb,0,group,0,89,33,70,24,0.2596684709892396,0.5855172072078569,0.8610638539761872,0.5903890021067169,0.09695049999572802,"{""learning_rate"": 0.03, ""max_leaf_nodes"": 15}"
alphafold16,raw,hgb,1,group,0,93,29,70,24,0.37886614328919305,0.4664305466780684,0.9675766444275736,0.6376748785487362,0.08299199999601115,"{""learning_rate"": 0.1, ""max_leaf_nodes"": 15}"
alphafold16,raw,hgb,2,group,0,95,27,70,24,0.26451555629918205,0.38233260639689925,1.2849885215301253,0.8769726988206338,0.0892837999999756,"{""learning_rate"": 0.03, ""max_leaf_nodes"": 15}"
alphafold16,raw,hgb,3,group,0,96,26,70,24,-0.3916251059474463,0.592873049657621,0.8313149764065398,0.5527166430960361,0.08253600000170991,"{""learning_rate"": 0.03, ""max_leaf_nodes"": 15}"
alphafold16,raw,hgb,4,group,0,97,25,70,24,0.2517295365516413,0.1904726183940033,1.5155929403869035,0.9299590035157688,0.08009740000125021,"{""learning_rate"": 0.03, ""max_leaf_nodes"": 15}"
alphafold16,raw,hgb,5,group,0,90,32,70,24,0.3942776717871266,0.22718505666792943,1.0232357962601057,0.7458861883820476,0.08288549999997485,"{""learning_rate"": 0.03, ""max_leaf_nodes"": 15}"
alphafold16,raw,hgb,6,group,0,92,30,70,24,0.06505907613839898,0.4556627338059427,0.8728787172445658,0.5643097408617408,0.0904368999908911,"{""learning_rate"": 0.03, ""max_leaf_nodes"": 15}"
alphafold16,raw,hgb,7,group,0,92,30,70,24,0.37998080533507383,0.29734665957436446,1.0167957656711037,0.7002261428654423,0.07825200000661425,"{""learning_rate"": 0.1, ""max_leaf_nodes"": 15}"
alphafold16,raw,hgb,8,group,0,93,29,70,24,0.42599112205563616,0.5108001677174622,0.9509779011600911,0.5961922315781186,0.09347400000842754,"{""learning_rate"": 0.1, ""max_leaf_nodes"": 15}"
alphafold16,raw,hgb,9,group,0,89,33,70,24,0.2415289610529519,0.5576458485925434,0.7896277946393718,0.5179600941029284,0.0788955000025453,"{""learning_rate"": 0.03, ""max_leaf_nodes"": 15}"
alphafold16,raw,xgb,0,group,0,89,33,70,24,0.24065145142038977,0.6048247027433773,0.8407695996641641,0.5607897540895552,0.19443679999676533,"{""learning_rate"": 0.03, ""max_depth"": 4, ""n_estimators"": 500}"
alphafold16,raw,xgb,1,group,0,93,29,70,24,0.4077713744567822,0.4698376751365969,0.9644824478756335,0.6276494792227404,0.19100550000439398,"{""learning_rate"": 0.1, ""max_depth"": 2, ""n_estimators"": 500}"
alphafold16,raw,xgb,2,group,0,95,27,70,24,0.250310085720906,0.44257539197472306,1.2207169613345425,0.8499541443555864,0.1876994000049308,"{""learning_rate"": 0.03, ""max_depth"": 4, ""n_estimators"": 500}"
alphafold16,raw,xgb,3,group,0,96,26,70,24,-0.3786519482431644,0.580123230589452,0.8442315961671568,0.5553736550644156,0.17986770000425167,"{""learning_rate"": 0.1, ""max_depth"": 2, ""n_estimators"": 200}"
alphafold16,raw,xgb,4,group,0,97,25,70,24,0.24705614662137024,0.22806501301357684,1.4799844923987007,0.9164972970627835,0.1812084999983199,"{""learning_rate"": 0.1, ""max_depth"": 2, ""n_estimators"": 500}"
alphafold16,raw,xgb,5,group,0,90,32,70,24,0.3850143874892594,0.234405868341928,1.0184442656251824,0.750867129005272,0.19360040000174195,"{""learning_rate"": 0.03, ""max_depth"": 2, ""n_estimators"": 500}"
alphafold16,raw,xgb,6,group,0,92,30,70,24,0.1155239317824226,0.45770150109767527,0.8712425385852781,0.5612657584881348,0.1909521999914432,"{""learning_rate"": 0.1, ""max_depth"": 4, ""n_estimators"": 200}"
alphafold16,raw,xgb,7,group,0,92,30,70,24,0.3670798545296086,0.34388076690439073,0.982549763967816,0.6836206362360758,0.17231460000039078,"{""learning_rate"": 0.03, ""max_depth"": 2, ""n_estimators"": 200}"
alphafold16,raw,xgb,8,group,0,93,29,70,24,0.45207035845966975,0.5083154244678973,0.9533899451808865,0.5904235181547767,0.180512799997814,"{""learning_rate"": 0.1, ""max_depth"": 2, ""n_estimators"": 200}"
alphafold16,raw,xgb,9,group,0,89,33,70,24,0.23699499428732448,0.5503894025297555,0.7960780379107277,0.5265059249733517,0.1723348000086844,"{""learning_rate"": 0.1, ""max_depth"": 2, ""n_estimators"": 200}"
alphafold16,raw,lgbm,0,group,0,89,33,70,24,0.2565106618576894,0.5846013934168741,0.8620146039847844,0.5925417237471274,0.11142289999406785,"{""learning_rate"": 0.03, ""n_estimators"": 200, ""num_leaves"": 15}"
alphafold16,raw,lgbm,1,group,0,93,29,70,24,0.39598288247459335,0.45923401314500767,0.9740798987426633,0.6430515452584513,0.12048130000766832,"{""learning_rate"": 0.1, ""n_estimators"": 500, ""num_leaves"": 15}"
alphafold16,raw,lgbm,2,group,0,95,27,70,24,0.25134922560717987,0.3917845754842273,1.275118730592676,0.8744546903993224,0.11035919999994803,"{""learning_rate"": 0.03, ""n_estimators"": 200, ""num_leaves"": 15}"
alphafold16,raw,lgbm,3,group,0,96,26,70,24,-0.39253673754573054,0.5877537435060396,0.8365252199379749,0.5547240160570676,0.13019409999833442,"{""learning_rate"": 0.1, ""n_estimators"": 500, ""num_leaves"": 15}"
alphafold16,raw,lgbm,4,group,0,97,25,70,24,0.2400922733908834,0.18612025566422818,1.5196617142520146,0.9306543606753312,0.10928190000413451,"{""learning_rate"": 0.03, ""n_estimators"": 200, ""num_leaves"": 15}"
alphafold16,raw,lgbm,5,group,0,90,32,70,24,0.38917775296433577,0.22702510027500888,1.0233416848949886,0.7571062645540629,0.12881449999986216,"{""learning_rate"": 0.1, ""n_estimators"": 500, ""num_leaves"": 15}"
alphafold16,raw,lgbm,6,group,0,92,30,70,24,0.07540228842664187,0.4583044170106696,0.8707580894550363,0.5628943198113184,0.12923010000668,"{""learning_rate"": 0.1, ""n_estimators"": 500, ""num_leaves"": 15}"
alphafold16,raw,lgbm,7,group,0,92,30,70,24,0.37069950806579577,0.27698676284089874,1.0314217745474183,0.7062252052341339,0.10818539999308996,"{""learning_rate"": 0.03, ""n_estimators"": 200, ""num_leaves"": 15}"
alphafold16,raw,lgbm,8,group,0,93,29,70,24,0.43503955258406257,0.5071217651685528,0.9545465128008124,0.5916905635228498,0.1316480999958003,"{""learning_rate"": 0.1, ""n_estimators"": 500, ""num_leaves"": 15}"
alphafold16,raw,lgbm,9,group,0,89,33,70,24,0.23499066770025867,0.547216416882242,0.7988821347719313,0.5269698236965606,0.1123646999913035,"{""learning_rate"": 0.03, ""n_estimators"": 200, ""num_leaves"": 15}"
md_core89_maccs,pca,nusvr,0,group,0,89,33,70,24,0.5903429132553067,0.6870010021182382,0.748261808739339,0.5664325508287078,20.327394699997967,"{""C"": 0.1, ""kernel"": ""linear"", ""n_components"": 19, ""nu"": 0.5}"
md_core89_maccs,pca,nusvr,1,group,0,93,29,70,24,0.6163027625739366,0.6929006303514765,0.7340562825924872,0.5738387708397624,19.671763500009547,"{""C"": 0.1, ""kernel"": ""linear"", ""n_components"": 15, ""nu"": 0.3}"
md_core89_maccs,pca,nusvr,2,group,0,95,27,70,24,0.6100106254531278,0.632055986565043,0.991774142034245,0.7743847270516155,21.217013699992094,"{""C"": 1.0, ""kernel"": ""linear"", ""n_components"": 22, ""nu"": 0.1}"
md_core89_maccs,pca,nusvr,3,group,0,96,26,70,24,0.2939384357677305,0.7832042222576987,0.606633079236788,0.4321684297305881,16.774942600008217,"{""C"": 1.0, ""kernel"": ""sigmoid"", ""n_components"": 20, ""nu"": 0.3}"
md_core89_maccs,pca,nusvr,4,group,0,97,25,70,24,0.5170645730119372,0.6957215576405809,0.9291854366133293,0.6791834920382533,20.4355113000056,"{""C"": 10.0, ""kernel"": ""linear"", ""n_components"": 19, ""nu"": 0.5}"
md_core89_maccs,pca,nusvr,5,group,0,90,32,70,24,0.6144130508807348,0.7179053969326536,0.6182090493928714,0.479663026545888,19.116153200011468,"{""C"": 10.0, ""kernel"": ""rbf"", ""n_components"": 17, ""nu"": 0.7}"
md_core89_maccs,pca,nusvr,6,group,0,92,30,70,24,0.4629926627420705,0.4576236014635767,0.871305112092272,0.6386203107389241,18.69287300000724,"{""C"": 10.0, ""kernel"": ""rbf"", ""n_components"": 17, ""nu"": 0.3}"
md_core89_maccs,pca,nusvr,7,group,0,92,30,70,24,0.6769613289725191,0.03048311413373317,1.194375428215076,0.9082380708220771,19.889414899997064,"{""C"": 0.1, ""kernel"": ""linear"", ""n_components"": 15, ""nu"": 0.9}"
md_core89_maccs,pca,nusvr,8,group,0,93,29,70,24,0.7013339564345207,0.5158693121728459,0.9460380001464583,0.7675637374977015,18.615946499994607,"{""C"": 10.0, ""kernel"": ""linear"", ""n_components"": 19, ""nu"": 0.1}"
md_core89_maccs,pca,nusvr,9,group,0,89,33,70,24,0.6125619365180942,0.569834177358282,0.7786733733062076,0.599044123569853,17.647137799998745,"{""C"": 1.0, ""kernel"": ""linear"", ""n_components"": 15, ""nu"": 0.7}"
md_core89_maccs,pca,svr,0,group,0,89,33,70,24,0.5299904914026844,0.6624253650318899,0.7770822862220461,0.5618159095535956,0.2797413000080269,"{""C"": 10.0, ""epsilon"": 0.1, ""n_components"": 17}"
md_core89_maccs,pca,svr,1,group,0,93,29,70,24,0.5599821811071115,0.7376989101983726,0.6784064135427589,0.5259933396001553,0.3209428999980446,"{""C"": 10.0, ""epsilon"": 0.1, ""n_components"": 22}"
md_core89_maccs,pca,svr,2,group,0,95,27,70,24,0.48669706702088816,0.6958641691456244,0.9016867844917003,0.70683687085159,0.34668250000686385,"{""C"": 10.0, ""epsilon"": 0.1, ""n_components"": 22}"
md_core89_maccs,pca,svr,3,group,0,96,26,70,24,0.216930889512845,0.5820269590017108,0.8423155416374617,0.623148656654503,0.3079109999962384,"{""C"": 1.0, ""epsilon"": 0.05, ""n_components"": 17}"
md_core89_maccs,pca,svr,4,group,0,97,25,70,24,0.40903158998322614,0.7348322809382024,0.8674154006345006,0.6384471877489011,0.3953509999992093,"{""C"": 10.0, ""epsilon"": 0.05, ""n_components"": 17}"
md_core89_maccs,pca,svr,5,group,0,90,32,70,24,0.6140409924737621,0.7074724016087512,0.6295371913116727,0.4889891141022637,0.30551829999603797,"{""C"": 10.0, ""epsilon"": 0.05, ""n_components"": 17}"
md_core89_maccs,pca,svr,6,group,0,92,30,70,24,0.46293651036681654,0.435495616934099,0.8889012763545722,0.648717032788544,0.31065189999935683,"{""C"": 10.0, ""epsilon"": 0.1, ""n_components"": 17}"
md_core89_maccs,pca,svr,7,group,0,92,30,70,24,0.5998752654884457,0.3337962687734599,0.9900718249622029,0.7747022895009797,0.34216070000547916,"{""C"": 10.0, ""epsilon"": 0.05, ""n_components"": 19}"
md_core89_maccs,pca,svr,8,group,0,93,29,70,24,0.6856485104935038,0.6071742608420982,0.8521719665815971,0.6962708213251373,0.3065428999980213,"{""C"": 10.0, ""epsilon"": 0.1, ""n_components"": 17}"
md_core89_maccs,pca,svr,9,group,0,89,33,70,24,0.5908439714721321,0.6126365354333987,0.7389187748200989,0.6112955682079028,0.29270580000593327,"{""C"": 10.0, ""epsilon"": 0.05, ""n_components"": 21}"
md_core89_maccs,pca,ridge,0,group,0,89,33,70,24,0.5640445674902781,0.7127985443212762,0.7167627454015114,0.5718285802723865,0.34228799999982584,"{""alpha"": 10.0, ""n_components"": 17}"
md_core89_maccs,pca,ridge,1,group,0,93,29,70,24,0.6200530970207666,0.7184614538554908,0.7028438180933858,0.5265167982245896,0.30395150001277216,"{""alpha"": 100.0, ""n_components"": 22}"
md_core89_maccs,pca,ridge,2,group,0,95,27,70,24,0.6078648343495041,0.6456889685888536,0.9732272208295878,0.7753684971257507,0.30562329999520443,"{""alpha"": 10.0, ""n_components"": 22}"
md_core89_maccs,pca,ridge,3,group,0,96,26,70,24,0.31195811094225184,0.8166570510445674,0.5578697138983016,0.4243311351900918,0.3026834000047529,"{""alpha"": 100.0, ""n_components"": 20}"
md_core89_maccs,pca,ridge,4,group,0,97,25,70,24,0.46910317105506494,0.7513966396653046,0.8398859176047889,0.6405151273941118,0.28845489998639096,"{""alpha"": 0.01, ""n_components"": 19}"
md_core89_maccs,pca,ridge,5,group,0,90,32,70,24,0.5810920100246266,0.6874022163794848,0.6507750834097016,0.5095854112246714,0.3019187000027159,"{""alpha"": 100.0, ""n_components"": 21}"
md_core89_maccs,pca,ridge,6,group,0,92,30,70,24,0.4089975758180181,0.6582847538682061,0.6915953245110077,0.5507881367626057,0.2836898000095971,"{""alpha"": 100.0, ""n_components"": 21}"
md_core89_maccs,pca,ridge,7,group,0,92,30,70,24,0.672549962049807,0.21084488652415123,1.077567188539243,0.8232003093601814,0.30937570000241976,"{""alpha"": 10.0, ""n_components"": 19}"
md_core89_maccs,pca,ridge,8,group,0,93,29,70,24,0.7072366199325726,0.5368864475647931,0.9252754094484228,0.7531625338126016,0.3047670000087237,"{""alpha"": 10.0, ""n_components"": 19}"
md_core89_maccs,pca,ridge,9,group,0,89,33,70,24,0.6065253398794043,0.5420612349576088,0.8034171120348,0.6288241209848481,0.29056819999823347,"{""alpha"": 10.0, ""n_components"": 15}"
md_core89_maccs,pca,enet,0,group,0,89,33,70,24,0.5648087963342246,0.7101788796186963,0.7200242465272731,0.570329225473447,0.7658261000033235,"{""alpha"": 0.1, ""l1_ratio"": 0.15, ""n_components"": 17}"
md_core89_maccs,pca,enet,1,group,0,93,29,70,24,0.6258961800123701,0.7224870079136514,0.6978009517913039,0.5237251036861237,0.7743683000007877,"{""alpha"": 0.1, ""l1_ratio"": 0.85, ""n_components"": 22}"
md_core89_maccs,pca,enet,2,group,0,95,27,70,24,0.6063348715823093,0.6476937742551723,0.970469898671677,0.7764396947794673,0.7602940000069793,"{""alpha"": 0.01, ""l1_ratio"": 0.15, ""n_components"": 22}"
md_core89_maccs,pca,enet,3,group,0,96,26,70,24,0.3213822853207004,0.7344844586530908,0.6713448346562814,0.5064540561277734,0.7649016999930609,"{""alpha"": 1.0, ""l1_ratio"": 0.15, ""n_components"": 20}"
md_core89_maccs,pca,enet,4,group,0,97,25,70,24,0.4690959812941472,0.7512802820578098,0.8400824468940713,0.640632635171152,0.7741240000032121,"{""alpha"": 0.001, ""l1_ratio"": 0.15, ""n_components"": 19}"
md_core89_maccs,pca,enet,5,group,0,90,32,70,24,0.5928876551168545,0.6567545610141173,0.6819308795152338,0.5474502132125361,0.7742892000096617,"{""alpha"": 0.1, ""l1_ratio"": 0.85, ""n_components"": 19}"
md_core89_maccs,pca,enet,6,group,0,92,30,70,24,0.4014340164413824,0.6089056399552515,0.7398789084264249,0.5767978842168952,0.7686434000061126,"{""alpha"": 0.001, ""l1_ratio"": 0.15, ""n_components"": 21}"
md_core89_maccs,pca,enet,7,group,0,92,30,70,24,0.672658678767609,0.20231232589678605,1.083377001817352,0.8264972005894525,0.7606153999950038,"{""alpha"": 0.1, ""l1_ratio"": 0.15, ""n_components"": 19}"
md_core89_maccs,pca,enet,8,group,0,93,29,70,24,0.7064334254020487,0.5324607162210291,0.9296860808097407,0.7584661035377462,0.817163999992772,"{""alpha"": 0.001, ""l1_ratio"": 0.15, ""n_components"": 19}"
md_core89_maccs,pca,enet,9,group,0,89,33,70,24,0.6086512294429836,0.5804469882514511,0.7690078883822151,0.5967316247434947,0.772113699989859,"{""alpha"": 0.1, ""l1_ratio"": 0.5, ""n_components"": 15}"
md_core89_maccs,pca,knn,0,group,0,89,33,70,24,0.46320061868888407,0.6373118461441872,0.8054689274219407,0.5632893361169247,0.32654270000057295,"{""n_components"": 15, ""n_neighbors"": 10, ""weights"": ""distance""}"
md_core89_maccs,pca,knn,1,group,0,93,29,70,24,0.552498114360928,0.743700239213055,0.6706006930769296,0.44685451612131294,0.2947008999908576,"{""n_components"": 15, ""n_neighbors"": 10, ""weights"": ""distance""}"
md_core89_maccs,pca,knn,2,group,0,95,27,70,24,0.44401977884537314,0.6716559087375327,0.936885490366185,0.6731083926752376,0.3201932000083616,"{""n_components"": 15, ""n_neighbors"": 5, ""weights"": ""distance""}"
md_core89_maccs,pca,knn,3,group,0,96,26,70,24,0.15320527241752024,0.682334800271677,0.734320239840519,0.5343375538898406,0.2691871999995783,"{""n_components"": 15, ""n_neighbors"": 5, ""weights"": ""distance""}"
md_core89_maccs,pca,knn,4,group,0,97,25,70,24,0.34327486169885313,0.646821265946366,1.0010691431514067,0.7379086615106263,0.2782870999944862,"{""n_components"": 15, ""n_neighbors"": 3, ""weights"": ""distance""}"
md_core89_maccs,pca,knn,5,group,0,90,32,70,24,0.509484466013895,0.5884068753138836,0.7467444871286583,0.5561789260432258,0.2751451000076486,"{""n_components"": 15, ""n_neighbors"": 10, ""weights"": ""distance""}"
md_core89_maccs,pca,knn,6,group,0,92,30,70,24,0.38172593983039627,0.6325642259986679,0.7171509686776093,0.5452731522320592,0.2622107000061078,"{""n_components"": 19, ""n_neighbors"": 10, ""weights"": ""distance""}"
md_core89_maccs,pca,knn,7,group,0,92,30,70,24,0.6656433946833135,-0.0702740862188771,1.25490449957089,0.9120920747400002,0.2647231000009924,"{""n_components"": 22, ""n_neighbors"": 5, ""weights"": ""uniform""}"
md_core89_maccs,pca,knn,8,group,0,93,29,70,24,0.6269597708190743,0.584993679295795,0.8759002106604513,0.6338579092890702,0.2514586000033887,"{""n_components"": 22, ""n_neighbors"": 5, ""weights"": ""distance""}"
md_core89_maccs,pca,knn,9,group,0,89,33,70,24,0.6051325200489721,0.6740809016689535,0.6777855073124308,0.4700288836396588,0.34492770000360906,"{""n_components"": 19, ""n_neighbors"": 5, ""weights"": ""distance""}"
md_core89_maccs,pca,pls,0,group,0,89,33,70,24,0.5623002748448578,0.7136989800529674,0.7156382639035498,0.5713920456769994,0.1653175000101328,"{""n_components"": 17}"
md_core89_maccs,pca,pls,1,group,0,93,29,70,24,0.5984587838737199,0.7108971706205208,0.7122231216641972,0.5495024054161856,0.14895400000386871,"{""n_components"": 15}"
md_core89_maccs,pca,pls,2,group,0,95,27,70,24,0.6062186684781207,0.6486365732712145,0.969170502090071,0.7763202978001634,0.15972389999660663,"{""n_components"": 22}"
md_core89_maccs,pca,pls,3,group,0,96,26,70,24,0.2169481002895993,0.8095422630234286,0.5685910094561469,0.46500216490565954,0.15887229998770636,"{""n_components"": 17}"
md_core89_maccs,pca,pls,4,group,0,97,25,70,24,0.46910321493227636,0.7514010546831839,0.8398784596850702,0.6405114254311105,0.15038569999160245,"{""n_components"": 19}"
md_core89_maccs,pca,pls,5,group,0,90,32,70,24,0.5727728015262397,0.6337974588018502,0.7043664247158071,0.56524985003374,0.1505693000071915,"{""n_components"": 20}"
md_core89_maccs,pca,pls,6,group,0,92,30,70,24,0.40149030889500315,0.6087308182416726,0.7400442552842796,0.5768959739143256,0.15189870000176597,"{""n_components"": 21}"
md_core89_maccs,pca,pls,7,group,0,92,30,70,24,0.6706346415809167,0.20959763996176495,1.0784183908749354,0.8240798623417664,0.15112279998720624,"{""n_components"": 19}"
md_core89_maccs,pca,pls,8,group,0,93,29,70,24,0.7064378212032677,0.532389444939809,0.9297569383777055,0.7585329062507931,0.15113869999186136,"{""n_components"": 19}"
md_core89_maccs,pca,pls,9,group,0,89,33,70,24,0.605391826190411,0.5375422150481003,0.8073715106719755,0.6337704275698087,0.1508501000062097,"{""n_components"": 15}"
md_core89_maccs,pca,rf,0,group,0,89,33,70,24,0.4796762356636098,0.6369637647865967,0.8058553495834136,0.5958801830274554,6.671067899995251,"{""max_features"": 1.0, ""min_samples_leaf"": 1, ""n_components"": 17}"
md_core89_maccs,pca,rf,1,group,0,93,29,70,24,0.42253269427449264,0.6595487108799842,0.7728894674833557,0.5648932410320684,7.899511299998267,"{""max_features"": 0.3, ""min_samples_leaf"": 1, ""n_components"": 15}"
md_core89_maccs,pca,rf,2,group,0,95,27,70,24,0.3819670745239534,0.3526363551793883,1.3155157847916736,0.8807703343861503,8.304728800008888,"{""max_features"": 0.3, ""min_samples_leaf"": 1, ""n_components"": 22}"
md_core89_maccs,pca,rf,3,group,0,96,26,70,24,0.1727710771303486,0.5244366374877227,0.8984726739250345,0.6727131044870854,8.56336870000814,"{""max_features"": 1.0, ""min_samples_leaf"": 3, ""n_components"": 19}"
md_core89_maccs,pca,rf,4,group,0,97,25,70,24,0.2461263189031805,0.4803253653681214,1.2143183612348534,0.8380684216537605,8.322488400008297,"{""max_features"": 0.3, ""min_samples_leaf"": 1, ""n_components"": 15}"
md_core89_maccs,pca,rf,5,group,0,90,32,70,24,0.41725518596305644,0.49298626960396796,0.8287963495920869,0.6405031706971915,7.470394299991312,"{""max_features"": 0.3, ""min_samples_leaf"": 1, ""n_components"": 15}"
md_core89_maccs,pca,rf,6,group,0,92,30,70,24,0.37427984270572,0.4646652669350744,0.865630562507207,0.6577680784935737,6.551234500002465,"{""max_features"": 1.0, ""min_samples_leaf"": 3, ""n_components"": 21}"
md_core89_maccs,pca,rf,7,group,0,92,30,70,24,0.47505131381445836,-0.06720972790454893,1.2531067201136497,0.8365103837604164,7.038244499999564,"{""max_features"": 1.0, ""min_samples_leaf"": 3, ""n_components"": 15}"
md_core89_maccs,pca,rf,8,group,0,93,29,70,24,0.5565561722424732,0.35568987660322793,1.0913768884218058,0.6620235854529514,8.310894399997778,"{""max_features"": 1.0, ""min_samples_leaf"": 3, ""n_components"": 17}"
md_core89_maccs,pca,rf,9,group,0,89,33,70,24,0.4623724075122649,0.37247034593606243,0.9404906881192591,0.6770871272636404,8.229333800001768,"{""max_features"": 0.3, ""min_samples_leaf"": 1, ""n_components"": 17}"
md_core89_maccs,pca,et,0,group,0,89,33,70,24,0.5280223581635042,0.6621970613781101,0.777345014402758,0.6023773372964246,5.605738800004474,"{""max_features"": 1.0, ""min_samples_leaf"": 1, ""n_components"": 21}"
md_core89_maccs,pca,et,1,group,0,93,29,70,24,0.5271890663264301,0.7178609837276095,0.7035929374076298,0.49046497529990846,5.476291800005129,"{""max_features"": 1.0, ""min_samples_leaf"": 3, ""n_components"": 15}"
md_core89_maccs,pca,et,2,group,0,95,27,70,24,0.5133345494069045,0.5680386300361177,1.0745938860853257,0.7419573995713188,5.523988300003111,"{""max_features"": 1.0, ""min_samples_leaf"": 3, ""n_components"": 17}"
md_core89_maccs,pca,et,3,group,0,96,26,70,24,0.1945552822082882,0.7191666464062646,0.6904385337131683,0.5430983114773892,5.565003099996829,"{""max_features"": 1.0, ""min_samples_leaf"": 1, ""n_components"": 15}"
md_core89_maccs,pca,et,4,group,0,97,25,70,24,0.334548162616995,0.565780150467823,1.1099965742272664,0.8148813480247996,5.558656999986852,"{""max_features"": ""sqrt"", ""min_samples_leaf"": 1, ""n_components"": 15}"
md_core89_maccs,pca,et,5,group,0,90,32,70,24,0.4869408430373854,0.5649053194276312,0.7677677331067566,0.582253685112315,5.1722774999943795,"{""max_features"": 1.0, ""min_samples_leaf"": 3, ""n_components"": 17}"
md_core89_maccs,pca,et,6,group,0,92,30,70,24,0.4061086967693449,0.6326771545391863,0.7170407548095283,0.5259192937010648,4.413951599999564,"{""max_features"": 1.0, ""min_samples_leaf"": 1, ""n_components"": 15}"
md_core89_maccs,pca,et,7,group,0,92,30,70,24,0.5548947698738079,0.15711400369102224,1.1136471003876993,0.857399558462136,4.42818879999686,"{""max_features"": 1.0, ""min_samples_leaf"": 1, ""n_components"": 17}"
md_core89_maccs,pca,et,8,group,0,93,29,70,24,0.6102502545008902,0.6075773390987471,0.8517346477963529,0.5949780456260702,4.421499500007485,"{""max_features"": 1.0, ""min_samples_leaf"": 1, ""n_components"": 17}"
md_core89_maccs,pca,et,9,group,0,89,33,70,24,0.5695357253448908,0.4299292703423543,0.8963997868534513,0.6448059008912773,4.938225500009139,"{""max_features"": 1.0, ""min_samples_leaf"": 1, ""n_components"": 17}"
md_core89_maccs,pca,gbr,0,group,0,89,33,70,24,0.575993804392027,0.698910986917514,0.7338876171612256,0.5238123393409868,4.547169199999189,"{""learning_rate"": 0.03, ""max_depth"": 3, ""n_components"": 21, ""n_estimators"": 200}"
md_core89_maccs,pca,gbr,1,group,0,93,29,70,24,0.47904406010238476,0.6956204889700618,0.7307984289324868,0.5681029509999151,5.162975300001563,"{""learning_rate"": 0.03, ""max_depth"": 2, ""n_components"": 21, ""n_estimators"": 500}"
md_core89_maccs,pca,gbr,2,group,0,95,27,70,24,0.4727536002711881,0.37505434109216296,1.2925371613154248,0.8169163555118701,5.122348299992154,"{""learning_rate"": 0.03, ""max_depth"": 2, ""n_components"": 20, ""n_estimators"": 500}"
md_core89_maccs,pca,gbr,3,group,0,96,26,70,24,0.20680619060692956,0.47044706677501225,0.9481026653253183,0.648757587450016,5.062138199995388,"{""learning_rate"": 0.03, ""max_depth"": 2, ""n_components"": 17, ""n_estimators"": 200}"
md_core89_maccs,pca,gbr,4,group,0,97,25,70,24,0.21249938611902489,0.43449096543264887,1.266737349930974,0.8585848809485682,5.074528400000418,"{""learning_rate"": 0.1, ""max_depth"": 2, ""n_components"": 15, ""n_estimators"": 200}"
md_core89_maccs,pca,gbr,5,group,0,90,32,70,24,0.3958741834603458,0.34521003784377713,0.9418656878235087,0.6566085856184644,5.1564770999975735,"{""learning_rate"": 0.1, ""max_depth"": 2, ""n_components"": 22, ""n_estimators"": 500}"
md_core89_maccs,pca,gbr,6,group,0,92,30,70,24,0.3570774218705641,0.6094695228568487,0.7393453344360512,0.5351216587429218,4.964811300000292,"{""learning_rate"": 0.03, ""max_depth"": 2, ""n_components"": 15, ""n_estimators"": 200}"
md_core89_maccs,pca,gbr,7,group,0,92,30,70,24,0.49813000432280496,-0.05437107444214151,1.245546405827253,0.897430558641562,5.214164899996831,"{""learning_rate"": 0.03, ""max_depth"": 2, ""n_components"": 20, ""n_estimators"": 500}"
md_core89_maccs,pca,gbr,8,group,0,93,29,70,24,0.4632010525348072,0.34585178825145646,1.0996775384404047,0.7100637182128474,4.923276599991368,"{""learning_rate"": 0.1, ""max_depth"": 2, ""n_components"": 20, ""n_estimators"": 200}"
md_core89_maccs,pca,gbr,9,group,0,89,33,70,24,0.4361999725761524,0.3577201258837571,0.9514797067467035,0.6666380160634533,4.1316635000112,"{""learning_rate"": 0.03, ""max_depth"": 2, ""n_components"": 17, ""n_estimators"": 500}"
md_core89_maccs,pca,hgb,0,group,0,89,33,70,24,0.5381988666207598,0.6028781927655036,0.8428377401459952,0.6750374831390473,0.4042226000019582,"{""learning_rate"": 0.1, ""max_leaf_nodes"": 15, ""n_components"": 15}"
md_core89_maccs,pca,hgb,1,group,0,93,29,70,24,0.5264528451881485,0.614157621174898,0.8228010945551678,0.6633864352926544,0.4021409999986645,"{""learning_rate"": 0.1, ""max_leaf_nodes"": 15, ""n_components"": 22}"
md_core89_maccs,pca,hgb,2,group,0,95,27,70,24,0.44508948975114804,0.5758621481796384,1.0648181045114236,0.8476681276358328,0.39867720000620466,"{""learning_rate"": 0.1, ""max_leaf_nodes"": 15, ""n_components"": 15}"
md_core89_maccs,pca,hgb,3,group,0,96,26,70,24,0.086600992061668,0.6126894533909856,0.8108309918154811,0.6041051892889917,0.4098377999907825,"{""learning_rate"": 0.03, ""max_leaf_nodes"": 15, ""n_components"": 15}"
md_core89_maccs,pca,hgb,4,group,0,97,25,70,24,0.2667801941995479,0.6331236212287625,1.020297159397323,0.8270166199275522,0.41142930000205524,"{""learning_rate"": 0.1, ""max_leaf_nodes"": 15, ""n_components"": 17}"
md_core89_maccs,pca,hgb,5,group,0,90,32,70,24,0.4893078751802856,0.552165692645207,0.778926805415085,0.5927339028575481,0.4087220000074012,"{""learning_rate"": 0.1, ""max_leaf_nodes"": 15, ""n_components"": 17}"
md_core89_maccs,pca,hgb,6,group,0,92,30,70,24,0.3594796484525645,0.5458783483561116,0.7972710140791106,0.6399297147240479,0.4106699999974808,"{""learning_rate"": 0.1, ""max_leaf_nodes"": 15, ""n_components"": 21}"
md_core89_maccs,pca,hgb,7,group,0,92,30,70,24,0.4979472851462646,0.09436030544981933,1.154359007587735,0.9000216028370427,0.40493819999392144,"{""learning_rate"": 0.1, ""max_leaf_nodes"": 15, ""n_components"": 15}"
md_core89_maccs,pca,hgb,8,group,0,93,29,70,24,0.5807687770624207,0.5767492897657212,0.8845576095763599,0.6783379213816791,0.40083830000367016,"{""learning_rate"": 0.1, ""max_leaf_nodes"": 15, ""n_components"": 20}"
md_core89_maccs,pca,hgb,9,group,0,89,33,70,24,0.5124639387530892,0.2663626639125075,1.0168996219347965,0.824320299621392,0.4091889999981504,"{""learning_rate"": 0.1, ""max_leaf_nodes"": 15, ""n_components"": 20}"
md_core89_maccs,pca,xgb,0,group,0,89,33,70,24,0.5606900043755513,0.7203121763577013,0.7073248003173948,0.5190384296772758,1.5206595000054222,"{""learning_rate"": 0.03, ""max_depth"": 4, ""n_components"": 20, ""n_estimators"": 200}"
md_core89_maccs,pca,xgb,1,group,0,93,29,70,24,0.5651429157416609,0.6340412971736228,0.8013199168476943,0.5917907079893421,1.5597011000063503,"{""learning_rate"": 0.03, ""max_depth"": 2, ""n_components"": 19, ""n_estimators"": 500}"
md_core89_maccs,pca,xgb,2,group,0,95,27,70,24,0.4734507934403201,0.5369974795873833,1.1125347574785285,0.768679126347403,1.5797157999913907,"{""learning_rate"": 0.03, ""max_depth"": 2, ""n_components"": 22, ""n_estimators"": 500}"
md_core89_maccs,pca,xgb,3,group,0,96,26,70,24,0.276914650302973,0.6860590928029611,0.7300029799407817,0.5687393196304369,1.5824218000052497,"{""learning_rate"": 0.03, ""max_depth"": 4, ""n_components"": 17, ""n_estimators"": 200}"
md_core89_maccs,pca,xgb,4,group,0,97,25,70,24,0.3480521316919156,0.5870678178820355,1.0824458201933436,0.7280906483941604,1.5796486000035657,"{""learning_rate"": 0.1, ""max_depth"": 2, ""n_components"": 17, ""n_estimators"": 200}"
md_core89_maccs,pca,xgb,5,group,0,90,32,70,24,0.4656059198608326,0.5557464617710324,0.7758065053853463,0.6049844731831208,1.7706065000093076,"{""learning_rate"": 0.03, ""max_depth"": 2, ""n_components"": 17, ""n_estimators"": 500}"
md_core89_maccs,pca,xgb,6,group,0,92,30,70,24,0.45364553209101494,0.7393544051603471,0.6040113023695076,0.4597101667883951,1.8469151000026613,"{""learning_rate"": 0.1, ""max_depth"": 2, ""n_components"": 20, ""n_estimators"": 200}"
md_core89_maccs,pca,xgb,7,group,0,92,30,70,24,0.5523908385359064,0.289749765485113,1.022277646028507,0.7551276704957682,1.8122244999976829,"{""learning_rate"": 0.1, ""max_depth"": 2, ""n_components"": 17, ""n_estimators"": 200}"
md_core89_maccs,pca,xgb,8,group,0,93,29,70,24,0.5319279042976104,0.4852964312133119,0.9754519133547079,0.6263003419970198,1.8769670000037877,"{""learning_rate"": 0.03, ""max_depth"": 2, ""n_components"": 17, ""n_estimators"": 500}"
md_core89_maccs,pca,xgb,9,group,0,89,33,70,24,0.5122151666142141,0.4506385501385013,0.879967157512667,0.6532208552758862,1.7902559999929508,"{""learning_rate"": 0.1, ""max_depth"": 2, ""n_components"": 21, ""n_estimators"": 200}"
md_core89_maccs,pca,lgbm,0,group,0,89,33,70,24,0.5448608262251626,0.5536895623871427,0.893512489925427,0.7066786390708589,0.8049012999981642,"{""learning_rate"": 0.03, ""n_components"": 15, ""n_estimators"": 500, ""num_leaves"": 15}"
md_core89_maccs,pca,lgbm,1,group,0,93,29,70,24,0.5131762094670256,0.5694073275827407,0.8692069996683196,0.6937707898746504,0.8206895999901462,"{""learning_rate"": 0.03, ""n_components"": 22, ""n_estimators"": 500, ""num_leaves"": 15}"
md_core89_maccs,pca,lgbm,2,group,0,95,27,70,24,0.42902716838993965,0.5320359821293679,1.1184797894143328,0.8724942611705673,0.8125817999971332,"{""learning_rate"": 0.03, ""n_components"": 15, ""n_estimators"": 200, ""num_leaves"": 15}"
md_core89_maccs,pca,lgbm,3,group,0,96,26,70,24,0.14850103761736938,0.6944652936250837,0.7201632465451167,0.5039038787866976,0.8072840000095312,"{""learning_rate"": 0.03, ""n_components"": 15, ""n_estimators"": 200, ""num_leaves"": 15}"
md_core89_maccs,pca,lgbm,4,group,0,97,25,70,24,0.24920230986641548,0.6526172555305698,0.9928209278260366,0.8349390716101079,0.8168947999947704,"{""learning_rate"": 0.1, ""n_components"": 17, ""n_estimators"": 200, ""num_leaves"": 15}"
md_core89_maccs,pca,lgbm,5,group,0,90,32,70,24,0.47045321003979906,0.5464479488347855,0.78388352508292,0.615055584822714,0.7998113999929046,"{""learning_rate"": 0.1, ""n_components"": 20, ""n_estimators"": 200, ""num_leaves"": 15}"
md_core89_maccs,pca,lgbm,6,group,0,92,30,70,24,0.3784769486726003,0.5227852778043569,0.8172911331994244,0.6519151655549855,0.7910937999986345,"{""learning_rate"": 0.1, ""n_components"": 21, ""n_estimators"": 200, ""num_leaves"": 15}"
md_core89_maccs,pca,lgbm,7,group,0,92,30,70,24,0.5301459014594382,0.16872275477578524,1.10595159083194,0.8384776688948945,0.8122852000087732,"{""learning_rate"": 0.03, ""n_components"": 20, ""n_estimators"": 200, ""num_leaves"": 15}"
md_core89_maccs,pca,lgbm,8,group,0,93,29,70,24,0.5800094646446674,0.5540148195122376,0.9080034301059289,0.7194401388623061,0.7929646999982651,"{""learning_rate"": 0.1, ""n_components"": 20, ""n_estimators"": 200, ""num_leaves"": 15}"
md_core89_maccs,pca,lgbm,9,group,0,89,33,70,24,0.5111327671466938,0.2933968610302212,0.9979876212305027,0.7876787749564496,0.881958099998883,"{""learning_rate"": 0.03, ""n_components"": 20, ""n_estimators"": 500, ""num_leaves"": 15}"
md_core89_maccs,raw,nusvr,0,group,0,89,33,70,24,0.5802206034437204,0.6413162459616962,0.8010100390399966,0.5696654141601769,0.6799564000102691,"{""C"": 1.0, ""kernel"": ""sigmoid"", ""nu"": 0.3}"
md_core89_maccs,raw,nusvr,1,group,0,93,29,70,24,0.6381830382615028,0.6797877015392931,0.7495643130389259,0.5251283388364487,0.8723272999923211,"{""C"": 1.0, ""kernel"": ""sigmoid"", ""nu"": 0.3}"
md_core89_maccs,raw,nusvr,2,group,0,95,27,70,24,0.6391636351514817,0.6286513220893397,0.9963521250472098,0.718263253388649,0.9780920000048354,"{""C"": 1.0, ""kernel"": ""sigmoid"", ""nu"": 0.5}"
md_core89_maccs,raw,nusvr,3,group,0,96,26,70,24,0.3642858884206476,0.7688136674521591,0.626443282087124,0.439315036052346,0.9029834999964805,"{""C"": 1.0, ""kernel"": ""sigmoid"", ""nu"": 0.3}"
md_core89_maccs,raw,nusvr,4,group,0,97,25,70,24,0.4287282653430564,0.6073271722797706,1.0555583051034076,0.7513124346868417,1.0288972000125796,"{""C"": 1.0, ""kernel"": ""sigmoid"", ""nu"": 0.7}"
md_core89_maccs,raw,nusvr,5,group,0,90,32,70,24,0.5980680016804503,0.5995103348306967,0.7366032419866646,0.5215741164997163,0.6644862999964971,"{""C"": 0.1, ""kernel"": ""linear"", ""nu"": 0.1}"
md_core89_maccs,raw,nusvr,6,group,0,92,30,70,24,0.4578770174776362,0.6107076330433168,0.7381724200048344,0.5335200541235624,0.8642524000024423,"{""C"": 1.0, ""kernel"": ""sigmoid"", ""nu"": 0.5}"
md_core89_maccs,raw,nusvr,7,group,0,92,30,70,24,0.664149230677098,0.15133005401183153,1.117461534622585,0.8587039595683222,0.844031200002064,"{""C"": 0.1, ""kernel"": ""linear"", ""nu"": 0.1}"
md_core89_maccs,raw,nusvr,8,group,0,93,29,70,24,0.6590035751281771,0.6279859818393372,0.829290953423815,0.6350457907507547,0.802056900007301,"{""C"": 1.0, ""kernel"": ""sigmoid"", ""nu"": 0.3}"
md_core89_maccs,raw,nusvr,9,group,0,89,33,70,24,0.5596887820644296,0.634326649714843,0.7179331857726075,0.5065105772109737,0.6789991999976337,"{""C"": 1.0, ""kernel"": ""sigmoid"", ""nu"": 0.3}"
md_core89_maccs,raw,svr,0,group,0,89,33,70,24,0.4643690569837776,0.6820744178354674,0.7541276136051366,0.599612166070707,0.08156970000709407,"{""C"": 10.0, ""epsilon"": 0.05}"
md_core89_maccs,raw,svr,1,group,0,93,29,70,24,0.4955061398104066,0.7132846546731622,0.7092761658238285,0.5286227914865264,0.07556430000113323,"{""C"": 10.0, ""epsilon"": 0.1}"
md_core89_maccs,raw,svr,2,group,0,95,27,70,24,0.4293312252847423,0.6468849770523504,0.9715832246829208,0.7031963106812965,0.08189310001034755,"{""C"": 10.0, ""epsilon"": 0.1}"
md_core89_maccs,raw,svr,3,group,0,96,26,70,24,0.1637014338534975,0.5814225518936704,0.8429243339971444,0.6260907034015635,0.0753435999940848,"{""C"": 10.0, ""epsilon"": 0.1}"
md_core89_maccs,raw,svr,4,group,0,97,25,70,24,0.32124642900058886,0.636766688619051,1.0152187664177517,0.7769806148020387,0.07590160000836477,"{""C"": 10.0, ""epsilon"": 0.05}"
md_core89_maccs,raw,svr,5,group,0,90,32,70,24,0.5240548346715789,0.6034411667714439,0.732979423850371,0.5804074369446404,0.07178710000880528,"{""C"": 10.0, ""epsilon"": 0.05}"
md_core89_maccs,raw,svr,6,group,0,92,30,70,24,0.3031398205784465,0.594664452300492,0.7532293202127134,0.6432628053437408,0.07177690000389703,"{""C"": 10.0, ""epsilon"": 0.05}"
md_core89_maccs,raw,svr,7,group,0,92,30,70,24,0.4589806702823469,0.38241628380246473,0.9532593848165726,0.7371093428035089,0.07219019999320153,"{""C"": 10.0, ""epsilon"": 0.05}"
md_core89_maccs,raw,svr,8,group,0,93,29,70,24,0.5587233728051746,0.6382995676514225,0.8177146699029538,0.6142129209598851,0.0756526000041049,"{""C"": 10.0, ""epsilon"": 0.1}"
md_core89_maccs,raw,svr,9,group,0,89,33,70,24,0.523966793816832,0.6146586717197653,0.736987578760305,0.5580299468714782,0.07488410000223666,"{""C"": 10.0, ""epsilon"": 0.1}"
md_core89_maccs,raw,ridge,0,group,0,89,33,70,24,0.5883977963705784,0.7595647602331417,0.6558147291391896,0.49409493438409435,0.07333430000289809,"{""alpha"": 100.0}"
md_core89_maccs,raw,ridge,1,group,0,93,29,70,24,0.6304822866147909,0.7582937125678927,0.6512292090679969,0.4992906545857859,0.07528459999593906,"{""alpha"": 100.0}"
md_core89_maccs,raw,ridge,2,group,0,95,27,70,24,0.6496563165856645,0.6788211747465254,0.926606544042132,0.6956377756089188,0.07136619999073446,"{""alpha"": 100.0}"
md_core89_maccs,raw,ridge,3,group,0,96,26,70,24,0.32561342797517956,0.8114561711028588,0.565726913008084,0.40057571447857343,0.07154369998897891,"{""alpha"": 100.0}"
md_core89_maccs,raw,ridge,4,group,0,97,25,70,24,0.478315189851439,0.7327087866579525,0.8708816571966678,0.6626361559348782,0.0705100999912247,"{""alpha"": 100.0}"
md_core89_maccs,raw,ridge,5,group,0,90,32,70,24,0.6348283671814805,0.7315402229969201,0.6030836877862437,0.4789309659106009,0.07348209999327082,"{""alpha"": 100.0}"
md_core89_maccs,raw,ridge,6,group,0,92,30,70,24,0.44422936913536193,0.7035996206097687,0.6441088231016319,0.5121730228725664,0.07401219999883324,"{""alpha"": 100.0}"
md_core89_maccs,raw,ridge,7,group,0,92,30,70,24,0.6885260006010523,0.2924766268715272,1.0203133452320505,0.7944415026512739,0.07263559999410063,"{""alpha"": 100.0}"
md_core89_maccs,raw,ridge,8,group,0,93,29,70,24,0.7155687543432244,0.6121825086529934,0.8467222486731485,0.6519433772142104,0.07515720000083093,"{""alpha"": 100.0}"
md_core89_maccs,raw,ridge,9,group,0,89,33,70,24,0.6002544830121607,0.687524661000237,0.6636593956118947,0.5026184698216782,0.07403940000222065,"{""alpha"": 100.0}"
md_core89_maccs,raw,enet,0,group,0,89,33,70,24,0.6437723949587963,0.7908032599489943,0.6117296940454255,0.48134622635584196,0.19297780000488274,"{""alpha"": 0.1, ""l1_ratio"": 0.5}"
md_core89_maccs,raw,enet,1,group,0,93,29,70,24,0.68950053859282,0.716914994999519,0.7047714947235587,0.49663790491621707,0.23262999999860767,"{""alpha"": 0.1, ""l1_ratio"": 0.85}"
md_core89_maccs,raw,enet,2,group,0,95,27,70,24,0.6885409376704158,0.6676323985823261,0.942608283286887,0.7052698258017135,0.24564040001132526,"{""alpha"": 0.1, ""l1_ratio"": 0.85}"
md_core89_maccs,raw,enet,3,group,0,96,26,70,24,0.478682582464044,0.7023290483259935,0.7108351686940996,0.5661866341088067,0.21646690000488888,"{""alpha"": 0.1, ""l1_ratio"": 0.85}"
md_core89_maccs,raw,enet,4,group,0,97,25,70,24,0.4701588007586667,0.7190761749450819,0.8928141994602221,0.6655342178825622,0.2360566999996081,"{""alpha"": 0.1, ""l1_ratio"": 0.85}"
md_core89_maccs,raw,enet,5,group,0,90,32,70,24,0.6775797595127222,0.7318865921886257,0.6026945102470405,0.45139319233228414,0.2098344999976689,"{""alpha"": 0.1, ""l1_ratio"": 0.5}"
md_core89_maccs,raw,enet,6,group,0,92,30,70,24,0.4695300967275114,0.7096104195543759,0.6375443264120597,0.48946839610071075,0.29199299999163486,"{""alpha"": 0.1, ""l1_ratio"": 0.5}"
md_core89_maccs,raw,enet,7,group,0,92,30,70,24,0.7334049905396198,0.25693515950416923,1.0456263704763937,0.7965928083635478,0.20316029999230523,"{""alpha"": 0.1, ""l1_ratio"": 0.85}"
md_core89_maccs,raw,enet,8,group,0,93,29,70,24,0.7308257872184434,0.6205364422503146,0.8375530265011752,0.6439466184563915,0.2776873999973759,"{""alpha"": 0.1, ""l1_ratio"": 0.85}"
md_core89_maccs,raw,enet,9,group,0,89,33,70,24,0.6019321217064446,0.6857697026533465,0.6655204446378277,0.5091446389921336,0.18471699999645352,"{""alpha"": 0.1, ""l1_ratio"": 0.85}"
md_core89_maccs,raw,knn,0,group,0,89,33,70,24,0.3698663496920068,0.61041980297097,0.8347963515340985,0.6012458649548301,0.07326219999231398,"{""n_neighbors"": 10, ""weights"": ""distance""}"
md_core89_maccs,raw,knn,1,group,0,93,29,70,24,0.435639386069823,0.7051987413719942,0.7192080904998182,0.4720487435620414,0.07220320000487845,"{""n_neighbors"": 5, ""weights"": ""distance""}"
md_core89_maccs,raw,knn,2,group,0,95,27,70,24,0.36165611474396864,0.49071193786685585,1.166819446404749,0.719072671386192,0.07188329999917187,"{""n_neighbors"": 5, ""weights"": ""distance""}"
md_core89_maccs,raw,knn,3,group,0,96,26,70,24,0.12727603394927864,0.6351664599922071,0.7869516623240164,0.6028688443344739,0.07325100000889506,"{""n_neighbors"": 10, ""weights"": ""distance""}"
md_core89_maccs,raw,knn,4,group,0,97,25,70,24,0.2288912444399432,0.3774078923039864,1.3291335104672295,0.9051226120304651,0.07249659999797586,"{""n_neighbors"": 10, ""weights"": ""distance""}"
md_core89_maccs,raw,knn,5,group,0,90,32,70,24,0.4756561774737972,0.5000077971385654,0.8230374275527276,0.5975836827892411,0.07407560000137892,"{""n_neighbors"": 10, ""weights"": ""distance""}"
md_core89_maccs,raw,knn,6,group,0,92,30,70,24,0.3439852052272277,0.49814191855933077,0.8381279650999423,0.611603413453333,0.07231809999211691,"{""n_neighbors"": 5, ""weights"": ""uniform""}"
md_core89_maccs,raw,knn,7,group,0,92,30,70,24,0.5543410585976843,-0.11130977082433224,1.2787355459177339,0.9259893269533334,0.06899419998808298,"{""n_neighbors"": 5, ""weights"": ""uniform""}"
md_core89_maccs,raw,knn,8,group,0,93,29,70,24,0.5803289518735606,0.5574065898524025,0.9045441033663643,0.6612665151494255,0.07149570000183303,"{""n_neighbors"": 3, ""weights"": ""uniform""}"
md_core89_maccs,raw,knn,9,group,0,89,33,70,24,0.5187256349718312,0.6172790360201008,0.7344775051414794,0.5153613939245192,0.06657860000268556,"{""n_neighbors"": 5, ""weights"": ""distance""}"
md_core89_maccs,raw,pls,0,group,0,89,33,70,24,0.5638711123375362,0.7255235518282807,0.7007040835032872,0.5343093872890817,0.04804130000411533,"{""n_components"": 2}"
md_core89_maccs,raw,pls,1,group,0,93,29,70,24,0.6258347049211176,0.7057109941823725,0.7185829633404114,0.5531282606618384,0.04771610000170767,"{""n_components"": 2}"
md_core89_maccs,raw,pls,2,group,0,95,27,70,24,0.6321819313307823,0.7009522685902383,0.8941124999280003,0.6928288765088679,0.04791980001027696,"{""n_components"": 5}"
md_core89_maccs,raw,pls,3,group,0,96,26,70,24,0.3853678523728029,0.845415162283386,0.5122525460833762,0.3882226126603916,0.046806099999230355,"{""n_components"": 2}"
md_core89_maccs,raw,pls,4,group,0,97,25,70,24,0.4449896324616285,0.7699312655761905,0.807970685085721,0.6232877005043281,0.04733099999430124,"{""n_components"": 5}"
md_core89_maccs,raw,pls,5,group,0,90,32,70,24,0.6237217509503484,0.6474797160375148,0.6910827057071228,0.5607775997923041,0.047055799994268455,"{""n_components"": 2}"
md_core89_maccs,raw,pls,6,group,0,92,30,70,24,0.4142191818871469,0.684322374760343,0.664724630135177,0.5205245468373284,0.04839490000449587,"{""n_components"": 2}"
md_core89_maccs,raw,pls,7,group,0,92,30,70,24,0.6988422254411074,0.17139311059173035,1.1041738086030914,0.8419819172327525,0.05943710000428837,"{""n_components"": 2}"
md_core89_maccs,raw,pls,8,group,0,93,29,70,24,0.6905966699593049,0.5962360388325472,0.8639548587774494,0.6780822649423176,0.05745710000337567,"{""n_components"": 5}"
md_core89_maccs,raw,pls,9,group,0,89,33,70,24,0.6301486585581508,0.6122042946489592,0.7393309223397073,0.5642647823262087,0.04783270000189077,"{""n_components"": 2}"
md_core89_maccs,raw,rf,0,group,0,89,33,70,24,0.6776532732770228,0.8139235011037804,0.5769363051647575,0.45817001040133265,3.2573186000081478,"{""max_features"": 1.0, ""min_samples_leaf"": 1}"
md_core89_maccs,raw,rf,1,group,0,93,29,70,24,0.7567832730255963,0.7985682440827253,0.5945027485313826,0.43243918433661893,2.8320285999943735,"{""max_features"": 0.3, ""min_samples_leaf"": 1}"
md_core89_maccs,raw,rf,2,group,0,95,27,70,24,0.7454647323320029,0.7368856047732197,0.838675999768627,0.589337178100756,2.698275000002468,"{""max_features"": 0.3, ""min_samples_leaf"": 3}"
md_core89_maccs,raw,rf,3,group,0,96,26,70,24,0.5515464441615204,0.7884386310308844,0.5992649299937556,0.4564148809442487,2.838963899994269,"{""max_features"": 0.3, ""min_samples_leaf"": 3}"
md_core89_maccs,raw,rf,4,group,0,97,25,70,24,0.6250055094580913,0.7910628330687106,0.7699715046886731,0.5542421269108792,2.839317599995411,"{""max_features"": 0.3, ""min_samples_leaf"": 1}"
md_core89_maccs,raw,rf,5,group,0,90,32,70,24,0.7654237098857307,0.7625518517557605,0.5671818995865698,0.4379717698129393,2.7200220999948215,"{""max_features"": 0.3, ""min_samples_leaf"": 1}"
md_core89_maccs,raw,rf,6,group,0,92,30,70,24,0.6056530294042846,0.8047672232392258,0.5227526417720374,0.38758964433436194,2.662256499999785,"{""max_features"": 0.3, ""min_samples_leaf"": 3}"
md_core89_maccs,raw,rf,7,group,0,92,30,70,24,0.7444107301578413,0.4901803637684127,0.8661068047446917,0.6248696363697355,2.7781917999964207,"{""max_features"": 0.3, ""min_samples_leaf"": 1}"
md_core89_maccs,raw,rf,8,group,0,93,29,70,24,0.7903947224599271,0.7339032582907643,0.7013697866225022,0.5203624979679269,2.4344834000075934,"{""max_features"": 0.3, ""min_samples_leaf"": 1}"
md_core89_maccs,raw,rf,9,group,0,89,33,70,24,0.6671690124415067,0.8085039433664257,0.5195379673256811,0.40239746082660255,2.1790423000056762,"{""max_features"": 0.3, ""min_samples_leaf"": 1}"
md_core89_maccs,raw,et,0,group,0,89,33,70,24,0.7072087553192006,0.7956809759293056,0.6045559622571394,0.4583254740552742,2.346405500007677,"{""max_features"": 1.0, ""min_samples_leaf"": 1}"
md_core89_maccs,raw,et,1,group,0,93,29,70,24,0.7438178040791087,0.7623719618928071,0.6457118234642323,0.42525102419851746,1.987533199993777,"{""max_features"": 1.0, ""min_samples_leaf"": 3}"
md_core89_maccs,raw,et,2,group,0,95,27,70,24,0.7249571556383537,0.8048787831499404,0.7222277284453225,0.5219593725176495,2.1024972000013804,"{""max_features"": 1.0, ""min_samples_leaf"": 3}"
md_core89_maccs,raw,et,3,group,0,96,26,70,24,0.5310838860353574,0.8162678419340949,0.5584615361257148,0.38909457798992625,2.1236236999975517,"{""max_features"": 1.0, ""min_samples_leaf"": 3}"
md_core89_maccs,raw,et,4,group,0,97,25,70,24,0.5341307368674431,0.7791498534658906,0.7916179768639213,0.5843992587226393,2.907250499993097,"{""max_features"": 1.0, ""min_samples_leaf"": 1}"
md_core89_maccs,raw,et,5,group,0,90,32,70,24,0.7593030534483415,0.7533733554109223,0.5780400985725607,0.42668312838181477,2.7704047999868635,"{""max_features"": 1.0, ""min_samples_leaf"": 1}"
md_core89_maccs,raw,et,6,group,0,92,30,70,24,0.6493421005830693,0.7010255499763505,0.6468996385121248,0.47483833034879896,2.269097000011243,"{""max_features"": 0.3, ""min_samples_leaf"": 1}"
md_core89_maccs,raw,et,7,group,0,92,30,70,24,0.7353492775968025,0.2780870812127755,1.0306366406228613,0.7724355194059366,2.279421300001559,"{""max_features"": 0.3, ""min_samples_leaf"": 1}"
md_core89_maccs,raw,et,8,group,0,93,29,70,24,0.8173886637345527,0.7268593359762849,0.7105922320381479,0.5277477139142719,2.8748964999977034,"{""max_features"": 1.0, ""min_samples_leaf"": 1}"
md_core89_maccs,raw,et,9,group,0,89,33,70,24,0.6450133047860312,0.787908058773756,0.5467634268731986,0.4233881527460012,2.2278016000054777,"{""max_features"": 0.3, ""min_samples_leaf"": 1}"
md_core89_maccs,raw,gbr,0,group,0,89,33,70,24,0.7041669345315543,0.7324976112356656,0.691744855778576,0.5258071116949342,2.3267598999955226,"{""learning_rate"": 0.03, ""max_depth"": 3, ""n_estimators"": 500}"
md_core89_maccs,raw,gbr,1,group,0,93,29,70,24,0.7658097123116521,0.7951442667580322,0.5995341956278812,0.4667001668820775,2.2043068000057247,"{""learning_rate"": 0.03, ""max_depth"": 2, ""n_estimators"": 500}"
md_core89_maccs,raw,gbr,2,group,0,95,27,70,24,0.7174917736962169,0.7667257558658847,0.7896875767760748,0.5956393713911328,2.3027194000023883,"{""learning_rate"": 0.1, ""max_depth"": 2, ""n_estimators"": 500}"
md_core89_maccs,raw,gbr,3,group,0,96,26,70,24,0.5805896985035488,0.7481727937612008,0.6538106675342356,0.5032580661111655,2.4244558999926085,"{""learning_rate"": 0.1, ""max_depth"": 3, ""n_estimators"": 500}"
md_core89_maccs,raw,gbr,4,group,0,97,25,70,24,0.6319101839923011,0.8096441082472904,0.7349367488383689,0.5281216831847898,1.997079799999483,"{""learning_rate"": 0.03, ""max_depth"": 2, ""n_estimators"": 200}"
md_core89_maccs,raw,gbr,5,group,0,90,32,70,24,0.7526674537107227,0.8431376119552069,0.4609962370902927,0.34949589959240335,1.922276499986765,"{""learning_rate"": 0.03, ""max_depth"": 3, ""n_estimators"": 200}"
md_core89_maccs,raw,gbr,6,group,0,92,30,70,24,0.4161514361048795,0.7230857315188086,0.6225762334410505,0.44188198802127776,1.896265700008371,"{""learning_rate"": 0.03, ""max_depth"": 2, ""n_estimators"": 200}"
md_core89_maccs,raw,gbr,7,group,0,92,30,70,24,0.712696551811409,0.5951729599728841,0.7717878332264175,0.5714211167720783,2.1993978999962565,"{""learning_rate"": 0.03, ""max_depth"": 2, ""n_estimators"": 500}"
md_core89_maccs,raw,gbr,8,group,0,93,29,70,24,0.7676377589307009,0.7124266756342825,0.7291243027636093,0.5559872845014734,1.97880989999976,"{""learning_rate"": 0.03, ""max_depth"": 3, ""n_estimators"": 200}"
md_core89_maccs,raw,gbr,9,group,0,89,33,70,24,0.6284734756613268,0.8114907031865477,0.5154704335119267,0.3962386361046431,1.943676900002174,"{""learning_rate"": 0.1, ""max_depth"": 3, ""n_estimators"": 200}"
md_core89_maccs,raw,hgb,0,group,0,89,33,70,24,0.5777984748965471,0.8239578517895664,0.5611648184469095,0.436746796466331,0.28809929999988526,"{""learning_rate"": 0.1, ""max_leaf_nodes"": 15}"
md_core89_maccs,raw,hgb,1,group,0,93,29,70,24,0.6451107634136838,0.7732876445022128,0.6307067691137523,0.46174312466944845,0.45411500000045635,"{""learning_rate"": 0.1, ""max_leaf_nodes"": 15}"
md_core89_maccs,raw,hgb,2,group,0,95,27,70,24,0.714180790004813,0.6915643790487468,0.9080383161315395,0.6707574840442161,0.2856329999922309,"{""learning_rate"": 0.1, ""max_leaf_nodes"": 15}"
md_core89_maccs,raw,hgb,3,group,0,96,26,70,24,0.4335037655553175,0.7519904487716206,0.6488359155680181,0.5172290955015524,0.3458230999967782,"{""learning_rate"": 0.1, ""max_leaf_nodes"": 15}"
md_core89_maccs,raw,hgb,4,group,0,97,25,70,24,0.5340313142052733,0.869583646906767,0.6083210264327106,0.46526732938115095,0.29876879999937955,"{""learning_rate"": 0.1, ""max_leaf_nodes"": 15}"
md_core89_maccs,raw,hgb,5,group,0,90,32,70,24,0.6959917824779083,0.6536849988689646,0.6849732654768038,0.5492343868203551,0.2528040999895893,"{""learning_rate"": 0.1, ""max_leaf_nodes"": 15}"
md_core89_maccs,raw,hgb,6,group,0,92,30,70,24,0.5066224388994124,0.7927834086903048,0.5385575682047793,0.4264223771468583,0.2557710999972187,"{""learning_rate"": 0.1, ""max_leaf_nodes"": 15}"
md_core89_maccs,raw,hgb,7,group,0,92,30,70,24,0.686904992076569,0.5004948038399823,0.8573006964756462,0.6832705489940395,0.28708360000746325,"{""learning_rate"": 0.1, ""max_leaf_nodes"": 15}"
md_core89_maccs,raw,hgb,8,group,0,93,29,70,24,0.6988655240662164,0.6965712261265526,0.7489548823811445,0.5559920393584106,0.4849522000004072,"{""learning_rate"": 0.1, ""max_leaf_nodes"": 15}"
md_core89_maccs,raw,hgb,9,group,0,89,33,70,24,0.5445529412032771,0.6757650011675087,0.6760321019341574,0.4799773778624233,0.27151839999714866,"{""learning_rate"": 0.03, ""max_leaf_nodes"": 15}"
md_core89_maccs,raw,xgb,0,group,0,89,33,70,24,0.6666083849908737,0.7721575202765865,0.6384096678329741,0.500548090515381,0.73047479998786,"{""learning_rate"": 0.03, ""max_depth"": 4, ""n_estimators"": 200}"
md_core89_maccs,raw,xgb,1,group,0,93,29,70,24,0.7681364423641244,0.7960575190567816,0.5981963332234542,0.4327136211122963,0.6873731999949086,"{""learning_rate"": 0.03, ""max_depth"": 2, ""n_estimators"": 200}"
md_core89_maccs,raw,xgb,2,group,0,95,27,70,24,0.7755345509848921,0.7831295794423402,0.7614161272811395,0.5477913852693684,0.685218900005566,"{""learning_rate"": 0.03, ""max_depth"": 2, ""n_estimators"": 200}"
md_core89_maccs,raw,xgb,3,group,0,96,26,70,24,0.568570743154191,0.7137680871329833,0.6970432163128053,0.5371586162448074,1.0211877999972785,"{""learning_rate"": 0.03, ""max_depth"": 4, ""n_estimators"": 500}"
md_core89_maccs,raw,xgb,4,group,0,97,25,70,24,0.6016530360859941,0.8286624674345755,0.6972572783052431,0.5155649696052833,0.6273274999985006,"{""learning_rate"": 0.03, ""max_depth"": 2, ""n_estimators"": 200}"
md_core89_maccs,raw,xgb,5,group,0,90,32,70,24,0.7753086933982181,0.7563229357566034,0.5745731086633777,0.44594568823262787,0.6068423999968218,"{""learning_rate"": 0.1, ""max_depth"": 4, ""n_estimators"": 200}"
md_core89_maccs,raw,xgb,6,group,0,92,30,70,24,0.5845292592024695,0.7961900179381374,0.5341123204346496,0.403503390241097,0.5574755999987246,"{""learning_rate"": 0.1, ""max_depth"": 2, ""n_estimators"": 200}"
md_core89_maccs,raw,xgb,7,group,0,92,30,70,24,0.7506667551619778,0.48964222435159577,0.8665637931072391,0.6261817873589356,0.6097095000004629,"{""learning_rate"": 0.1, ""max_depth"": 4, ""n_estimators"": 200}"
md_core89_maccs,raw,xgb,8,group,0,93,29,70,24,0.766994334998155,0.731128933386914,0.705016547047518,0.541512779393883,0.5572398000076646,"{""learning_rate"": 0.1, ""max_depth"": 2, ""n_estimators"": 200}"
md_core89_maccs,raw,xgb,9,group,0,89,33,70,24,0.6464862192022627,0.7741873440814144,0.5641719797854906,0.42952783252612314,0.5413794000050984,"{""learning_rate"": 0.1, ""max_depth"": 2, ""n_estimators"": 200}"
md_core89_maccs,raw,lgbm,0,group,0,89,33,70,24,0.6077699208574179,0.78861683501016,0.6149181387395469,0.4996510679208409,0.19247110000287648,"{""learning_rate"": 0.1, ""n_estimators"": 500, ""num_leaves"": 15}"
md_core89_maccs,raw,lgbm,1,group,0,93,29,70,24,0.6577006095531355,0.7626032730403448,0.6453974735473917,0.48605098072389535,0.19791129999794066,"{""learning_rate"": 0.03, ""n_estimators"": 200, ""num_leaves"": 15}"
md_core89_maccs,raw,lgbm,2,group,0,95,27,70,24,0.712185260485948,0.7388921996217035,0.8354718729401134,0.6340109159922699,0.2208054000075208,"{""learning_rate"": 0.03, ""n_estimators"": 500, ""num_leaves"": 15}"
md_core89_maccs,raw,lgbm,3,group,0,96,26,70,24,0.447476931838263,0.7742118317828621,0.6190864071374829,0.4987575840749988,0.20340280000527855,"{""learning_rate"": 0.03, ""n_estimators"": 200, ""num_leaves"": 15}"
md_core89_maccs,raw,lgbm,4,group,0,97,25,70,24,0.5139989115555821,0.8526498061449354,0.6466096145827874,0.4788935140088725,0.22978059999877587,"{""learning_rate"": 0.1, ""n_estimators"": 500, ""num_leaves"": 15}"
md_core89_maccs,raw,lgbm,5,group,0,90,32,70,24,0.6896993552221817,0.6418673719569541,0.6965622176295149,0.5610989775167259,0.19029270000464749,"{""learning_rate"": 0.03, ""n_estimators"": 200, ""num_leaves"": 15}"
md_core89_maccs,raw,lgbm,6,group,0,92,30,70,24,0.4892628034664683,0.6820775468417731,0.6670839183486154,0.5059362308706435,0.18923240000731312,"{""learning_rate"": 0.03, ""n_estimators"": 200, ""num_leaves"": 15}"
md_core89_maccs,raw,lgbm,7,group,0,92,30,70,24,0.725291781802132,0.284988212929411,1.0256986218541315,0.8391636670353705,0.22391060000518337,"{""learning_rate"": 0.03, ""n_estimators"": 500, ""num_leaves"": 15}"
md_core89_maccs,raw,lgbm,8,group,0,93,29,70,24,0.6838818788164618,0.6753227975757381,0.77473499352316,0.5758243153584794,0.18920939999225084,"{""learning_rate"": 0.03, ""n_estimators"": 200, ""num_leaves"": 15}"
md_core89_maccs,raw,lgbm,9,group,0,89,33,70,24,0.6122288410767824,0.6882620086229851,0.6628759150681263,0.4759370689341017,0.19189919999917038,"{""learning_rate"": 0.03, ""n_estimators"": 200, ""num_leaves"": 15}"
md272_correct,pca,nusvr,0,group,0,89,33,70,24,0.587655953822602,0.7180309079312295,0.7102035827115052,0.5450967008277303,18.098751300000004,"{""C"": 10.0, ""kernel"": ""rbf"", ""n_components"": 19, ""nu"": 0.1}"
md272_correct,pca,nusvr,1,group,0,93,29,70,24,0.605819419939152,0.67165028433033,0.7590287389290865,0.5354799716600331,19.776075899993884,"{""C"": 1.0, ""kernel"": ""sigmoid"", ""n_components"": 22, ""nu"": 0.3}"
md272_correct,pca,nusvr,2,group,0,95,27,70,24,0.6500603412740951,0.6236006421404932,1.0031048894510937,0.7802833706313866,21.354609400004847,"{""C"": 10.0, ""kernel"": ""linear"", ""n_components"": 22, ""nu"": 0.3}"
md272_correct,pca,nusvr,3,group,0,96,26,70,24,0.32397057889903047,0.8034831056246966,0.5775646770432417,0.429711761511047,19.605922199989436,"{""C"": 1.0, ""kernel"": ""sigmoid"", ""n_components"": 21, ""nu"": 0.3}"
md272_correct,pca,nusvr,4,group,0,97,25,70,24,0.524280560143888,0.6726366033607133,0.9637887691971415,0.6998512094147121,20.668138099994394,"{""C"": 0.1, ""kernel"": ""linear"", ""n_components"": 21, ""nu"": 0.9}"
md272_correct,pca,nusvr,5,group,0,90,32,70,24,0.6101111407731026,0.6643970612276124,0.674296409046129,0.4641041681474669,17.28326460000244,"{""C"": 10.0, ""kernel"": ""rbf"", ""n_components"": 15, ""nu"": 0.3}"
md272_correct,pca,nusvr,6,group,0,92,30,70,24,0.4790184527628066,0.4379900364737883,0.8869351733118185,0.6509604123482813,20.303997299997718,"{""C"": 10.0, ""kernel"": ""rbf"", ""n_components"": 15, ""nu"": 0.3}"
md272_correct,pca,nusvr,7,group,0,92,30,70,24,0.6792100281623588,0.019782244266831173,1.2009486931588136,0.9175770130429448,20.977937600007863,"{""C"": 10.0, ""kernel"": ""linear"", ""n_components"": 17, ""nu"": 0.9}"
md272_correct,pca,nusvr,8,group,0,93,29,70,24,0.7143898992680688,0.49516301640562443,0.9660572336210572,0.7629014623448241,18.64611960000184,"{""C"": 0.1, ""kernel"": ""linear"", ""n_components"": 19, ""nu"": 0.3}"
md272_correct,pca,nusvr,9,group,0,89,33,70,24,0.658720637211518,0.6321727485613493,0.7200444781277364,0.5775075982238793,19.752355999997235,"{""C"": 100.0, ""kernel"": ""linear"", ""n_components"": 20, ""nu"": 0.5}"
md272_correct,pca,svr,0,group,0,89,33,70,24,0.5782243693021629,0.7018878439646494,0.7302506439548451,0.5109068844515712,0.3057572999969125,"{""C"": 10.0, ""epsilon"": 0.1, ""n_components"": 17}"
md272_correct,pca,svr,1,group,0,93,29,70,24,0.5489509365494187,0.7106419617276389,0.7125374139499363,0.5454774752763141,0.3921664000081364,"{""C"": 10.0, ""epsilon"": 0.1, ""n_components"": 21}"
md272_correct,pca,svr,2,group,0,95,27,70,24,0.511596676557959,0.6896696624620796,0.9108230806198916,0.6896483303807885,0.318673800007673,"{""C"": 10.0, ""epsilon"": 0.1, ""n_components"": 22}"
md272_correct,pca,svr,3,group,0,96,26,70,24,0.23545470229145735,0.6396774836006538,0.7820713553276455,0.5628810685132638,0.32308390000252984,"{""C"": 1.0, ""epsilon"": 0.05, ""n_components"": 17}"
md272_correct,pca,svr,4,group,0,97,25,70,24,0.40028816705264136,0.7497754249441324,0.8426200373605385,0.5983047562776072,0.37307260000670794,"{""C"": 10.0, ""epsilon"": 0.1, ""n_components"": 17}"
md272_correct,pca,svr,5,group,0,90,32,70,24,0.6146444827262273,0.6782403585052026,0.6602429217244076,0.4567555206126729,0.35225539999373723,"{""C"": 10.0, ""epsilon"": 0.1, ""n_components"": 15}"
md272_correct,pca,svr,6,group,0,92,30,70,24,0.4765879595945014,0.4196063921594727,0.9013245096730056,0.6660024423585706,0.3273522000090452,"{""C"": 10.0, ""epsilon"": 0.1, ""n_components"": 15}"
md272_correct,pca,svr,7,group,0,92,30,70,24,0.6247635008980001,0.2569472791126768,1.0456178432031071,0.7972637708474625,0.4041633000015281,"{""C"": 10.0, ""epsilon"": 0.05, ""n_components"": 19}"
md272_correct,pca,svr,8,group,0,93,29,70,24,0.6897870411548144,0.6501700823359766,0.8041845943051465,0.6554059279528022,0.31602539999585133,"{""C"": 10.0, ""epsilon"": 0.1, ""n_components"": 19}"
md272_correct,pca,svr,9,group,0,89,33,70,24,0.6236435746682074,0.5998495705942652,0.7510157014860833,0.5645635606235354,0.33142339999903925,"{""C"": 10.0, ""epsilon"": 0.1, ""n_components"": 15}"
md272_correct,pca,ridge,0,group,0,89,33,70,24,0.5591728740386119,0.7293823954379776,0.6957610758281151,0.5514755004595586,0.33555010000418406,"{""alpha"": 10.0, ""n_components"": 17}"
md272_correct,pca,ridge,1,group,0,93,29,70,24,0.5988346021186078,0.7160056487154127,0.7059025463195444,0.5277965053155814,0.3652103999920655,"{""alpha"": 10.0, ""n_components"": 15}"
md272_correct,pca,ridge,2,group,0,95,27,70,24,0.6555044839532348,0.6416411384779142,0.978770755071496,0.762347486315212,0.37777550000464544,"{""alpha"": 0.01, ""n_components"": 22}"
md272_correct,pca,ridge,3,group,0,96,26,70,24,0.34257126746096367,0.8247480660463717,0.545421292384795,0.41720714595754765,0.42701620000298135,"{""alpha"": 100.0, ""n_components"": 20}"
md272_correct,pca,ridge,4,group,0,97,25,70,24,0.4866102453122509,0.7416551612873947,0.8561831902542536,0.6439388377303266,0.4016602000046987,"{""alpha"": 0.01, ""n_components"": 20}"
md272_correct,pca,ridge,5,group,0,90,32,70,24,0.5984845374184056,0.6361562433696638,0.7020942767260218,0.5472439766737154,0.39496360000339337,"{""alpha"": 100.0, ""n_components"": 21}"
md272_correct,pca,ridge,6,group,0,92,30,70,24,0.3954662786603662,0.6356091138223638,0.7141733231457436,0.5578725691218459,0.3780157000001054,"{""alpha"": 100.0, ""n_components"": 22}"
md272_correct,pca,ridge,7,group,0,92,30,70,24,0.6797514984954136,0.17652232711811622,1.1007509922897016,0.8404740659981946,0.3845956000004662,"{""alpha"": 100.0, ""n_components"": 19}"
md272_correct,pca,ridge,8,group,0,93,29,70,24,0.7096236633552108,0.5540865018916403,0.9079304563112869,0.7123153771882611,0.3577390000136802,"{""alpha"": 10.0, ""n_components"": 19}"
md272_correct,pca,ridge,9,group,0,89,33,70,24,0.6099231403652825,0.526864708061038,0.8166388659136604,0.662529330906476,0.345268599994597,"{""alpha"": 10.0, ""n_components"": 15}"
md272_correct,pca,enet,0,group,0,89,33,70,24,0.5604149813659198,0.7217656037341076,0.7054845623631353,0.5490600846522297,0.863123800008907,"{""alpha"": 0.1, ""l1_ratio"": 0.5, ""n_components"": 17}"
md272_correct,pca,enet,1,group,0,93,29,70,24,0.6080135202228837,0.7199770563262239,0.7009494605968595,0.5178490190424039,0.8449306999973487,"{""alpha"": 0.1, ""l1_ratio"": 0.85, ""n_components"": 15}"
md272_correct,pca,enet,2,group,0,95,27,70,24,0.655468341285037,0.6416165199895563,0.9788043742242597,0.7622838097351966,0.862629499999457,"{""alpha"": 0.001, ""l1_ratio"": 0.15, ""n_components"": 22}"
md272_correct,pca,enet,3,group,0,96,26,70,24,0.3581488264784417,0.7534722156155957,0.6468947324823778,0.491684290931652,0.8685474000085378,"{""alpha"": 1.0, ""l1_ratio"": 0.15, ""n_components"": 17}"
md272_correct,pca,enet,4,group,0,97,25,70,24,0.48661163031923776,0.7413609408404037,0.8566705909721704,0.6440671971640589,0.8867974999884609,"{""alpha"": 0.001, ""l1_ratio"": 0.85, ""n_components"": 20}"
md272_correct,pca,enet,5,group,0,90,32,70,24,0.5948197349992185,0.6588896041826564,0.6798067099937654,0.523176557594466,0.8867600999947172,"{""alpha"": 0.1, ""l1_ratio"": 0.5, ""n_components"": 21}"
md272_correct,pca,enet,6,group,0,92,30,70,24,0.4018997622596586,0.6091379004284176,0.7396591786578893,0.5659858710342244,0.9080550000071526,"{""alpha"": 0.1, ""l1_ratio"": 0.5, ""n_components"": 22}"
md272_correct,pca,enet,7,group,0,92,30,70,24,0.6872762746412654,0.08079429610105204,1.1629727176120328,0.8661488530768461,0.8926487999997335,"{""alpha"": 0.1, ""l1_ratio"": 0.85, ""n_components"": 17}"
md272_correct,pca,enet,8,group,0,93,29,70,24,0.7085006236553119,0.5498667078886228,0.9122163301985897,0.7170910706328852,0.8782454000029247,"{""alpha"": 0.001, ""l1_ratio"": 0.15, ""n_components"": 19}"
md272_correct,pca,enet,9,group,0,89,33,70,24,0.6199117122381457,0.5244437950642833,0.8187254668930454,0.6595413399949944,0.8716586999944411,"{""alpha"": 0.1, ""l1_ratio"": 0.85, ""n_components"": 15}"
md272_correct,pca,knn,0,group,0,89,33,70,24,0.4912365983602017,0.5934727502807509,0.8527602275528103,0.5988319881754804,0.3234731999982614,"{""n_components"": 15, ""n_neighbors"": 3, ""weights"": ""distance""}"
md272_correct,pca,knn,1,group,0,93,29,70,24,0.561269011905984,0.6451548017437769,0.7890587931416438,0.49340173063165166,0.32348040000943,"{""n_components"": 17, ""n_neighbors"": 10, ""weights"": ""distance""}"
md272_correct,pca,knn,2,group,0,95,27,70,24,0.4941969188189252,0.5273205072521887,1.1241008877168086,0.7805748312444445,0.4064479999942705,"{""n_components"": 17, ""n_neighbors"": 5, ""weights"": ""uniform""}"
md272_correct,pca,knn,3,group,0,96,26,70,24,0.04836390410019116,0.749095757760561,0.6526114372191884,0.46471949826011616,0.34070929999870714,"{""n_components"": 15, ""n_neighbors"": 10, ""weights"": ""distance""}"
md272_correct,pca,knn,4,group,0,97,25,70,24,0.3682517905425768,0.5229311619650098,1.1634757261458406,0.7807242530888909,0.3158759000070859,"{""n_components"": 15, ""n_neighbors"": 10, ""weights"": ""distance""}"
md272_correct,pca,knn,5,group,0,90,32,70,24,0.5146994177848978,0.5952975537169751,0.7404672996305972,0.5725203712129273,0.335295099997893,"{""n_components"": 15, ""n_neighbors"": 10, ""weights"": ""distance""}"
md272_correct,pca,knn,6,group,0,92,30,70,24,0.391845819118988,0.5546326723976609,0.789548926730574,0.5767801777166665,0.3388540999876568,"{""n_components"": 20, ""n_neighbors"": 10, ""weights"": ""uniform""}"
md272_correct,pca,knn,7,group,0,92,30,70,24,0.6731910178170402,-0.044546499694458674,1.239729856275902,0.9003789924533336,0.34012839999923017,"{""n_components"": 22, ""n_neighbors"": 5, ""weights"": ""uniform""}"
md272_correct,pca,knn,8,group,0,93,29,70,24,0.6795620012225105,0.6823627649459552,0.766289683376033,0.5617398844395161,0.37832289999641944,"{""n_components"": 17, ""n_neighbors"": 3, ""weights"": ""distance""}"
md272_correct,pca,knn,9,group,0,89,33,70,24,0.5685558771440757,0.631104808567968,0.7210889996433363,0.4972888748977247,0.3248862000036752,"{""n_components"": 17, ""n_neighbors"": 5, ""weights"": ""distance""}"
md272_correct,pca,pls,0,group,0,89,33,70,24,0.558108166801656,0.7302511720022842,0.6946433606101612,0.551167784038,0.2032405999925686,"{""n_components"": 17}"
md272_correct,pca,pls,1,group,0,93,29,70,24,0.5977340153281983,0.7158484761377333,0.7060978550921048,0.5297800688728844,0.19405320000078063,"{""n_components"": 15}"
md272_correct,pca,pls,2,group,0,95,27,70,24,0.6555047840588617,0.6416437909519903,0.9787671327683564,0.7623484335056754,0.19220780000614468,"{""n_components"": 22}"
md272_correct,pca,pls,3,group,0,96,26,70,24,0.32078209166771454,0.8354018013737765,0.5285830316380347,0.4130980652082272,0.25307160000375006,"{""n_components"": 15}"
md272_correct,pca,pls,4,group,0,97,25,70,24,0.48661066630059596,0.741659012133103,0.856176809167512,0.6439370395044017,0.20133290000376292,"{""n_components"": 20}"
md272_correct,pca,pls,5,group,0,90,32,70,24,0.5872001628305212,0.6460225761091649,0.6925095253599427,0.5560862551143948,0.2130273000075249,"{""n_components"": 21}"
md272_correct,pca,pls,6,group,0,92,30,70,24,0.38270116850301733,0.5632373283753194,0.7818845427594708,0.5909622698567925,0.20114319999993313,"{""n_components"": 22}"
md272_correct,pca,pls,7,group,0,92,30,70,24,0.6760270699522684,0.10447853943377894,1.147892373028915,0.8473829578630846,0.20818130001134705,"{""n_components"": 17}"
md272_correct,pca,pls,8,group,0,93,29,70,24,0.7085017580605941,0.5497843924552095,0.9122997344383247,0.7171731486446972,0.19698609999613836,"{""n_components"": 19}"
md272_correct,pca,pls,9,group,0,89,33,70,24,0.608647867679638,0.5215552850711744,0.8212081560686462,0.6686279138229562,0.20590799998899456,"{""n_components"": 15}"
md272_correct,pca,rf,0,group,0,89,33,70,24,0.4359083645440891,0.6255819213419285,0.8183903712263414,0.6048312133944639,7.599700199993094,"{""max_features"": 1.0, ""min_samples_leaf"": 3, ""n_components"": 20}"
md272_correct,pca,rf,1,group,0,93,29,70,24,0.4673485550339482,0.6775350259472668,0.7521962637332756,0.534392062539364,7.513060199999018,"{""max_features"": 0.3, ""min_samples_leaf"": 3, ""n_components"": 15}"
md272_correct,pca,rf,2,group,0,95,27,70,24,0.4449205042648844,0.400038171818371,1.2664373790401118,0.7791077706266916,8.565781799989054,"{""max_features"": 1.0, ""min_samples_leaf"": 3, ""n_components"": 15}"
md272_correct,pca,rf,3,group,0,96,26,70,24,0.08354876880410785,0.5173006508348376,0.9051885152379189,0.6305706983573847,8.60984869999811,"{""max_features"": 1.0, ""min_samples_leaf"": 1, ""n_components"": 17}"
md272_correct,pca,rf,4,group,0,97,25,70,24,0.31962374312783226,0.484486167400768,1.2094473400117756,0.8338044217859995,7.893445499998052,"{""max_features"": 0.3, ""min_samples_leaf"": 1, ""n_components"": 15}"
md272_correct,pca,rf,5,group,0,90,32,70,24,0.42897676775320637,0.4417711935614719,0.8696491787140515,0.6603162472263203,8.507737299994915,"{""max_features"": 0.3, ""min_samples_leaf"": 3, ""n_components"": 15}"
md272_correct,pca,rf,6,group,0,92,30,70,24,0.35802357808391927,0.647987778983175,0.7019379796102639,0.5464236664564671,8.504988799992134,"{""max_features"": 0.3, ""min_samples_leaf"": 1, ""n_components"": 15}"
md272_correct,pca,rf,7,group,0,92,30,70,24,0.4702011117295113,0.1103541738295215,1.1441204391918034,0.7861808099720018,8.589833000005456,"{""max_features"": 0.3, ""min_samples_leaf"": 1, ""n_components"": 15}"
md272_correct,pca,rf,8,group,0,93,29,70,24,0.5448711243378551,0.4870811758758077,0.9737592454743788,0.589434800237863,8.73710490000667,"{""max_features"": 1.0, ""min_samples_leaf"": 1, ""n_components"": 21}"
md272_correct,pca,rf,9,group,0,89,33,70,24,0.5340479990754006,0.3757219468073558,0.938050905335535,0.6803584537423076,8.731188399993698,"{""max_features"": 0.3, ""min_samples_leaf"": 1, ""n_components"": 15}"
md272_correct,pca,et,0,group,0,89,33,70,24,0.5189557461513631,0.7144253297544565,0.7147298952473503,0.5571638086351517,5.83575880000717,"{""max_features"": 1.0, ""min_samples_leaf"": 1, ""n_components"": 15}"
md272_correct,pca,et,1,group,0,93,29,70,24,0.5555345375940949,0.7614790683148613,0.6469238255450205,0.47960112903588814,5.811016899999231,"{""max_features"": 1.0, ""min_samples_leaf"": 3, ""n_components"": 15}"
md272_correct,pca,et,2,group,0,95,27,70,24,0.5357148250804187,0.580703896192795,1.0587229412350847,0.7037049411077918,5.979293800002779,"{""max_features"": 1.0, ""min_samples_leaf"": 3, ""n_components"": 15}"
md272_correct,pca,et,3,group,0,96,26,70,24,0.045429737844447704,0.6584602080076492,0.7614148335357598,0.5884220324399821,6.0014935000072,"{""max_features"": ""sqrt"", ""min_samples_leaf"": 1, ""n_components"": 17}"
md272_correct,pca,et,4,group,0,97,25,70,24,0.40007689944493113,0.5499939290517735,1.129993612531895,0.825274139728886,4.632526700006565,"{""max_features"": 1.0, ""min_samples_leaf"": 3, ""n_components"": 15}"
md272_correct,pca,et,5,group,0,90,32,70,24,0.5010820603968184,0.5538810347930876,0.7774336104361461,0.5557238634367281,5.397387799996068,"{""max_features"": 1.0, ""min_samples_leaf"": 3, ""n_components"": 15}"
md272_correct,pca,et,6,group,0,92,30,70,24,0.48395511295394406,0.6240663333028457,0.7253965420103429,0.5543797174575977,5.78703079999832,"{""max_features"": 1.0, ""min_samples_leaf"": 1, ""n_components"": 15}"
md272_correct,pca,et,7,group,0,92,30,70,24,0.650663035157347,0.078326009915205,1.1645331001449835,0.8813655186444679,5.649557299999287,"{""max_features"": 1.0, ""min_samples_leaf"": 1, ""n_components"": 17}"
md272_correct,pca,et,8,group,0,93,29,70,24,0.6259419579979728,0.6720289080277057,0.7786549666396172,0.6009827988844837,5.7183737000013934,"{""max_features"": 1.0, ""min_samples_leaf"": 1, ""n_components"": 19}"
md272_correct,pca,et,9,group,0,89,33,70,24,0.6291923682425884,0.5398440907171749,0.8053596651646391,0.5722420308321867,5.742963999990025,"{""max_features"": 1.0, ""min_samples_leaf"": 1, ""n_components"": 17}"
md272_correct,pca,gbr,0,group,0,89,33,70,24,0.3506054476063657,0.7258202715924269,0.7003252368433591,0.5364507337824673,5.029532900007325,"{""learning_rate"": 0.03, ""max_depth"": 3, ""n_components"": 19, ""n_estimators"": 200}"
md272_correct,pca,gbr,1,group,0,93,29,70,24,0.4561378455406051,0.6602868631037099,0.7720511395461923,0.533881178029533,5.271055899997009,"{""learning_rate"": 0.03, ""max_depth"": 2, ""n_components"": 19, ""n_estimators"": 500}"
md272_correct,pca,gbr,2,group,0,95,27,70,24,0.43712310612632166,0.45533978240438655,1.2066595043434287,0.7643924733059699,5.328347699993174,"{""learning_rate"": 0.03, ""max_depth"": 2, ""n_components"": 19, ""n_estimators"": 500}"
md272_correct,pca,gbr,3,group,0,96,26,70,24,0.186776647763112,0.4575653881718429,0.9595649478717679,0.7290320709072428,5.204638099996373,"{""learning_rate"": 0.03, ""max_depth"": 2, ""n_components"": 21, ""n_estimators"": 200}"
md272_correct,pca,gbr,4,group,0,97,25,70,24,0.35112916804589517,0.4872848266897033,1.2061599039766446,0.779874080932182,5.142685500002699,"{""learning_rate"": 0.03, ""max_depth"": 2, ""n_components"": 15, ""n_estimators"": 200}"
md272_correct,pca,gbr,5,group,0,90,32,70,24,0.34478587365710156,0.4716924955520001,0.8460214205571119,0.5938226728704722,5.146202000003541,"{""learning_rate"": 0.03, ""max_depth"": 2, ""n_components"": 20, ""n_estimators"": 500}"
md272_correct,pca,gbr,6,group,0,92,30,70,24,0.4357386441065881,0.615435869874313,0.73367590647522,0.5256317285618644,5.054448399998364,"{""learning_rate"": 0.1, ""max_depth"": 2, ""n_components"": 19, ""n_estimators"": 200}"
md272_correct,pca,gbr,7,group,0,92,30,70,24,0.5808042427925024,0.017435966532246105,1.2023851469519111,0.8504845349313189,5.215922400006093,"{""learning_rate"": 0.1, ""max_depth"": 2, ""n_components"": 19, ""n_estimators"": 500}"
md272_correct,pca,gbr,8,group,0,93,29,70,24,0.599434431894991,0.6826228691348224,0.7659758725965673,0.5296507979922228,5.323931000006269,"{""learning_rate"": 0.03, ""max_depth"": 3, ""n_components"": 20, ""n_estimators"": 500}"
md272_correct,pca,gbr,9,group,0,89,33,70,24,0.5760812359538864,0.1470861914486319,1.0964528129399083,0.7831250803908525,5.076162299999851,"{""learning_rate"": 0.1, ""max_depth"": 2, ""n_components"": 17, ""n_estimators"": 200}"
md272_correct,pca,hgb,0,group,0,89,33,70,24,0.38114035451467576,0.6753186756585768,0.7620978918097313,0.6034887316058156,0.49349580000853166,"{""learning_rate"": 0.1, ""max_leaf_nodes"": 15, ""n_components"": 17}"
md272_correct,pca,hgb,1,group,0,93,29,70,24,0.5255184167499142,0.6797980207737915,0.7495522351264395,0.6126537967281402,0.5310127999982797,"{""learning_rate"": 0.1, ""max_leaf_nodes"": 15, ""n_components"": 15}"
md272_correct,pca,hgb,2,group,0,95,27,70,24,0.5124062094259673,0.6080549021316464,1.0236100209314654,0.7805565475490681,0.5501575999951456,"{""learning_rate"": 0.1, ""max_leaf_nodes"": 15, ""n_components"": 21}"
md272_correct,pca,hgb,3,group,0,96,26,70,24,-0.26233705968543386,0.469475772004468,0.9489717618989583,0.6998006635145277,0.6099104000022635,"{""learning_rate"": 0.1, ""max_leaf_nodes"": 15, ""n_components"": 19}"
md272_correct,pca,hgb,4,group,0,97,25,70,24,0.33078101675197463,0.48735273447926075,1.2060800249624382,0.8733130374842087,0.5378808999957982,"{""learning_rate"": 0.1, ""max_leaf_nodes"": 15, ""n_components"": 19}"
md272_correct,pca,hgb,5,group,0,90,32,70,24,0.5258861682440813,0.442453955183581,0.8691171882972549,0.622347615560771,0.5257281000085641,"{""learning_rate"": 0.1, ""max_leaf_nodes"": 15, ""n_components"": 17}"
md272_correct,pca,hgb,6,group,0,92,30,70,24,0.4451644384053308,0.4606612570732912,0.868861752534443,0.666979735059337,0.5319528999971226,"{""learning_rate"": 0.1, ""max_leaf_nodes"": 15, ""n_components"": 22}"
md272_correct,pca,hgb,7,group,0,92,30,70,24,0.59175421736057,0.09869646541348953,1.1515921836312524,0.9072457081153444,0.5487877999985358,"{""learning_rate"": 0.1, ""max_leaf_nodes"": 15, ""n_components"": 19}"
md272_correct,pca,hgb,8,group,0,93,29,70,24,0.6281451424457031,0.5290391948349167,0.9330816696588814,0.7153680422307186,0.5392686999985017,"{""learning_rate"": 0.1, ""max_leaf_nodes"": 15, ""n_components"": 15}"
md272_correct,pca,hgb,9,group,0,89,33,70,24,0.5388588431803063,0.3636634348505262,0.9470672372682838,0.7429171975285006,0.5329682000010507,"{""learning_rate"": 0.1, ""max_leaf_nodes"": 15, ""n_components"": 17}"
md272_correct,pca,xgb,0,group,0,89,33,70,24,0.47159564164591233,0.7259083588906847,0.7002127290477872,0.5393520618587091,2.1093148999934783,"{""learning_rate"": 0.03, ""max_depth"": 4, ""n_components"": 19, ""n_estimators"": 200}"
md272_correct,pca,xgb,1,group,0,93,29,70,24,0.505920349129484,0.6852778770702121,0.7431107322278679,0.5081149927551103,2.0410574999987148,"{""learning_rate"": 0.03, ""max_depth"": 2, ""n_components"": 19, ""n_estimators"": 500}"
md272_correct,pca,xgb,2,group,0,95,27,70,24,0.5374246994535472,0.5568444818779839,1.0884287156697374,0.6984228302990453,2.022932399995625,"{""learning_rate"": 0.1, ""max_depth"": 2, ""n_components"": 19, ""n_estimators"": 200}"
md272_correct,pca,xgb,3,group,0,96,26,70,24,0.20898957558615533,0.5100245683562528,0.9119852841452553,0.6586853916001165,2.0882104000047548,"{""learning_rate"": 0.03, ""max_depth"": 2, ""n_components"": 22, ""n_estimators"": 200}"
md272_correct,pca,xgb,4,group,0,97,25,70,24,0.35559851716412305,0.5340334572428707,1.1498578898453455,0.789249701945088,2.1387020999973174,"{""learning_rate"": 0.1, ""max_depth"": 4, ""n_components"": 15, ""n_estimators"": 200}"
md272_correct,pca,xgb,5,group,0,90,32,70,24,0.4445543798617166,0.571312344402714,0.7620938522005011,0.5949485661528169,2.132347299993853,"{""learning_rate"": 0.1, ""max_depth"": 4, ""n_components"": 20, ""n_estimators"": 500}"
md272_correct,pca,xgb,6,group,0,92,30,70,24,0.4812222732510486,0.5245055130103868,0.8158167421024045,0.6078609120205972,2.1165508999984013,"{""learning_rate"": 0.1, ""max_depth"": 2, ""n_components"": 15, ""n_estimators"": 500}"
md272_correct,pca,xgb,7,group,0,92,30,70,24,0.5651743348304029,-0.015175838268258302,1.2221761591722782,0.8565804480738198,1.9820886000088649,"{""learning_rate"": 0.03, ""max_depth"": 2, ""n_components"": 15, ""n_estimators"": 200}"
md272_correct,pca,xgb,8,group,0,93,29,70,24,0.6185191317227927,0.6517587373993192,0.8023565264356265,0.5276187166924418,2.146332300006179,"{""learning_rate"": 0.03, ""max_depth"": 4, ""n_components"": 20, ""n_estimators"": 500}"
md272_correct,pca,xgb,9,group,0,89,33,70,24,0.6101047070278687,0.2749738893590611,1.0109139669974099,0.7172602433324751,1.9818702000047779,"{""learning_rate"": 0.03, ""max_depth"": 2, ""n_components"": 20, ""n_estimators"": 500}"
md272_correct,pca,lgbm,0,group,0,89,33,70,24,0.38023488478161177,0.6594513356375766,0.7804978238615274,0.6104580424784944,0.8503048999991734,"{""learning_rate"": 0.03, ""n_components"": 15, ""n_estimators"": 500, ""num_leaves"": 15}"
md272_correct,pca,lgbm,1,group,0,93,29,70,24,0.5030867331793641,0.6368765324164203,0.7982098008983513,0.5780489123967957,0.8899260000034701,"{""learning_rate"": 0.03, ""n_components"": 15, ""n_estimators"": 200, ""num_leaves"": 15}"
md272_correct,pca,lgbm,2,group,0,95,27,70,24,0.5383526104552688,0.5930324550008914,1.0430420050511888,0.769264998626015,0.8913002000044798,"{""learning_rate"": 0.03, ""n_components"": 17, ""n_estimators"": 500, ""num_leaves"": 15}"
md272_correct,pca,lgbm,3,group,0,96,26,70,24,-0.22328211517397686,0.5475861393019945,0.8763319170609267,0.6421346180644385,0.8982866000005743,"{""learning_rate"": 0.03, ""n_components"": 20, ""n_estimators"": 200, ""num_leaves"": 15}"
md272_correct,pca,lgbm,4,group,0,97,25,70,24,0.393619112583159,0.5033158641252069,1.1871536895294659,0.8458426374712829,0.8874724000052083,"{""learning_rate"": 0.1, ""n_components"": 19, ""n_estimators"": 200, ""num_leaves"": 15}"
md272_correct,pca,lgbm,5,group,0,90,32,70,24,0.5076867606489951,0.4799150639698644,0.839411870952554,0.619265001593776,0.8913299999985611,"{""learning_rate"": 0.03, ""n_components"": 17, ""n_estimators"": 200, ""num_leaves"": 15}"
md272_correct,pca,lgbm,6,group,0,92,30,70,24,0.46092515662992606,0.35227991295969685,0.9521679377040723,0.7222862653562266,0.8989493999979459,"{""learning_rate"": 0.03, ""n_components"": 22, ""n_estimators"": 500, ""num_leaves"": 15}"
md272_correct,pca,lgbm,7,group,0,92,30,70,24,0.6305491576972948,0.03565698143296414,1.1911842479085542,0.8876610507198781,0.8925113000004785,"{""learning_rate"": 0.03, ""n_components"": 15, ""n_estimators"": 200, ""num_leaves"": 15}"
md272_correct,pca,lgbm,8,group,0,93,29,70,24,0.6410165056874123,0.4759844471995347,0.9842362667450371,0.725997785427565,0.9027507999999216,"{""learning_rate"": 0.1, ""n_components"": 19, ""n_estimators"": 500, ""num_leaves"": 15}"
md272_correct,pca,lgbm,9,group,0,89,33,70,24,0.5533861139093954,0.29673817127169055,0.9956252359796061,0.747413768836209,0.8828413000010187,"{""learning_rate"": 0.03, ""n_components"": 15, ""n_estimators"": 500, ""num_leaves"": 15}"
md272_correct,raw,nusvr,0,group,0,89,33,70,24,0.5898409122420146,0.6639180684242061,0.7753623132569052,0.5382341082235051,0.7950748000002932,"{""C"": 1.0, ""kernel"": ""sigmoid"", ""nu"": 0.3}"
md272_correct,raw,nusvr,1,group,0,93,29,70,24,0.6323074582395413,0.690441916127868,0.7369889433223676,0.5087428962134467,1.024255299998913,"{""C"": 1.0, ""kernel"": ""sigmoid"", ""nu"": 0.3}"
md272_correct,raw,nusvr,2,group,0,95,27,70,24,0.6334418067509523,0.6355836346135428,0.9870083948375123,0.7135303215770942,1.1738639999966836,"{""C"": 1.0, ""kernel"": ""sigmoid"", ""nu"": 0.5}"
md272_correct,raw,nusvr,3,group,0,96,26,70,24,0.3760914446692526,0.7831507299088818,0.6067079151657092,0.42330308024357655,1.0668484000052558,"{""C"": 1.0, ""kernel"": ""sigmoid"", ""nu"": 0.3}"
md272_correct,raw,nusvr,4,group,0,97,25,70,24,0.46650920525055695,0.5922136210495035,1.0756801631272832,0.7652291419648435,1.2255552999995416,"{""C"": 0.1, ""kernel"": ""linear"", ""nu"": 0.3}"
md272_correct,raw,nusvr,5,group,0,90,32,70,24,0.6220922552448416,0.5019868666420787,0.8214069388283269,0.6030424786432974,0.771664600004442,"{""C"": 0.1, ""kernel"": ""linear"", ""nu"": 0.1}"
md272_correct,raw,nusvr,6,group,0,92,30,70,24,0.44794088766357704,0.6267796650187163,0.7227739971587924,0.5054611723512354,1.063799999988987,"{""C"": 1.0, ""kernel"": ""sigmoid"", ""nu"": 0.5}"
md272_correct,raw,nusvr,7,group,0,92,30,70,24,0.6813107221950573,0.22035135179363163,1.071057129579677,0.8191100758131616,0.950830900008441,"{""C"": 0.1, ""kernel"": ""linear"", ""nu"": 0.1}"
md272_correct,raw,nusvr,8,group,0,93,29,70,24,0.6501988002671635,0.6517278177511011,0.8023921454640925,0.5931204738164271,0.9022672999999486,"{""C"": 1.0, ""kernel"": ""sigmoid"", ""nu"": 0.3}"
md272_correct,raw,nusvr,9,group,0,89,33,70,24,0.5768351125094606,0.651147460391654,0.7012264961319276,0.4971405687238647,0.7745759000099497,"{""C"": 1.0, ""kernel"": ""sigmoid"", ""nu"": 0.3}"
md272_correct,raw,svr,0,group,0,89,33,70,24,0.4879069866824552,0.6997003854148278,0.7329249284231811,0.5776567812477686,0.08418210000672843,"{""C"": 10.0, ""epsilon"": 0.05}"
md272_correct,raw,svr,1,group,0,93,29,70,24,0.5137389959336213,0.7242437941849438,0.6955887429192903,0.5104305059957637,0.08850309999252204,"{""C"": 10.0, ""epsilon"": 0.1}"
md272_correct,raw,svr,2,group,0,95,27,70,24,0.46082416064268583,0.6519252152608758,0.9646242864379032,0.6731539591007721,0.07808039999508765,"{""C"": 10.0, ""epsilon"": 0.1}"
md272_correct,raw,svr,3,group,0,96,26,70,24,0.2320688677630482,0.5972944827934898,0.8267885780923357,0.5934942298849066,0.0830223999946611,"{""C"": 10.0, ""epsilon"": 0.1}"
md272_correct,raw,svr,4,group,0,97,25,70,24,0.3739372803774083,0.6280596181927616,1.0273146193453548,0.7489359390532982,0.08787050000682939,"{""C"": 10.0, ""epsilon"": 0.05}"
md272_correct,raw,svr,5,group,0,90,32,70,24,0.5397886278751743,0.6419789364657279,0.696453713588517,0.5554910864647513,0.08311700000194833,"{""C"": 10.0, ""epsilon"": 0.05}"
md272_correct,raw,svr,6,group,0,92,30,70,24,0.3071977160014038,0.6298513679445397,0.7197935405901215,0.6033507411264478,0.07307430000219028,"{""C"": 10.0, ""epsilon"": 0.05}"
md272_correct,raw,svr,7,group,0,92,30,70,24,0.5158726929006248,0.33274001729527447,0.9908563827472855,0.7453062509786579,0.08431910000217613,"{""C"": 10.0, ""epsilon"": 0.05}"
md272_correct,raw,svr,8,group,0,93,29,70,24,0.5767281464506007,0.6646178026687295,0.7874033860909859,0.6207576371207562,0.0834545999969123,"{""C"": 10.0, ""epsilon"": 0.05}"
md272_correct,raw,svr,9,group,0,89,33,70,24,0.5533229893658447,0.6330757571283439,0.7191600875866431,0.5606373401816451,0.08357010000327136,"{""C"": 10.0, ""epsilon"": 0.05}"
md272_correct,raw,ridge,0,group,0,89,33,70,24,0.5939406343222314,0.7814113342436664,0.6253107940123446,0.4646787918734867,0.07859309999912512,"{""alpha"": 100.0}"
md272_correct,raw,ridge,1,group,0,93,29,70,24,0.6369716298852459,0.7719386397810207,0.6325804307687465,0.47478852913556835,0.08485320000909269,"{""alpha"": 100.0}"
md272_correct,raw,ridge,2,group,0,95,27,70,24,0.6593086802100123,0.6818508810973825,0.9222258106281791,0.6763349266558534,0.08676799999375362,"{""alpha"": 100.0}"
md272_correct,raw,ridge,3,group,0,96,26,70,24,0.3739911816667821,0.8186410438645635,0.5548430906241062,0.3991047802429908,0.07361549999041017,"{""alpha"": 100.0}"
md272_correct,raw,ridge,4,group,0,97,25,70,24,0.5037334595656742,0.7206261124626725,0.8903478365207191,0.6342655404445731,0.08792250000988133,"{""alpha"": 100.0}"
md272_correct,raw,ridge,5,group,0,90,32,70,24,0.6464222529627545,0.7186569608878184,0.6173849756392014,0.5021640534375793,0.08648919999541249,"{""alpha"": 100.0}"
md272_correct,raw,ridge,6,group,0,92,30,70,24,0.4512429839841734,0.7237482962250829,0.6218309773739847,0.48697968775314066,0.08021800000278745,"{""alpha"": 100.0}"
md272_correct,raw,ridge,7,group,0,92,30,70,24,0.7229121505573953,0.25104523719679894,1.0497622827749558,0.805813409142545,0.07758830000238959,"{""alpha"": 100.0}"
md272_correct,raw,ridge,8,group,0,93,29,70,24,0.7113285849628892,0.6485166094817538,0.8060828451783294,0.6089963821436671,0.08624599999166094,"{""alpha"": 100.0}"
md272_correct,raw,ridge,9,group,0,89,33,70,24,0.603086531752588,0.7169750110953994,0.6316111153234949,0.4897536657832726,0.08515389999956824,"{""alpha"": 100.0}"
md272_correct,raw,enet,0,group,0,89,33,70,24,0.6316186716033336,0.7885701403908714,0.6149860528112757,0.500733129208375,0.203494999994291,"{""alpha"": 0.1, ""l1_ratio"": 0.85}"
md272_correct,raw,enet,1,group,0,93,29,70,24,0.6801084792552666,0.7294256259772611,0.689022221884704,0.4834885678002955,0.2656090999953449,"{""alpha"": 0.1, ""l1_ratio"": 0.85}"
md272_correct,raw,enet,2,group,0,95,27,70,24,0.6897128018802662,0.658072002665947,0.9560690110714066,0.7166223792831585,0.2629161000077147,"{""alpha"": 0.1, ""l1_ratio"": 0.85}"
md272_correct,raw,enet,3,group,0,96,26,70,24,0.5532684372544754,0.708793819216321,0.7030738946761188,0.5540184537623735,0.2515811000048416,"{""alpha"": 0.1, ""l1_ratio"": 0.85}"
md272_correct,raw,enet,4,group,0,97,25,70,24,0.49258430852011637,0.7084556842511592,0.9095343203390269,0.6501426534764143,0.2667671000090195,"{""alpha"": 0.1, ""l1_ratio"": 0.85}"
md272_correct,raw,enet,5,group,0,90,32,70,24,0.6628915597398006,0.620791562609271,0.7167652885579283,0.5154493568675352,0.25328830000944436,"{""alpha"": 1.0, ""l1_ratio"": 0.15}"
md272_correct,raw,enet,6,group,0,92,30,70,24,0.4581916761249015,0.7545560388097474,0.5861328285000085,0.45047750410388027,0.2785336999950232,"{""alpha"": 1.0, ""l1_ratio"": 0.15}"
md272_correct,raw,enet,7,group,0,92,30,70,24,0.7544755114256845,0.323235112774398,0.9978886439687371,0.7496062364621435,0.23833589999412652,"{""alpha"": 0.1, ""l1_ratio"": 0.5}"
md272_correct,raw,enet,8,group,0,93,29,70,24,0.7315609840917089,0.6296181680746822,0.8274697247346237,0.6192345447682612,0.3026798999926541,"{""alpha"": 0.1, ""l1_ratio"": 0.85}"
md272_correct,raw,enet,9,group,0,89,33,70,24,0.6064620005847137,0.7079826155201778,0.6415665707277884,0.4721396683037136,0.22058459999971092,"{""alpha"": 1.0, ""l1_ratio"": 0.15}"
md272_correct,raw,knn,0,group,0,89,33,70,24,0.4232021292526976,0.6504553381849372,0.7907395166362311,0.5767977770513222,0.07575670001097023,"{""n_neighbors"": 10, ""weights"": ""distance""}"
md272_correct,raw,knn,1,group,0,93,29,70,24,0.49702701365524504,0.6770442078526628,0.7527684982215231,0.4928947270730926,0.08787200000369921,"{""n_neighbors"": 10, ""weights"": ""distance""}"
md272_correct,raw,knn,2,group,0,95,27,70,24,0.4699575775662609,0.45760877239061604,1.2041434809231633,0.7949231085185184,0.08556099999987055,"{""n_neighbors"": 3, ""weights"": ""uniform""}"
md272_correct,raw,knn,3,group,0,96,26,70,24,0.009873178733571585,0.6647540919240751,0.7543665475491467,0.5506039202210284,0.08596409999881871,"{""n_neighbors"": 10, ""weights"": ""distance""}"
md272_correct,raw,knn,4,group,0,97,25,70,24,0.31109831479343825,0.44682671589488976,1.252845163774722,0.8539731138449741,0.07148549999692477,"{""n_neighbors"": 10, ""weights"": ""distance""}"
md272_correct,raw,knn,5,group,0,90,32,70,24,0.5196280713441686,0.5056598620282248,0.8183722725055936,0.5852244087758716,0.07546449999790639,"{""n_neighbors"": 10, ""weights"": ""distance""}"
md272_correct,raw,knn,6,group,0,92,30,70,24,0.3848731928006132,0.5529766414376864,0.7910154737684868,0.5926167482414583,0.07310720000532456,"{""n_neighbors"": 10, ""weights"": ""distance""}"
md272_correct,raw,knn,7,group,0,92,30,70,24,0.653912669105798,-0.2606678243684204,1.3619573434268992,0.9578187119066667,0.08192490000510588,"{""n_neighbors"": 5, ""weights"": ""uniform""}"
md272_correct,raw,knn,8,group,0,93,29,70,24,0.5950922313064123,0.506255439423261,0.9553850415698263,0.6799737919195403,0.07588780000514816,"{""n_neighbors"": 3, ""weights"": ""uniform""}"
md272_correct,raw,knn,9,group,0,89,33,70,24,0.5402404819621311,0.6825207621504861,0.6689521251901246,0.46825245718226594,0.08440789999440312,"{""n_neighbors"": 5, ""weights"": ""distance""}"
md272_correct,raw,pls,0,group,0,89,33,70,24,0.568769849054909,0.7482530729993536,0.6710643919094322,0.5087714456776458,0.06006319999869447,"{""n_components"": 2}"
md272_correct,raw,pls,1,group,0,93,29,70,24,0.6322725948472488,0.7059226274914528,0.7183245380543984,0.55219602143956,0.06266450000111945,"{""n_components"": 2}"
md272_correct,raw,pls,2,group,0,95,27,70,24,0.6397808014824211,0.7031955053101915,0.8907526993206161,0.7084270129263092,0.06503099999099504,"{""n_components"": 5}"
md272_correct,raw,pls,3,group,0,96,26,70,24,0.4114667949178538,0.8491142765477706,0.5060865008382784,0.37747278122817024,0.06475209999189246,"{""n_components"": 2}"
md272_correct,raw,pls,4,group,0,97,25,70,24,0.4812850513034336,0.757053364645717,0.830275545347365,0.6023615853634644,0.07310739999229554,"{""n_components"": 5}"
md272_correct,raw,pls,5,group,0,90,32,70,24,0.6296093606490917,0.6458948125184256,0.6926344902805095,0.5520157991021082,0.06597870000405237,"{""n_components"": 2}"
md272_correct,raw,pls,6,group,0,92,30,70,24,0.41924984926388226,0.6327242481808302,0.7169947882392895,0.5754277105584814,0.0540432999987388,"{""n_components"": 5}"
md272_correct,raw,pls,7,group,0,92,30,70,24,0.7211786042752026,0.12607833250818745,1.1339644117780836,0.8614922014503804,0.06299950000538956,"{""n_components"": 2}"
md272_correct,raw,pls,8,group,0,93,29,70,24,0.6936040155343204,0.5827146094396001,0.8783019868588887,0.7100380714547098,0.06259139999747276,"{""n_components"": 2}"
md272_correct,raw,pls,9,group,0,89,33,70,24,0.6233949242306152,0.6427918031657849,0.7095746330537328,0.558922436645971,0.06750639999518171,"{""n_components"": 2}"
md272_correct,raw,rf,0,group,0,89,33,70,24,0.6860063168401312,0.8362632024607877,0.5411968396486074,0.420769828781939,3.1684112999937497,"{""max_features"": 0.3, ""min_samples_leaf"": 1}"
md272_correct,raw,rf,1,group,0,93,29,70,24,0.7576171448543028,0.7871329240325999,0.6111448336740593,0.43125920912615345,2.9012163000006694,"{""max_features"": 0.3, ""min_samples_leaf"": 3}"
md272_correct,raw,rf,2,group,0,95,27,70,24,0.7355491082181688,0.750998406192,0.8158737754137406,0.5812696277226764,3.0150470999942627,"{""max_features"": 0.3, ""min_samples_leaf"": 3}"
md272_correct,raw,rf,3,group,0,96,26,70,24,0.5313894026221648,0.7927797066343765,0.5930848366391588,0.45158718513550117,3.0493429000052856,"{""max_features"": 0.3, ""min_samples_leaf"": 3}"
md272_correct,raw,rf,4,group,0,97,25,70,24,0.6037339929558286,0.765065003137033,0.8164708051046103,0.589407977415599,2.957638699997915,"{""max_features"": 1.0, ""min_samples_leaf"": 1}"
md272_correct,raw,rf,5,group,0,90,32,70,24,0.7543154613010217,0.7533922928711829,0.5780179054685703,0.4285200795822931,2.2145554000017,"{""max_features"": 0.3, ""min_samples_leaf"": 3}"
md272_correct,raw,rf,6,group,0,92,30,70,24,0.5928204466370798,0.8035827115757771,0.5243360598872132,0.3932563084383823,2.2650417999975616,"{""max_features"": 0.3, ""min_samples_leaf"": 3}"
md272_correct,raw,rf,7,group,0,92,30,70,24,0.7581714515366786,0.31952556315774894,1.0006197687711411,0.7142064726588011,2.6121282999956748,"{""max_features"": ""sqrt"", ""min_samples_leaf"": 1}"
md272_correct,raw,rf,8,group,0,93,29,70,24,0.7929936137681038,0.7349192913672212,0.7000294912831894,0.526031305964204,2.78200759999163,"{""max_features"": 0.3, ""min_samples_leaf"": 1}"
md272_correct,raw,rf,9,group,0,89,33,70,24,0.6637206598889369,0.8107172561394692,0.5165268296058086,0.40700771454939144,2.7400598999956856,"{""max_features"": 0.3, ""min_samples_leaf"": 1}"
md272_correct,raw,et,0,group,0,89,33,70,24,0.6988102460126184,0.8051154497169175,0.5904332566298685,0.4542377436589455,2.523538399997051,"{""max_features"": 1.0, ""min_samples_leaf"": 3}"
md272_correct,raw,et,1,group,0,93,29,70,24,0.7449938752676158,0.756312789531347,0.6538923639779908,0.4228686386446514,2.5380981999915093,"{""max_features"": 1.0, ""min_samples_leaf"": 3}"
md272_correct,raw,et,2,group,0,95,27,70,24,0.710381139365502,0.8088844087849434,0.7147760127018163,0.519013986066221,3.088620099995751,"{""max_features"": 1.0, ""min_samples_leaf"": 1}"
md272_correct,raw,et,3,group,0,96,26,70,24,0.518661180557379,0.8114775581322706,0.5656948261417849,0.40791865523382154,2.650945100001991,"{""max_features"": 1.0, ""min_samples_leaf"": 3}"
md272_correct,raw,et,4,group,0,97,25,70,24,0.526463815321001,0.747778008176329,0.8459764582245066,0.6124570893536905,2.6505867000087164,"{""max_features"": 1.0, ""min_samples_leaf"": 3}"
md272_correct,raw,et,5,group,0,90,32,70,24,0.7334370689645476,0.7400817696033848,0.5934120213912553,0.4365140818299028,2.5294660000072327,"{""max_features"": 1.0, ""min_samples_leaf"": 3}"
md272_correct,raw,et,6,group,0,92,30,70,24,0.6203109206457417,0.7254004773089378,0.6199686936555753,0.45622052439473093,2.398265199997695,"{""max_features"": 0.3, ""min_samples_leaf"": 1}"
md272_correct,raw,et,7,group,0,92,30,70,24,0.7481378654358624,0.21996520914610174,1.0713223321423642,0.796594619670737,2.2119367999985116,"{""max_features"": 0.3, ""min_samples_leaf"": 1}"
md272_correct,raw,et,8,group,0,93,29,70,24,0.807118577615358,0.7478875962986749,0.6826913209833461,0.5155246039554439,2.5088109000062104,"{""max_features"": 1.0, ""min_samples_leaf"": 1}"
md272_correct,raw,et,9,group,0,89,33,70,24,0.63315618518103,0.7947200343935179,0.5379112860155136,0.4203775476176369,1.83661120000761,"{""max_features"": 0.3, ""min_samples_leaf"": 1}"
md272_correct,raw,gbr,0,group,0,89,33,70,24,0.7112234195946077,0.7402428466413049,0.6816569452620407,0.5233391554269655,1.6760852000006707,"{""learning_rate"": 0.03, ""max_depth"": 3, ""n_estimators"": 200}"
md272_correct,raw,gbr,1,group,0,93,29,70,24,0.7715576903644715,0.7918558505813351,0.6043270049716916,0.47096671447954286,1.9009919999953127,"{""learning_rate"": 0.03, ""max_depth"": 2, ""n_estimators"": 500}"
md272_correct,raw,gbr,2,group,0,95,27,70,24,0.7181310929242983,0.7778618368645402,0.7706079738644084,0.5835318186387694,2.0482879000046523,"{""learning_rate"": 0.1, ""max_depth"": 2, ""n_estimators"": 500}"
md272_correct,raw,gbr,3,group,0,96,26,70,24,0.56544804769417,0.7380667711943434,0.666800591976193,0.511178534991592,2.546674699988216,"{""learning_rate"": 0.1, ""max_depth"": 3, ""n_estimators"": 500}"
md272_correct,raw,gbr,4,group,0,97,25,70,24,0.6268070984787757,0.8092847902324721,0.7356300594325688,0.5301651902028476,2.0853472000017064,"{""learning_rate"": 0.03, ""max_depth"": 2, ""n_estimators"": 200}"
md272_correct,raw,gbr,5,group,0,90,32,70,24,0.7493645580860159,0.8330989193393569,0.47551863777631725,0.3590802471596476,2.054776299992227,"{""learning_rate"": 0.03, ""max_depth"": 3, ""n_estimators"": 200}"
md272_correct,raw,gbr,6,group,0,92,30,70,24,0.4157305468470442,0.7228191190630542,0.6228758688584395,0.4441741221298307,1.9890005000052042,"{""learning_rate"": 0.03, ""max_depth"": 2, ""n_estimators"": 200}"
md272_correct,raw,gbr,7,group,0,92,30,70,24,0.698952550569919,0.606983671963862,0.7604461547785756,0.5599749448418813,2.331879499994102,"{""learning_rate"": 0.03, ""max_depth"": 2, ""n_estimators"": 500}"
md272_correct,raw,gbr,8,group,0,93,29,70,24,0.7714095532017181,0.705717925787595,0.7375800805001033,0.5584703668883422,2.4675650999997742,"{""learning_rate"": 0.03, ""max_depth"": 3, ""n_estimators"": 500}"
md272_correct,raw,gbr,9,group,0,89,33,70,24,0.6305506294048581,0.7827824884346981,0.5533307303592063,0.3955995957654611,1.9374679999891669,"{""learning_rate"": 0.03, ""max_depth"": 2, ""n_estimators"": 200}"
md272_correct,raw,hgb,0,group,0,89,33,70,24,0.5764716351999818,0.8239578517895664,0.5611648184469095,0.436746796466331,0.5510183000005782,"{""learning_rate"": 0.1, ""max_leaf_nodes"": 15}"
md272_correct,raw,hgb,1,group,0,93,29,70,24,0.6461022225473084,0.7922978166042922,0.603685060583901,0.4391416084672634,0.594321199998376,"{""learning_rate"": 0.1, ""max_leaf_nodes"": 15}"
md272_correct,raw,hgb,2,group,0,95,27,70,24,0.7099649215580018,0.6992547524105763,0.8966465814429098,0.6628015271605887,0.5921132999937981,"{""learning_rate"": 0.1, ""max_leaf_nodes"": 15}"
md272_correct,raw,hgb,3,group,0,96,26,70,24,0.4336197098957683,0.7519904487716206,0.6488359155680181,0.5172290955015524,0.5999898000009125,"{""learning_rate"": 0.1, ""max_leaf_nodes"": 15}"
md272_correct,raw,hgb,4,group,0,97,25,70,24,0.5120598214829231,0.869583646906767,0.6083210264327106,0.46526732938115095,0.6046738000004552,"{""learning_rate"": 0.1, ""max_leaf_nodes"": 15}"
md272_correct,raw,hgb,5,group,0,90,32,70,24,0.6941361293129649,0.6536849988689646,0.6849732654768038,0.5492343868203551,0.3637497999879997,"{""learning_rate"": 0.1, ""max_leaf_nodes"": 15}"
md272_correct,raw,hgb,6,group,0,92,30,70,24,0.4982549132681996,0.7927834086903048,0.5385575682047793,0.4264223771468583,0.2946974000078626,"{""learning_rate"": 0.1, ""max_leaf_nodes"": 15}"
md272_correct,raw,hgb,7,group,0,92,30,70,24,0.6731673433832663,0.535599516686823,0.8266268408889199,0.6579350934781287,0.45841800000926014,"{""learning_rate"": 0.1, ""max_leaf_nodes"": 15}"
md272_correct,raw,hgb,8,group,0,93,29,70,24,0.6986468158381289,0.6918281631815302,0.754785847928473,0.5256363977496591,0.6462921000056667,"{""learning_rate"": 0.03, ""max_leaf_nodes"": 15}"
md272_correct,raw,hgb,9,group,0,89,33,70,24,0.519722206760158,0.6757650011675087,0.6760321019341574,0.4799773778624233,0.3631652000040049,"{""learning_rate"": 0.03, ""max_leaf_nodes"": 15}"
md272_correct,raw,xgb,0,group,0,89,33,70,24,0.6608706198436001,0.792471953597612,0.609285025835388,0.4828424547898393,0.9812385000113863,"{""learning_rate"": 0.03, ""max_depth"": 4, ""n_estimators"": 500}"
md272_correct,raw,xgb,1,group,0,93,29,70,24,0.7632621149042461,0.7753660013662105,0.6278091506417132,0.4419110574134818,0.808132400008617,"{""learning_rate"": 0.03, ""max_depth"": 4, ""n_estimators"": 200}"
md272_correct,raw,xgb,2,group,0,95,27,70,24,0.7600517533472706,0.7876911582937152,0.7533658865510978,0.5378119565450484,0.7109676999971271,"{""learning_rate"": 0.03, ""max_depth"": 2, ""n_estimators"": 200}"
md272_correct,raw,xgb,3,group,0,96,26,70,24,0.5661873693723567,0.7318944235314648,0.6746112853629982,0.5381195164781495,1.0651802999927895,"{""learning_rate"": 0.03, ""max_depth"": 4, ""n_estimators"": 500}"
md272_correct,raw,xgb,4,group,0,97,25,70,24,0.6075540488245628,0.8096548689674884,0.734915975747468,0.5352003469401466,0.7447025000001304,"{""learning_rate"": 0.03, ""max_depth"": 2, ""n_estimators"": 200}"
md272_correct,raw,xgb,5,group,0,90,32,70,24,0.7745403087543388,0.7720567259724349,0.5557140284125611,0.4427344205184708,0.7431586999882711,"{""learning_rate"": 0.03, ""max_depth"": 2, ""n_estimators"": 500}"
md272_correct,raw,xgb,6,group,0,92,30,70,24,0.58448055934346,0.7977927347216297,0.5320081047072831,0.4258131336141357,0.6012622999987798,"{""learning_rate"": 0.1, ""max_depth"": 2, ""n_estimators"": 200}"
md272_correct,raw,xgb,7,group,0,92,30,70,24,0.7449658530761657,0.5057736645760544,0.8527586102435674,0.6190161189142659,0.6476475999952527,"{""learning_rate"": 0.03, ""max_depth"": 2, ""n_estimators"": 500}"
md272_correct,raw,xgb,8,group,0,93,29,70,24,0.7556567849247872,0.7089223270428044,0.7335533796150824,0.5491292190748249,0.565371699995012,"{""learning_rate"": 0.03, ""max_depth"": 2, ""n_estimators"": 200}"
md272_correct,raw,xgb,9,group,0,89,33,70,24,0.6360256413465132,0.7978857877323363,0.5337474336939706,0.4013283196026649,0.6005121999914991,"{""learning_rate"": 0.03, ""max_depth"": 4, ""n_estimators"": 200}"
md272_correct,raw,lgbm,0,group,0,89,33,70,24,0.6080380925458398,0.78861683501016,0.6149181387395469,0.4996510679208409,0.2844909999985248,"{""learning_rate"": 0.1, ""n_estimators"": 500, ""num_leaves"": 15}"
md272_correct,raw,lgbm,1,group,0,93,29,70,24,0.6591702925662821,0.7662454775835223,0.6404274058748594,0.4812880084809112,0.20449750000261702,"{""learning_rate"": 0.03, ""n_estimators"": 200, ""num_leaves"": 15}"
md272_correct,raw,lgbm,2,group,0,95,27,70,24,0.7008259575248474,0.7472240256073205,0.8220340497422963,0.6240856889521319,0.21527129999594763,"{""learning_rate"": 0.1, ""n_estimators"": 200, ""num_leaves"": 15}"
md272_correct,raw,lgbm,3,group,0,96,26,70,24,0.4493052785983928,0.7753725545969455,0.6174930693962649,0.4953393225345622,0.24990089998755138,"{""learning_rate"": 0.03, ""n_estimators"": 200, ""num_leaves"": 15}"
md272_correct,raw,lgbm,4,group,0,97,25,70,24,0.4826374718638444,0.8407925973061617,0.6721224949480159,0.500908489260565,0.20089110000117216,"{""learning_rate"": 0.03, ""n_estimators"": 200, ""num_leaves"": 15}"
md272_correct,raw,lgbm,5,group,0,90,32,70,24,0.6860152054758804,0.6418169264074003,0.6966112737945028,0.5626188355695094,0.19966610000119545,"{""learning_rate"": 0.03, ""n_estimators"": 200, ""num_leaves"": 15}"
md272_correct,raw,lgbm,6,group,0,92,30,70,24,0.4852988676072941,0.6621919493690063,0.6876300830875168,0.5289727752782996,0.22134279999590944,"{""learning_rate"": 0.03, ""n_estimators"": 500, ""num_leaves"": 15}"
md272_correct,raw,lgbm,7,group,0,92,30,70,24,0.7017772997314262,0.28706613234294087,1.0242071290943575,0.8331272372397993,0.2364949000038905,"{""learning_rate"": 0.03, ""n_estimators"": 500, ""num_leaves"": 15}"
md272_correct,raw,lgbm,8,group,0,93,29,70,24,0.6843198134937051,0.6741125187793874,0.7761776158460173,0.5775080794110501,0.21878700000524987,"{""learning_rate"": 0.03, ""n_estimators"": 200, ""num_leaves"": 15}"
md272_correct,raw,lgbm,9,group,0,89,33,70,24,0.5728844319241473,0.6882620086229851,0.6628759150681263,0.4759370689341017,0.1997226999956183,"{""learning_rate"": 0.03, ""n_estimators"": 200, ""num_leaves"": 15}"
