dataset,variant,model,repeat,inner,inner_leak_rows,n_train,n_test,n_train_groups,n_test_groups,r2_cv,r2_test,rmse_test,mae_test,seconds,best
md_core89,pca,nusvr,0,group,0,89,33,70,24,0.6970379906941706,0.7861277073295965,0.6185280056824065,0.4708524497348123,10.233630400005495,"{""C"": 10.0, ""kernel"": ""rbf"", ""n_components"": 15, ""nu"": 0.1}"
md_core89,pca,nusvr,1,group,0,93,29,70,24,0.6841726284301993,0.7544600662319842,0.6563733879967137,0.4553712616819899,8.896780399998534,"{""C"": 1.0, ""kernel"": ""rbf"", ""n_components"": 21, ""nu"": 0.9}"
md_core89,pca,nusvr,2,group,0,95,27,70,24,0.7379667569483767,0.6457790489094595,0.9731034959307765,0.7631285535854547,9.093769600003725,"{""C"": 0.1, ""kernel"": ""linear"", ""n_components"": 17, ""nu"": 0.5}"
md_core89,pca,nusvr,3,group,0,96,26,70,24,0.569643852313906,0.7717942440739152,0.6223919625269576,0.4720569062885139,9.42979799999739,"{""C"": 10.0, ""kernel"": ""rbf"", ""n_components"": 22, ""nu"": 0.1}"
md_core89,pca,nusvr,4,group,0,97,25,70,24,0.6204507768903771,0.7263946604466114,0.8811078824361342,0.696485749401427,9.772472700002254,"{""C"": 1.0, ""kernel"": ""linear"", ""n_components"": 17, ""nu"": 0.3}"
md_core89,pca,nusvr,5,group,0,90,32,70,24,0.7361213468983033,0.675071669803905,0.6634859927376648,0.5144255384014682,9.062836600001901,"{""C"": 0.1, ""kernel"": ""linear"", ""n_components"": 17, ""nu"": 0.9}"
md_core89,pca,nusvr,6,group,0,92,30,70,24,0.589801417404296,0.6822064706707425,0.6669486467864922,0.4885950841242488,9.743379899999127,"{""C"": 1.0, ""kernel"": ""rbf"", ""n_components"": 17, ""nu"": 0.9}"
md_core89,pca,nusvr,7,group,0,92,30,70,24,0.7809760019711778,0.3944852907096943,0.9438989873183568,0.7376036369126875,9.47393560000637,"{""C"": 10.0, ""kernel"": ""rbf"", ""n_components"": 15, ""nu"": 0.1}"
md_core89,pca,nusvr,8,group,0,93,29,70,24,0.7799866653860847,0.6515812576190058,0.8025609593048708,0.5984305103718542,9.861177800004953,"{""C"": 10.0, ""kernel"": ""rbf"", ""n_components"": 15, ""nu"": 0.1}"
md_core89,pca,nusvr,9,group,0,89,33,70,24,0.7100612233669554,0.7079671291854618,0.6415835823569976,0.5215694880714091,9.405037199991057,"{""C"": 10.0, ""kernel"": ""rbf"", ""n_components"": 15, ""nu"": 0.1}"
md_core89,pca,svr,0,group,0,89,33,70,24,0.6615534388557582,0.749888430763961,0.6688812105160785,0.46733993083319797,0.1812913000030676,"{""C"": 10.0, ""epsilon"": 0.1, ""n_components"": 15}"
md_core89,pca,svr,1,group,0,93,29,70,24,0.6830019662015289,0.7581954370457329,0.651361587474718,0.4484552006308514,0.1826341000123648,"{""C"": 1.0, ""epsilon"": 0.05, ""n_components"": 21}"
md_core89,pca,svr,2,group,0,95,27,70,24,0.7133076778176421,0.7722105768749494,0.7803486578612964,0.6312218657126516,0.17580219999945257,"{""C"": 10.0, ""epsilon"": 0.1, ""n_components"": 20}"
md_core89,pca,svr,3,group,0,96,26,70,24,0.5009523432790971,0.730320683018095,0.6765883231562744,0.526289840870403,0.1676459000009345,"{""C"": 10.0, ""epsilon"": 0.1, ""n_components"": 22}"
md_core89,pca,svr,4,group,0,97,25,70,24,0.6129686372264447,0.8034865045615442,0.7467289562440925,0.5346576842693846,0.17432009999174625,"{""C"": 10.0, ""epsilon"": 0.1, ""n_components"": 15}"
md_core89,pca,svr,5,group,0,90,32,70,24,0.7347445861236557,0.6816898956137243,0.6566942018440356,0.5194417582808751,0.20316760000423528,"{""C"": 1.0, ""epsilon"": 0.1, ""n_components"": 19}"
md_core89,pca,svr,6,group,0,92,30,70,24,0.5909465844885624,0.6896796748742249,0.6590600415966011,0.48755833598581805,0.17159559999709018,"{""C"": 1.0, ""epsilon"": 0.05, ""n_components"": 17}"
md_core89,pca,svr,7,group,0,92,30,70,24,0.7636522161622421,0.36004671250794507,0.9703698819491333,0.7486987402724107,0.1698599999945145,"{""C"": 10.0, ""epsilon"": 0.1, ""n_components"": 15}"
md_core89,pca,svr,8,group,0,93,29,70,24,0.7649787480327136,0.6254350053235129,0.8321294049573049,0.644227336596222,0.1787563000107184,"{""C"": 10.0, ""epsilon"": 0.1, ""n_components"": 15}"
md_core89,pca,svr,9,group,0,89,33,70,24,0.6956567459521809,0.6571620404249154,0.6951552773513918,0.5558905684311772,0.17043729999568313,"{""C"": 10.0, ""epsilon"": 0.1, ""n_components"": 15}"
md_core89,pca,ridge,0,group,0,89,33,70,24,0.5974799817512678,0.7754344286129995,0.6338021281224762,0.4805403565723507,0.1874021000112407,"{""alpha"": 10.0, ""n_components"": 22}"
md_core89,pca,ridge,1,group,0,93,29,70,24,0.6909414116724916,0.7120008074382369,0.7108623821995285,0.5122582418901568,0.1630258000077447,"{""alpha"": 100.0, ""n_components"": 22}"
md_core89,pca,ridge,2,group,0,95,27,70,24,0.7370576627880373,0.6738877727939796,0.9336958997168479,0.7432905862253928,0.21298080000269692,"{""alpha"": 10.0, ""n_components"": 20}"
md_core89,pca,ridge,3,group,0,96,26,70,24,0.3925641386981029,0.79287871833711,0.5929431290998591,0.45497653412519423,0.18274770000425633,"{""alpha"": 100.0, ""n_components"": 22}"
md_core89,pca,ridge,4,group,0,97,25,70,24,0.5906730190249542,0.7099601773042012,0.9071844923218728,0.6720251358793206,0.1701145999977598,"{""alpha"": 100.0, ""n_components"": 17}"
md_core89,pca,ridge,5,group,0,90,32,70,24,0.714211894364826,0.7234926576859279,0.6120562023215739,0.48517928291108336,0.16842669999459758,"{""alpha"": 10.0, ""n_components"": 17}"
md_core89,pca,ridge,6,group,0,92,30,70,24,0.5357354669139196,0.7437943996327437,0.5988446582755859,0.4641111146146759,0.20820320000348147,"{""alpha"": 100.0, ""n_components"": 20}"
md_core89,pca,ridge,7,group,0,92,30,70,24,0.7526147296678877,0.15836871284467957,1.1128179113833905,0.8639194370602998,0.1683199999970384,"{""alpha"": 10.0, ""n_components"": 17}"
md_core89,pca,ridge,8,group,0,93,29,70,24,0.7162938112979825,0.6099922235987753,0.8491099077939781,0.6607471676581986,0.1731397000112338,"{""alpha"": 100.0, ""n_components"": 22}"
md_core89,pca,ridge,9,group,0,89,33,70,24,0.6464974883138691,0.6690054777988834,0.6830425778055501,0.5248612500992844,0.20831299999554176,"{""alpha"": 100.0, ""n_components"": 22}"
md_core89,pca,enet,0,group,0,89,33,70,24,0.5977086320502593,0.7882609810453338,0.6154355144759992,0.46291314250198007,0.3405096000060439,"{""alpha"": 0.1, ""l1_ratio"": 0.15, ""n_components"": 22}"
md_core89,pca,enet,1,group,0,93,29,70,24,0.6926743412350783,0.7145992460297563,0.7076482802507189,0.5291313130548648,0.3309731000044849,"{""alpha"": 0.1, ""l1_ratio"": 0.15, ""n_components"": 22}"
md_core89,pca,enet,2,group,0,95,27,70,24,0.7363590255897514,0.6448928925289574,0.9743199446246515,0.7882031741514651,0.3760148000001209,"{""alpha"": 0.01, ""l1_ratio"": 0.85, ""n_components"": 17}"
md_core89,pca,enet,3,group,0,96,26,70,24,0.4211752674499145,0.7869549988490324,0.6013625138696088,0.48069780760577563,0.32504350000817794,"{""alpha"": 1.0, ""l1_ratio"": 0.15, ""n_components"": 21}"
md_core89,pca,enet,4,group,0,97,25,70,24,0.5875262199486542,0.7366616446010223,0.864418119284189,0.6557717171049592,0.3332025999989128,"{""alpha"": 0.1, ""l1_ratio"": 0.85, ""n_components"": 17}"
md_core89,pca,enet,5,group,0,90,32,70,24,0.7174010579650195,0.6917583339375668,0.6462248300084908,0.5016904465043348,0.33796479999728035,"{""alpha"": 0.1, ""l1_ratio"": 0.5, ""n_components"": 17}"
md_core89,pca,enet,6,group,0,92,30,70,24,0.5197379210740516,0.7607068633516738,0.5787419881113757,0.4541974793919818,0.3668474000005517,"{""alpha"": 0.1, ""l1_ratio"": 0.15, ""n_components"": 20}"
md_core89,pca,enet,7,group,0,92,30,70,24,0.766971388832263,0.27505447402322103,1.0327991178893168,0.7948957580591506,0.32262590000755154,"{""alpha"": 0.1, ""l1_ratio"": 0.5, ""n_components"": 17}"
md_core89,pca,enet,8,group,0,93,29,70,24,0.7239810224538941,0.5602832184539398,0.9015997766433073,0.7081184194303058,0.3267053999879863,"{""alpha"": 0.1, ""l1_ratio"": 0.5, ""n_components"": 22}"
md_core89,pca,enet,9,group,0,89,33,70,24,0.6525316450045555,0.5746428878046881,0.7743088492724652,0.5889582846163705,0.3535528000065824,"{""alpha"": 1.0, ""l1_ratio"": 0.15, ""n_components"": 15}"
md_core89,pca,knn,0,group,0,89,33,70,24,0.6568619085947633,0.7658653180535901,0.6471649389306864,0.4974005621593856,0.2957777999981772,"{""n_components"": 20, ""n_neighbors"": 3, ""weights"": ""distance""}"
md_core89,pca,knn,1,group,0,93,29,70,24,0.7063966089996112,0.6207377518314728,0.8157549261600558,0.5170653996040376,0.1802243999991333,"{""n_components"": 17, ""n_neighbors"": 10, ""weights"": ""distance""}"
md_core89,pca,knn,2,group,0,95,27,70,24,0.7065111860379608,0.6997889512441673,0.8958498931305373,0.6105678253472644,0.1782792000012705,"{""n_components"": 17, ""n_neighbors"": 3, ""weights"": ""distance""}"
md_core89,pca,knn,3,group,0,96,26,70,24,0.5194326974222434,0.7656521857802161,0.6307120552921377,0.47017961650984724,0.18034030000853818,"{""n_components"": 22, ""n_neighbors"": 3, ""weights"": ""distance""}"
md_core89,pca,knn,4,group,0,97,25,70,24,0.5660508010768442,0.7584376495641691,0.827906753951738,0.6037537827714017,0.17989800000214018,"{""n_components"": 20, ""n_neighbors"": 5, ""weights"": ""distance""}"
md_core89,pca,knn,5,group,0,90,32,70,24,0.7385192235018913,0.5384528911709049,0.7907623560461292,0.5381005696340954,0.17125289999239612,"{""n_components"": 15, ""n_neighbors"": 10, ""weights"": ""distance""}"
md_core89,pca,knn,6,group,0,92,30,70,24,0.5855077898265013,0.6046363182509046,0.7439063344784437,0.5559951570777005,0.17731780000030994,"{""n_components"": 17, ""n_neighbors"": 10, ""weights"": ""distance""}"
md_core89,pca,knn,7,group,0,92,30,70,24,0.7953594509820393,0.08350418400739601,1.1612571865542876,0.8174252068853202,0.17491899999731686,"{""n_components"": 21, ""n_neighbors"": 5, ""weights"": ""distance""}"
md_core89,pca,knn,8,group,0,93,29,70,24,0.7912257229810541,0.4587465820203698,1.0002938556331185,0.6094135120725362,0.1794380000064848,"{""n_components"": 19, ""n_neighbors"": 5, ""weights"": ""distance""}"
md_core89,pca,knn,9,group,0,89,33,70,24,0.6564147197260329,0.7120111081055751,0.6371258729586331,0.4836734616748453,0.16800390000571497,"{""n_components"": 17, ""n_neighbors"": 10, ""weights"": ""distance""}"
md_core89,pca,pls,0,group,0,89,33,70,24,0.5870767631691741,0.7477850100395498,0.6716879437562074,0.5032847187498307,0.09375469999213237,"{""n_components"": 22}"
md_core89,pca,pls,1,group,0,93,29,70,24,0.6638040044859126,0.682768376889058,0.7460675212753358,0.556225744641444,0.12198379999608733,"{""n_components"": 22}"
md_core89,pca,pls,2,group,0,95,27,70,24,0.7349203416302588,0.6468866748079571,0.9715808890235144,0.7868425594175188,0.08916090001002885,"{""n_components"": 17}"
md_core89,pca,pls,3,group,0,96,26,70,24,0.26170959962138524,0.7301852615731843,0.6767581787272483,0.5362040149035627,0.0914109000004828,"{""n_components"": 19}"
md_core89,pca,pls,4,group,0,97,25,70,24,0.5655061088284897,0.7549130298057265,0.8339248465086777,0.6699772947128244,0.08966310000687372,"{""n_components"": 17}"
md_core89,pca,pls,5,group,0,90,32,70,24,0.6972752537762681,0.7298918107579773,0.6049323988966704,0.4862246149327527,0.08355419999861624,"{""n_components"": 17}"
md_core89,pca,pls,6,group,0,92,30,70,24,0.5132599167353954,0.7546860259812534,0.585977599912732,0.4622929874494658,0.0827663000090979,"{""n_components"": 20}"
md_core89,pca,pls,7,group,0,92,30,70,24,0.7442042951646476,0.1481748585342294,1.1195368635536231,0.8712622851961742,0.0901092999993125,"{""n_components"": 15}"
md_core89,pca,pls,8,group,0,93,29,70,24,0.7086694207420792,0.6355250363747782,0.8208449408440953,0.6359391405475636,0.09296599999652244,"{""n_components"": 22}"
md_core89,pca,pls,9,group,0,89,33,70,24,0.5999532302982847,0.6476151364544638,0.7047677066126008,0.5462857572894471,0.09120429999893531,"{""n_components"": 15}"
md_core89,pca,rf,0,group,0,89,33,70,24,0.4770790913732935,0.7110139813230199,0.7189861454266104,0.5307179018688488,3.6935724999930244,"{""max_features"": 0.3, ""min_samples_leaf"": 1, ""n_components"": 15}"
md_core89,pca,rf,1,group,0,93,29,70,24,0.513580791759435,0.6459138011327535,0.7882144591322904,0.5520872023800332,3.5715027999976883,"{""max_features"": 0.3, ""min_samples_leaf"": 3, ""n_components"": 20}"
md_core89,pca,rf,2,group,0,95,27,70,24,0.6423396162423083,0.6390823041941166,0.9822589585228094,0.6743940172986675,3.7089334999909624,"{""max_features"": 1.0, ""min_samples_leaf"": 1, ""n_components"": 19}"
md_core89,pca,rf,3,group,0,96,26,70,24,0.2413966337829269,0.7529198074801422,0.6476190929323502,0.4918270392767266,3.658692900004098,"{""max_features"": 1.0, ""min_samples_leaf"": 3, ""n_components"": 22}"
md_core89,pca,rf,4,group,0,97,25,70,24,0.4100706871434566,0.5788014351370934,1.0932267341755457,0.7584732365264008,3.664992300007725,"{""max_features"": 0.3, ""min_samples_leaf"": 1, ""n_components"": 15}"
md_core89,pca,rf,5,group,0,90,32,70,24,0.5881525297986354,0.665635554144058,0.6730510635526936,0.47332211553349923,3.605643800008693,"{""max_features"": 1.0, ""min_samples_leaf"": 1, ""n_components"": 15}"
md_core89,pca,rf,6,group,0,92,30,70,24,0.4502009786127787,0.7752013506126642,0.5609403994626193,0.3990454922205992,3.5723732999904314,"{""max_features"": 0.3, ""min_samples_leaf"": 1, ""n_components"": 17}"
md_core89,pca,rf,7,group,0,92,30,70,24,0.6564171303165021,0.240160682341376,1.057362861916893,0.7496118214132778,3.5888385999860475,"{""max_features"": 1.0, ""min_samples_leaf"": 3, ""n_components"": 15}"
md_core89,pca,rf,8,group,0,93,29,70,24,0.5877620580401038,0.48173633818884876,0.9788195947380893,0.6102691269768965,3.5759683000069344,"{""max_features"": 0.3, ""min_samples_leaf"": 1, ""n_components"": 17}"
md_core89,pca,rf,9,group,0,89,33,70,24,0.6350212150698662,0.3293588520689974,0.9722601182556629,0.6520298995456952,3.7595384000014747,"{""max_features"": 1.0, ""min_samples_leaf"": 1, ""n_components"": 15}"
md_core89,pca,et,0,group,0,89,33,70,24,0.5952118357611381,0.7774122056274186,0.6310049685464176,0.5096550166884249,2.3196868999948492,"{""max_features"": ""sqrt"", ""min_samples_leaf"": 1, ""n_components"": 17}"
md_core89,pca,et,1,group,0,93,29,70,24,0.6756589729707532,0.7489507829690094,0.6636962031344991,0.46656082374082974,2.4997949000098743,"{""max_features"": 1.0, ""min_samples_leaf"": 3, ""n_components"": 22}"
md_core89,pca,et,2,group,0,95,27,70,24,0.7022203992069187,0.7217879638489195,0.8624022238557304,0.5789152745615576,2.515889399990556,"{""max_features"": 1.0, ""min_samples_leaf"": 1, ""n_components"": 21}"
md_core89,pca,et,3,group,0,96,26,70,24,0.4495599221419252,0.8260567765010591,0.5433809835562731,0.4165023336818842,2.4532156999921426,"{""max_features"": 1.0, ""min_samples_leaf"": 3, ""n_components"": 22}"
md_core89,pca,et,4,group,0,97,25,70,24,0.601055330370548,0.7612956484894603,0.8229945708196411,0.6050924742390416,2.6481543999980204,"{""max_features"": 1.0, ""min_samples_leaf"": 1, ""n_components"": 17}"
md_core89,pca,et,5,group,0,90,32,70,24,0.7245847602834476,0.6947912618497691,0.643037722907876,0.48438493748175127,2.533534000001964,"{""max_features"": 1.0, ""min_samples_leaf"": 1, ""n_components"": 15}"
md_core89,pca,et,6,group,0,92,30,70,24,0.5778092047341561,0.7353583215223285,0.6086238848445821,0.4497921331034663,2.5818699000083143,"{""max_features"": 1.0, ""min_samples_leaf"": 1, ""n_components"": 17}"
md_core89,pca,et,7,group,0,92,30,70,24,0.7861087784652379,0.3254838157583462,0.9962294102171471,0.7264487423352669,2.579169299991918,"{""max_features"": 1.0, ""min_samples_leaf"": 1, ""n_components"": 17}"
md_core89,pca,et,8,group,0,93,29,70,24,0.7486895556244324,0.5482720541817008,0.9138307221108447,0.6045007258762404,2.578578499989817,"{""max_features"": 1.0, ""min_samples_leaf"": 3, ""n_components"": 22}"
md_core89,pca,et,9,group,0,89,33,70,24,0.7219026891671337,0.654821455383457,0.6975241842939319,0.5228559237343019,2.593671800001175,"{""max_features"": 1.0, ""min_samples_leaf"": 1, ""n_components"": 22}"
md_core89,pca,gbr,0,group,0,89,33,70,24,0.4281434764677449,0.6433074410545402,0.798783583311402,0.5539528494905772,2.0874309000064386,"{""learning_rate"": 0.1, ""max_depth"": 2, ""n_components"": 17, ""n_estimators"": 200}"
md_core89,pca,gbr,1,group,0,93,29,70,24,0.5231745304030649,0.5631185607532337,0.8755313363794318,0.5523586649549441,2.31574659999751,"{""learning_rate"": 0.1, ""max_depth"": 2, ""n_components"": 15, ""n_estimators"": 500}"
md_core89,pca,gbr,2,group,0,95,27,70,24,0.6255216517050195,0.6357052273896706,0.9868437163064623,0.6853778715875805,2.2631406000000425,"{""learning_rate"": 0.1, ""max_depth"": 3, ""n_components"": 15, ""n_estimators"": 200}"
md_core89,pca,gbr,3,group,0,96,26,70,24,0.2087851114161028,0.7515929498869867,0.649355670335244,0.49570790923096897,2.3930025000008754,"{""learning_rate"": 0.1, ""max_depth"": 3, ""n_components"": 22, ""n_estimators"": 500}"
md_core89,pca,gbr,4,group,0,97,25,70,24,0.5647525598475698,0.5945325257341122,1.0726173388643083,0.8094902820939018,2.3090394000028027,"{""learning_rate"": 0.1, ""max_depth"": 2, ""n_components"": 20, ""n_estimators"": 500}"
md_core89,pca,gbr,5,group,0,90,32,70,24,0.6031560894068386,0.7203648985624368,0.6155081560664831,0.44051915768615824,2.1753644999989774,"{""learning_rate"": 0.03, ""max_depth"": 2, ""n_components"": 15, ""n_estimators"": 200}"
md_core89,pca,gbr,6,group,0,92,30,70,24,0.48621526756598177,0.5958397970825312,0.7521364641039512,0.5047457329032692,2.23538230000122,"{""learning_rate"": 0.03, ""max_depth"": 2, ""n_components"": 15, ""n_estimators"": 200}"
md_core89,pca,gbr,7,group,0,92,30,70,24,0.6775933842145985,0.2659863831167879,1.0392385055493152,0.7306513055622189,2.19188060000306,"{""learning_rate"": 0.03, ""max_depth"": 3, ""n_components"": 15, ""n_estimators"": 200}"
md_core89,pca,gbr,8,group,0,93,29,70,24,0.6292945334681234,0.24281317529191848,1.1831200095102947,0.7351573573014436,2.2008815000008326,"{""learning_rate"": 0.03, ""max_depth"": 2, ""n_components"": 17, ""n_estimators"": 500}"
md_core89,pca,gbr,9,group,0,89,33,70,24,0.6666883144837666,0.41711366988872667,0.90641964275103,0.6444035565358067,2.0887274999986403,"{""learning_rate"": 0.03, ""max_depth"": 2, ""n_components"": 22, ""n_estimators"": 200}"
md_core89,pca,hgb,0,group,0,89,33,70,24,0.4713417052248302,0.7195277237577368,0.7083160380733368,0.5305775464153641,0.21039740000560414,"{""learning_rate"": 0.03, ""max_leaf_nodes"": 15, ""n_components"": 20}"
md_core89,pca,hgb,1,group,0,93,29,70,24,0.5621449503712157,0.5303529195681354,0.9077697593985914,0.5706100004970168,0.2209776000090642,"{""learning_rate"": 0.1, ""max_leaf_nodes"": 15, ""n_components"": 15}"
md_core89,pca,hgb,2,group,0,95,27,70,24,0.47483622907990564,0.6604953219638106,0.9526750507351991,0.7099578350489948,0.24451560000306927,"{""learning_rate"": 0.1, ""max_leaf_nodes"": 15, ""n_components"": 22}"
md_core89,pca,hgb,3,group,0,96,26,70,24,0.29631166467109116,0.6328409359378162,0.7894557741436081,0.6366154112391201,0.23578390000329819,"{""learning_rate"": 0.1, ""max_leaf_nodes"": 15, ""n_components"": 15}"
md_core89,pca,hgb,4,group,0,97,25,70,24,0.48630162089005696,0.6531768217051861,0.9920209846534369,0.7870044656310822,0.25926710000203457,"{""learning_rate"": 0.1, ""max_leaf_nodes"": 15, ""n_components"": 21}"
md_core89,pca,hgb,5,group,0,90,32,70,24,0.6446174029740519,0.5181036797221206,0.8080063508769432,0.5977746934396494,0.21901970000180881,"{""learning_rate"": 0.1, ""max_leaf_nodes"": 15, ""n_components"": 15}"
md_core89,pca,hgb,6,group,0,92,30,70,24,0.3573662893120852,0.5288122902619179,0.8121137200204448,0.6250423494619006,0.24827119999099523,"{""learning_rate"": 0.1, ""max_leaf_nodes"": 15, ""n_components"": 20}"
md_core89,pca,hgb,7,group,0,92,30,70,24,0.6542761043293093,0.1885819079469635,1.0926611825892962,0.8583040741032146,0.23090680000314023,"{""learning_rate"": 0.1, ""max_leaf_nodes"": 15, ""n_components"": 21}"
md_core89,pca,hgb,8,group,0,93,29,70,24,0.6113416025576022,0.5071707171279966,0.9544991095284117,0.7344377113042713,0.2535123999987263,"{""learning_rate"": 0.1, ""max_leaf_nodes"": 15, ""n_components"": 17}"
md_core89,pca,hgb,9,group,0,89,33,70,24,0.5659670219530438,0.40990914155413993,0.9120041543079637,0.6937767207268052,0.2283121999935247,"{""learning_rate"": 0.1, ""max_leaf_nodes"": 15, ""n_components"": 22}"
md_core89,pca,xgb,0,group,0,89,33,70,24,0.4415286682506867,0.560366168792374,0.8868040310083313,0.6507669925807734,3.776318899996113,"{""learning_rate"": 0.1, ""max_depth"": 2, ""n_components"": 22, ""n_estimators"": 200}"
md_core89,pca,xgb,1,group,0,93,29,70,24,0.5302622166206321,0.6569343159031973,0.7758513801061021,0.5237666883368889,0.7815303000097629,"{""learning_rate"": 0.03, ""max_depth"": 2, ""n_components"": 22, ""n_estimators"": 200}"
md_core89,pca,xgb,2,group,0,95,27,70,24,0.6863456064832054,0.6871606916058147,0.9144975976427411,0.6449298700372268,0.7820614999945974,"{""learning_rate"": 0.1, ""max_depth"": 2, ""n_components"": 15, ""n_estimators"": 200}"
md_core89,pca,xgb,3,group,0,96,26,70,24,0.34732948443937356,0.6891683000224822,0.7263790841324315,0.579369316261409,0.8111940999951912,"{""learning_rate"": 0.03, ""max_depth"": 2, ""n_components"": 22, ""n_estimators"": 500}"
md_core89,pca,xgb,4,group,0,97,25,70,24,0.5517072614581612,0.600330907916502,1.0649202467931007,0.8231052660495607,0.8144671000045491,"{""learning_rate"": 0.1, ""max_depth"": 2, ""n_components"": 17, ""n_estimators"": 500}"
md_core89,pca,xgb,5,group,0,90,32,70,24,0.6316056681433102,0.6762044944181329,0.6623283997529139,0.4898784586839676,0.7821907000034116,"{""learning_rate"": 0.1, ""max_depth"": 2, ""n_components"": 17, ""n_estimators"": 200}"
md_core89,pca,xgb,6,group,0,92,30,70,24,0.5159492270650444,0.6569642992703213,0.692930265988522,0.4673704723473632,0.7783341000031214,"{""learning_rate"": 0.03, ""max_depth"": 2, ""n_components"": 15, ""n_estimators"": 200}"
md_core89,pca,xgb,7,group,0,92,30,70,24,0.7180477130127616,0.3237053520505778,0.9975419002303016,0.73992735019729,0.8045736000058241,"{""learning_rate"": 0.1, ""max_depth"": 2, ""n_components"": 21, ""n_estimators"": 200}"
md_core89,pca,xgb,8,group,0,93,29,70,24,0.6721918851531068,0.24341354421928474,1.1826508720903322,0.8159607747392577,0.8499507999949856,"{""learning_rate"": 0.1, ""max_depth"": 2, ""n_components"": 15, ""n_estimators"": 500}"
md_core89,pca,xgb,9,group,0,89,33,70,24,0.6715862036780216,0.3400033581437072,0.964513334431302,0.6891411156099966,0.801722799995332,"{""learning_rate"": 0.03, ""max_depth"": 2, ""n_components"": 15, ""n_estimators"": 200}"
md_core89,pca,lgbm,0,group,0,89,33,70,24,0.4625852829463547,0.7111569277265131,0.7188083008429611,0.5576962390815016,0.477299000005587,"{""learning_rate"": 0.03, ""n_components"": 19, ""n_estimators"": 500, ""num_leaves"": 15}"
md_core89,pca,lgbm,1,group,0,93,29,70,24,0.578173975938617,0.620338421688478,0.8161842726477978,0.5131206105400714,0.3778753999940818,"{""learning_rate"": 0.03, ""n_components"": 15, ""n_estimators"": 200, ""num_leaves"": 15}"
md_core89,pca,lgbm,2,group,0,95,27,70,24,0.5152406981922972,0.6473945469056694,0.9708819400725834,0.7370675296909911,0.4067120999970939,"{""learning_rate"": 0.1, ""n_components"": 20, ""n_estimators"": 500, ""num_leaves"": 15}"
md_core89,pca,lgbm,3,group,0,96,26,70,24,0.3010671889070754,0.7152299591513287,0.6952609336079907,0.5628264538795802,0.3720776999980444,"{""learning_rate"": 0.03, ""n_components"": 15, ""n_estimators"": 200, ""num_leaves"": 15}"
md_core89,pca,lgbm,4,group,0,97,25,70,24,0.5108271095066925,0.6624375186551725,0.9786871530238038,0.7803993000135518,0.42038929999398533,"{""learning_rate"": 0.1, ""n_components"": 19, ""n_estimators"": 500, ""num_leaves"": 15}"
md_core89,pca,lgbm,5,group,0,90,32,70,24,0.6709060660467708,0.5292158894884043,0.7986359716712143,0.5766172306527991,0.3729405000049155,"{""learning_rate"": 0.1, ""n_components"": 17, ""n_estimators"": 200, ""num_leaves"": 15}"
md_core89,pca,lgbm,6,group,0,92,30,70,24,0.385814092975613,0.5814025371683179,0.7654523601700872,0.5611387337366289,0.3751434000005247,"{""learning_rate"": 0.03, ""n_components"": 20, ""n_estimators"": 200, ""num_leaves"": 15}"
md_core89,pca,lgbm,7,group,0,92,30,70,24,0.6020294822371018,0.2345123265351784,1.0612856015799665,0.8378185591825833,0.38223510001262184,"{""learning_rate"": 0.03, ""n_components"": 15, ""n_estimators"": 200, ""num_leaves"": 15}"
md_core89,pca,lgbm,8,group,0,93,29,70,24,0.5890202494166195,0.4537546014861433,1.0048961236644383,0.7610604755991615,0.37807980000798125,"{""learning_rate"": 0.03, ""n_components"": 17, ""n_estimators"": 200, ""num_leaves"": 15}"
md_core89,pca,lgbm,9,group,0,89,33,70,24,0.555179171659964,0.40245801730705666,0.917744066099042,0.669529469623574,0.3781557000038447,"{""learning_rate"": 0.03, ""n_components"": 22, ""n_estimators"": 200, ""num_leaves"": 15}"
md_core89,raw,nusvr,0,group,0,89,33,70,24,0.6615799291271042,0.8083065914614425,0.5855792724311042,0.4908508925611126,2.057976800002507,"{""C"": 10.0, ""kernel"": ""rbf"", ""nu"": 0.1}"
md_core89,raw,nusvr,1,group,0,93,29,70,24,0.7169419482075474,0.7329653990284848,0.6845003378904038,0.5381195034775428,2.3856068999884883,"{""C"": 0.1, ""kernel"": ""linear"", ""nu"": 0.5}"
md_core89,raw,nusvr,2,group,0,95,27,70,24,0.7186591643940924,0.7332333034463732,0.8444767862704404,0.6715371419663652,2.613339100003941,"{""C"": 0.1, ""kernel"": ""linear"", ""nu"": 0.9}"
md_core89,raw,nusvr,3,group,0,96,26,70,24,0.5526115282624359,0.7298401986956118,0.6771907894712498,0.5249111815395687,2.6716592000011588,"{""C"": 10.0, ""kernel"": ""rbf"", ""nu"": 0.1}"
md_core89,raw,nusvr,4,group,0,97,25,70,24,0.581348715765922,0.7073100389297262,0.9113196099688893,0.6665862606820764,2.681371599988779,"{""C"": 1.0, ""kernel"": ""rbf"", ""nu"": 0.5}"
md_core89,raw,nusvr,5,group,0,90,32,70,24,0.7063509932415564,0.6780420433021339,0.6604463593575548,0.5566156557362932,2.5668214000033913,"{""C"": 10.0, ""kernel"": ""rbf"", ""nu"": 0.1}"
md_core89,raw,nusvr,6,group,0,92,30,70,24,0.5408633723128757,0.7556805769267557,0.584788559501332,0.4481106003547878,2.6274529000074835,"{""C"": 1.0, ""kernel"": ""rbf"", ""nu"": 0.9}"
md_core89,raw,nusvr,7,group,0,92,30,70,24,0.7534642129572923,0.3798097101402106,0.9552689298262192,0.7145083610584728,2.619418599992059,"{""C"": 0.1, ""kernel"": ""linear"", ""nu"": 0.1}"
md_core89,raw,nusvr,8,group,0,93,29,70,24,0.7306362365127346,0.6613464581670598,0.7912342645668835,0.604888801768761,2.439617600000929,"{""C"": 10.0, ""kernel"": ""rbf"", ""nu"": 0.1}"
md_core89,raw,nusvr,9,group,0,89,33,70,24,0.6782504130080589,0.7000463918285624,0.6502261306239369,0.5084893017205911,2.408364899994922,"{""C"": 10.0, ""kernel"": ""rbf"", ""nu"": 0.1}"
md_core89,raw,svr,0,group,0,89,33,70,24,0.6449112848113618,0.7943266250030656,0.6065563353622776,0.48634485942605754,0.042959200000041164,"{""C"": 10.0, ""epsilon"": 0.1}"
md_core89,raw,svr,1,group,0,93,29,70,24,0.6774556143326781,0.7502411725250646,0.6619883109494583,0.45923709033028465,0.041439799999352545,"{""C"": 1.0, ""epsilon"": 0.05}"
md_core89,raw,svr,2,group,0,95,27,70,24,0.6821387599236861,0.7632877978843484,0.7954854366531616,0.6263694010284563,0.04420270000991877,"{""C"": 10.0, ""epsilon"": 0.1}"
md_core89,raw,svr,3,group,0,96,26,70,24,0.49777113761208325,0.6865549033538774,0.7294263010346768,0.5603039797837516,0.04217400000197813,"{""C"": 10.0, ""epsilon"": 0.1}"
md_core89,raw,svr,4,group,0,97,25,70,24,0.5794741751316412,0.7025320913670965,0.9187278089779406,0.6718654478498067,0.041240899998229,"{""C"": 1.0, ""epsilon"": 0.1}"
md_core89,raw,svr,5,group,0,90,32,70,24,0.7055437297553582,0.685462764551268,0.6527907651498582,0.529029137689827,0.04446079999615904,"{""C"": 1.0, ""epsilon"": 0.1}"
md_core89,raw,svr,6,group,0,92,30,70,24,0.534868563105535,0.7596689218087629,0.5799957858178083,0.44357516612457304,0.04363329999614507,"{""C"": 1.0, ""epsilon"": 0.05}"
md_core89,raw,svr,7,group,0,92,30,70,24,0.7503254027985948,0.3731937569250241,0.9603506354582777,0.7639987355359317,0.043110800004797056,"{""C"": 10.0, ""epsilon"": 0.1}"
md_core89,raw,svr,8,group,0,93,29,70,24,0.7256517156921529,0.6607053331157409,0.7919828766177616,0.6248856164824366,0.04234240000369027,"{""C"": 10.0, ""epsilon"": 0.1}"
md_core89,raw,svr,9,group,0,89,33,70,24,0.6680313174244515,0.671262587769361,0.6807097000786585,0.5226367002461815,0.04189490000135265,"{""C"": 10.0, ""epsilon"": 0.1}"
md_core89,raw,ridge,0,group,0,89,33,70,24,0.6441034169115958,0.7902396679136401,0.6125531631134563,0.48332388156806677,0.04130740000982769,"{""alpha"": 10.0}"
md_core89,raw,ridge,1,group,0,93,29,70,24,0.7275934909422598,0.7527373590864437,0.6586719198896491,0.5016690143046019,0.041402500006370246,"{""alpha"": 10.0}"
md_core89,raw,ridge,2,group,0,95,27,70,24,0.7187519686546816,0.7527999701592485,0.8129169326905624,0.6454628077541145,0.04068679999909364,"{""alpha"": 10.0}"
md_core89,raw,ridge,3,group,0,96,26,70,24,0.42823113372126864,0.8033889548876285,0.5777030153491517,0.44131941422978105,0.040055300007225014,"{""alpha"": 100.0}"
md_core89,raw,ridge,4,group,0,97,25,70,24,0.5877103432356998,0.7289893181999947,0.8769200633624136,0.6441174195269815,0.04205540000111796,"{""alpha"": 100.0}"
md_core89,raw,ridge,5,group,0,90,32,70,24,0.7129594451478689,0.6770743889258193,0.661438110486092,0.49423020360221537,0.04069799999706447,"{""alpha"": 100.0}"
md_core89,raw,ridge,6,group,0,92,30,70,24,0.5382095000017815,0.7425399689748859,0.6003088960334735,0.4640003304370531,0.041451800003414974,"{""alpha"": 100.0}"
md_core89,raw,ridge,7,group,0,92,30,70,24,0.7503459101525572,0.30297375064090215,1.0127161553698585,0.7723120527951673,0.04097560000082012,"{""alpha"": 100.0}"
md_core89,raw,ridge,8,group,0,93,29,70,24,0.7199775893007496,0.6284026417175286,0.8288264157249786,0.6479772383496695,0.04013019999547396,"{""alpha"": 100.0}"
md_core89,raw,ridge,9,group,0,89,33,70,24,0.64989355789244,0.6879576972321546,0.6631993781885833,0.5089279100451686,0.0414335000095889,"{""alpha"": 100.0}"
md_core89,raw,enet,0,group,0,89,33,70,24,0.6887886830370016,0.7973506451581691,0.6020807175979689,0.48297567950295445,0.09756609999749344,"{""alpha"": 0.1, ""l1_ratio"": 0.15}"
md_core89,raw,enet,1,group,0,93,29,70,24,0.7191597730064844,0.7479913027139578,0.6649632776209277,0.4975377431117116,0.09722159999364521,"{""alpha"": 0.1, ""l1_ratio"": 0.15}"
md_core89,raw,enet,2,group,0,95,27,70,24,0.72532692168323,0.6965843340836833,0.9006185971805141,0.7007048675114679,0.1056895999936387,"{""alpha"": 0.1, ""l1_ratio"": 0.5}"
md_core89,raw,enet,3,group,0,96,26,70,24,0.48693483591314274,0.7667417726432237,0.6292441170762225,0.49811303652891065,0.09666009999637026,"{""alpha"": 0.1, ""l1_ratio"": 0.5}"
md_core89,raw,enet,4,group,0,97,25,70,24,0.5458673934417282,0.7984915378538171,0.7561595586781821,0.5684828992203047,0.10790640000777785,"{""alpha"": 0.1, ""l1_ratio"": 0.15}"
md_core89,raw,enet,5,group,0,90,32,70,24,0.7029819610610935,0.7087885945065874,0.6281193310389174,0.46075123577850646,0.1175612000079127,"{""alpha"": 0.1, ""l1_ratio"": 0.5}"
md_core89,raw,enet,6,group,0,92,30,70,24,0.5470472578361513,0.7443174743521435,0.5982330390444885,0.4577501094336975,0.09807209999416955,"{""alpha"": 0.1, ""l1_ratio"": 0.5}"
md_core89,raw,enet,7,group,0,92,30,70,24,0.7617959871296875,0.24649594206495262,1.0529456848470098,0.8050061749685569,0.09605330000340473,"{""alpha"": 0.1, ""l1_ratio"": 0.5}"
md_core89,raw,enet,8,group,0,93,29,70,24,0.7453417015284739,0.6107254596785406,0.848311345607775,0.658783427351313,0.09712109999964014,"{""alpha"": 0.1, ""l1_ratio"": 0.85}"
md_core89,raw,enet,9,group,0,89,33,70,24,0.6325523558469469,0.7041171538969866,0.645798849566679,0.507329734718313,0.10177560000738595,"{""alpha"": 0.1, ""l1_ratio"": 0.85}"
md_core89,raw,knn,0,group,0,89,33,70,24,0.6436773311058729,0.7137550563650688,0.7155681762736318,0.5146435026624127,0.04180849999829661,"{""n_neighbors"": 3, ""weights"": ""distance""}"
md_core89,raw,knn,1,group,0,93,29,70,24,0.6994749982086577,0.6385744996864555,0.7963413975311326,0.49999719858529484,0.04134749999502674,"{""n_neighbors"": 10, ""weights"": ""distance""}"
md_core89,raw,knn,2,group,0,95,27,70,24,0.6889225370831535,0.7306504588542563,0.8485550655961445,0.5912723088346026,0.04127129999687895,"{""n_neighbors"": 3, ""weights"": ""distance""}"
md_core89,raw,knn,3,group,0,96,26,70,24,0.5219393318773582,0.7639222726432149,0.6330356761418766,0.48042098809092776,0.04274019999138545,"{""n_neighbors"": 3, ""weights"": ""distance""}"
md_core89,raw,knn,4,group,0,97,25,70,24,0.5860018572953714,0.7262204491826632,0.8813883493520287,0.6379591648455163,0.0746930000022985,"{""n_neighbors"": 5, ""weights"": ""distance""}"
md_core89,raw,knn,5,group,0,90,32,70,24,0.7091366736555907,0.5386950798995906,0.7905548595024412,0.5232265426426935,0.04089649999514222,"{""n_neighbors"": 10, ""weights"": ""distance""}"
md_core89,raw,knn,6,group,0,92,30,70,24,0.5718844348904614,0.6432740963985354,0.7066220639989362,0.5337446874520761,0.04033179998805281,"{""n_neighbors"": 10, ""weights"": ""distance""}"
md_core89,raw,knn,7,group,0,92,30,70,24,0.781224895809502,-0.06847709608081787,1.253850564699399,0.8641693484958882,0.04066810000222176,"{""n_neighbors"": 5, ""weights"": ""distance""}"
md_core89,raw,knn,8,group,0,93,29,70,24,0.7625958044071185,0.43220988772990376,1.0245217621724894,0.5869323191812618,0.04224560000875499,"{""n_neighbors"": 5, ""weights"": ""distance""}"
md_core89,raw,knn,9,group,0,89,33,70,24,0.661585800227918,0.7322534947562451,0.6143265409856246,0.47267427279928614,0.04192779998993501,"{""n_neighbors"": 10, ""weights"": ""distance""}"
md_core89,raw,pls,0,group,0,89,33,70,24,0.645101596435147,0.7908616904355594,0.6116442573414667,0.4808583644663654,0.028869700006907806,"{""n_components"": 5}"
md_core89,raw,pls,1,group,0,93,29,70,24,0.6729505656796981,0.7489903043030717,0.6636439600084902,0.5016362745983397,0.027924699999857694,"{""n_components"": 5}"
md_core89,raw,pls,2,group,0,95,27,70,24,0.7381115672104972,0.7158619157917803,0.8715386156309989,0.7051754870206994,0.028699000002234243,"{""n_components"": 5}"
md_core89,raw,pls,3,group,0,96,26,70,24,0.4096743496954841,0.7213542698175217,0.6877441022226044,0.5161651941156964,0.02882069999759551,"{""n_components"": 5}"
md_core89,raw,pls,4,group,0,97,25,70,24,0.5813020937855231,0.7472037906021592,0.8469389008281472,0.6347507222803788,0.028105200006393716,"{""n_components"": 2}"
md_core89,raw,pls,5,group,0,90,32,70,24,0.6803869638465434,0.6467600107867293,0.6917878030772219,0.5006589090166392,0.028553199997986667,"{""n_components"": 2}"
md_core89,raw,pls,6,group,0,92,30,70,24,0.48336667704846475,0.7139092354723187,0.6328077506575833,0.4752803534706453,0.028568099995027296,"{""n_components"": 2}"
md_core89,raw,pls,7,group,0,92,30,70,24,0.7451191796837803,0.17770360014722597,1.0999611991053218,0.8668068114761944,0.02895110000099521,"{""n_components"": 5}"
md_core89,raw,pls,8,group,0,93,29,70,24,0.7084206210598747,0.4989330375314699,0.9624433133439261,0.7724395549567674,0.028110400002333336,"{""n_components"": 2}"
md_core89,raw,pls,9,group,0,89,33,70,24,0.649988607648887,0.6173370755327527,0.7344218113897061,0.5628216350837824,0.028197899999213405,"{""n_components"": 2}"
md_core89,raw,rf,0,group,0,89,33,70,24,0.6837707520017322,0.8297270514277036,0.5518930616639779,0.44128168699559517,1.1242226000031224,"{""max_features"": 0.3, ""min_samples_leaf"": 3}"
md_core89,raw,rf,1,group,0,93,29,70,24,0.7653624173310625,0.7866252783255936,0.6118731292589502,0.4497161231898605,1.1622915000043577,"{""max_features"": 0.3, ""min_samples_leaf"": 1}"
md_core89,raw,rf,2,group,0,95,27,70,24,0.7488005915071819,0.7462051595652969,0.823689073138012,0.5901476136466209,1.1978759999910835,"{""max_features"": 0.3, ""min_samples_leaf"": 3}"
md_core89,raw,rf,3,group,0,96,26,70,24,0.5684752159535734,0.7683494083178517,0.6270719657764893,0.4812853060842481,1.2207217999966815,"{""max_features"": 0.3, ""min_samples_leaf"": 3}"
md_core89,raw,rf,4,group,0,97,25,70,24,0.6320281505274382,0.7900515351611321,0.7718326637775171,0.5527473617266376,1.1710172000020975,"{""max_features"": 0.3, ""min_samples_leaf"": 1}"
md_core89,raw,rf,5,group,0,90,32,70,24,0.7578941340399926,0.7704296401043226,0.5576938776052732,0.4257049356686896,1.1297187000018312,"{""max_features"": 0.3, ""min_samples_leaf"": 1}"
md_core89,raw,rf,6,group,0,92,30,70,24,0.5911551998291456,0.8296956962553559,0.4882392414246554,0.36966915170830933,1.0991800999909174,"{""max_features"": 0.3, ""min_samples_leaf"": 3}"
md_core89,raw,rf,7,group,0,92,30,70,24,0.7548363468621764,0.4767663453998131,0.87742702458849,0.6471165351960678,1.1205279999994673,"{""max_features"": ""sqrt"", ""min_samples_leaf"": 1}"
md_core89,raw,rf,8,group,0,93,29,70,24,0.7910683573245801,0.7248011428007489,0.7132644655235629,0.5345344973276515,1.165449100008118,"{""max_features"": 0.3, ""min_samples_leaf"": 1}"
md_core89,raw,rf,9,group,0,89,33,70,24,0.6707611490039805,0.7805461771035221,0.5561717793445926,0.42366887892581506,1.112857600004645,"{""max_features"": ""sqrt"", ""min_samples_leaf"": 1}"
md_core89,raw,et,0,group,0,89,33,70,24,0.6919331130596728,0.8230864670122309,0.5625519489414232,0.434913545736727,1.0018665999959921,"{""max_features"": 1.0, ""min_samples_leaf"": 1}"
md_core89,raw,et,1,group,0,93,29,70,24,0.7844524154424544,0.7543299867624782,0.6565472281451946,0.44347132107965515,0.8772765000030631,"{""max_features"": 1.0, ""min_samples_leaf"": 3}"
md_core89,raw,et,2,group,0,95,27,70,24,0.7433715716872686,0.7915366907308474,0.7465118813134896,0.5528288079163084,0.8916850999958115,"{""max_features"": 1.0, ""min_samples_leaf"": 3}"
md_core89,raw,et,3,group,0,96,26,70,24,0.6155345607711277,0.8189174589409363,0.5544201022009813,0.42975843295648536,0.9139820999989752,"{""max_features"": 1.0, ""min_samples_leaf"": 3}"
md_core89,raw,et,4,group,0,97,25,70,24,0.612585548929235,0.7962642789251363,0.7603269641528323,0.5544249549653602,1.0231155000074068,"{""max_features"": 1.0, ""min_samples_leaf"": 1}"
md_core89,raw,et,5,group,0,90,32,70,24,0.778479899470753,0.7470590511887092,0.5853930215699311,0.42531460099231483,0.9958328999928199,"{""max_features"": 1.0, ""min_samples_leaf"": 1}"
md_core89,raw,et,6,group,0,92,30,70,24,0.6368910033556047,0.7500092268666362,0.5915369264460317,0.4392819053879316,0.8469373999978416,"{""max_features"": 0.3, ""min_samples_leaf"": 1}"
md_core89,raw,et,7,group,0,92,30,70,24,0.7790418808994692,0.3768219866864999,0.957567136002193,0.7011090841697988,0.8444285000005038,"{""max_features"": 0.3, ""min_samples_leaf"": 1}"
md_core89,raw,et,8,group,0,93,29,70,24,0.8129903142177616,0.7143886626248945,0.7266327978004697,0.5607955404677892,0.9950583999889204,"{""max_features"": 1.0, ""min_samples_leaf"": 1}"
md_core89,raw,et,9,group,0,89,33,70,24,0.6816139957756461,0.7835444139230155,0.5523594294304477,0.4205429702895121,0.7835685000027297,"{""max_features"": ""sqrt"", ""min_samples_leaf"": 1}"
md_core89,raw,gbr,0,group,0,89,33,70,24,0.7046755546880414,0.7851000478405679,0.6200122429228558,0.49675165101729685,0.7503275999915786,"{""learning_rate"": 0.03, ""max_depth"": 3, ""n_estimators"": 200}"
md_core89,raw,gbr,1,group,0,93,29,70,24,0.7592011084820995,0.7827344584681832,0.6174265827470322,0.4753134617824982,0.7247525000129826,"{""learning_rate"": 0.03, ""max_depth"": 2, ""n_estimators"": 200}"
md_core89,raw,gbr,2,group,0,95,27,70,24,0.7138048967460152,0.7831198387526374,0.761433226512407,0.5413598584361969,0.9058847999986028,"{""learning_rate"": 0.03, ""max_depth"": 2, ""n_estimators"": 500}"
md_core89,raw,gbr,3,group,0,96,26,70,24,0.5222239260899297,0.7749731638898714,0.6180417812124467,0.4897339463364503,0.9645601999945939,"{""learning_rate"": 0.03, ""max_depth"": 3, ""n_estimators"": 500}"
md_core89,raw,gbr,4,group,0,97,25,70,24,0.6516634772990006,0.823649654499416,0.7073835555360103,0.5154877303940631,0.7393921000038972,"{""learning_rate"": 0.03, ""max_depth"": 2, ""n_estimators"": 200}"
md_core89,raw,gbr,5,group,0,90,32,70,24,0.7422570114386241,0.8271510392168147,0.4839175309796474,0.3593482209127288,0.9088508999993792,"{""learning_rate"": 0.03, ""max_depth"": 3, ""n_estimators"": 500}"
md_core89,raw,gbr,6,group,0,92,30,70,24,0.35848644568071875,0.7043896120769362,0.6432498836174344,0.4594619487503016,0.7497277000074973,"{""learning_rate"": 0.03, ""max_depth"": 2, ""n_estimators"": 200}"
md_core89,raw,gbr,7,group,0,92,30,70,24,0.7294665289847986,0.6194303876937214,0.7483077192691178,0.5448844282582391,0.85995680000633,"{""learning_rate"": 0.03, ""max_depth"": 2, ""n_estimators"": 500}"
md_core89,raw,gbr,8,group,0,93,29,70,24,0.7786765170636293,0.6879513040072165,0.7595186828226838,0.5924135115710448,0.858619999999064,"{""learning_rate"": 0.1, ""max_depth"": 2, ""n_estimators"": 500}"
md_core89,raw,gbr,9,group,0,89,33,70,24,0.6384710620216607,0.7793767998687943,0.557651613498705,0.43379667819737316,0.8672225999907823,"{""learning_rate"": 0.1, ""max_depth"": 2, ""n_estimators"": 500}"
md_core89,raw,hgb,0,group,0,89,33,70,24,0.5835885743322372,0.8257871952588469,0.5582415297957538,0.43416140291657557,0.0809399999998277,"{""learning_rate"": 0.1, ""max_leaf_nodes"": 15}"
md_core89,raw,hgb,1,group,0,93,29,70,24,0.6361823914261009,0.7235115497520576,0.696511665586803,0.48053821689901943,0.08142230000521522,"{""learning_rate"": 0.03, ""max_leaf_nodes"": 15}"
md_core89,raw,hgb,2,group,0,95,27,70,24,0.7130841952367883,0.6930616265094445,0.9058316773349875,0.6601803611909666,0.08173879999958444,"{""learning_rate"": 0.1, ""max_leaf_nodes"": 15}"
md_core89,raw,hgb,3,group,0,96,26,70,24,0.43325724491367906,0.733216114998404,0.6729464009876382,0.5205356607185532,0.08089620000100695,"{""learning_rate"": 0.1, ""max_leaf_nodes"": 15}"
md_core89,raw,hgb,4,group,0,97,25,70,24,0.534648188892819,0.8587950008012559,0.6329826970841392,0.48115154099377433,0.08285690000047907,"{""learning_rate"": 0.1, ""max_leaf_nodes"": 15}"
md_core89,raw,hgb,5,group,0,90,32,70,24,0.6940065479972491,0.6606134969625499,0.6780867414851195,0.540149367969737,0.07982920001086313,"{""learning_rate"": 0.1, ""max_leaf_nodes"": 15}"
md_core89,raw,hgb,6,group,0,92,30,70,24,0.5306611435313832,0.7854286406471029,0.5480317840910727,0.44494494393397943,0.08226080000167713,"{""learning_rate"": 0.1, ""max_leaf_nodes"": 15}"
md_core89,raw,hgb,7,group,0,92,30,70,24,0.6940780712018295,0.5554828807737662,0.8087371941316505,0.6294589336195942,0.08011929999338463,"{""learning_rate"": 0.1, ""max_leaf_nodes"": 15}"
md_core89,raw,hgb,8,group,0,93,29,70,24,0.7122148217697776,0.6935309603917781,0.7526976824859203,0.5644035106847288,0.08104410000669304,"{""learning_rate"": 0.1, ""max_leaf_nodes"": 15}"
md_core89,raw,hgb,9,group,0,89,33,70,24,0.5422104130525474,0.6854851931186202,0.665821663319722,0.4862482212681919,0.08022089999576565,"{""learning_rate"": 0.1, ""max_leaf_nodes"": 15}"
md_core89,raw,xgb,0,group,0,89,33,70,24,0.6681460813641023,0.7779979242413957,0.63017420688408,0.4923209518706942,0.28928199999791104,"{""learning_rate"": 0.03, ""max_depth"": 2, ""n_estimators"": 200}"
md_core89,raw,xgb,1,group,0,93,29,70,24,0.7657331813174013,0.7644671760918115,0.642858835197374,0.4515341535956612,0.3448599999974249,"{""learning_rate"": 0.03, ""max_depth"": 4, ""n_estimators"": 200}"
md_core89,raw,xgb,2,group,0,95,27,70,24,0.7652129023995963,0.8030437249150655,0.7256159515296737,0.5437337306413211,0.343259900007979,"{""learning_rate"": 0.03, ""max_depth"": 2, ""n_estimators"": 500}"
md_core89,raw,xgb,3,group,0,96,26,70,24,0.5735360598729373,0.7325782608221654,0.6737503952202656,0.5266126235438233,0.475443000002997,"{""learning_rate"": 0.03, ""max_depth"": 4, ""n_estimators"": 500}"
md_core89,raw,xgb,4,group,0,97,25,70,24,0.6233566655477498,0.8167052476257277,0.7211769175042205,0.5336810813606544,0.3090686000068672,"{""learning_rate"": 0.03, ""max_depth"": 2, ""n_estimators"": 200}"
md_core89,raw,xgb,5,group,0,90,32,70,24,0.7726364163012652,0.7323889547788716,0.6021296128479224,0.4646291676746598,0.37161940000078175,"{""learning_rate"": 0.1, ""max_depth"": 4, ""n_estimators"": 500}"
md_core89,raw,xgb,6,group,0,92,30,70,24,0.551446359720516,0.746171516608414,0.596060095547048,0.47538457138566076,0.29630570000153966,"{""learning_rate"": 0.1, ""max_depth"": 2, ""n_estimators"": 200}"
md_core89,raw,xgb,7,group,0,92,30,70,24,0.7652516504860584,0.5863149699367516,0.7801858584578498,0.5873347481155193,0.35881059999519493,"{""learning_rate"": 0.1, ""max_depth"": 4, ""n_estimators"": 500}"
md_core89,raw,xgb,8,group,0,93,29,70,24,0.773259626547971,0.7055656174321024,0.7377709264385964,0.5640311150369073,0.28885559999616817,"{""learning_rate"": 0.1, ""max_depth"": 2, ""n_estimators"": 200}"
md_core89,raw,xgb,9,group,0,89,33,70,24,0.654961442785513,0.7696176556229044,0.5698518597134653,0.43148233946905334,0.2742253000033088,"{""learning_rate"": 0.1, ""max_depth"": 2, ""n_estimators"": 200}"
md_core89,raw,lgbm,0,group,0,89,33,70,24,0.6170847182702263,0.7707578643312784,0.6403675682924578,0.5349746818885056,0.12497459999576677,"{""learning_rate"": 0.1, ""n_estimators"": 500, ""num_leaves"": 15}"
md_core89,raw,lgbm,1,group,0,93,29,70,24,0.641513352105818,0.7637979032339214,0.6437715376307228,0.4741289480942029,0.11095070000737906,"{""learning_rate"": 0.03, ""n_estimators"": 200, ""num_leaves"": 15}"
md_core89,raw,lgbm,2,group,0,95,27,70,24,0.7190427259058338,0.730755089888883,0.8483902355056931,0.6399943844401205,0.13609460000589024,"{""learning_rate"": 0.03, ""n_estimators"": 500, ""num_leaves"": 15}"
md_core89,raw,lgbm,3,group,0,96,26,70,24,0.45369679888995956,0.7491102177238986,0.6525926314920736,0.49664644642774936,0.13039979999302886,"{""learning_rate"": 0.03, ""n_estimators"": 500, ""num_leaves"": 15}"
md_core89,raw,lgbm,4,group,0,97,25,70,24,0.5576338300723792,0.8487058042301897,0.655206105524389,0.5011307840580876,0.1267604000022402,"{""learning_rate"": 0.1, ""n_estimators"": 500, ""num_leaves"": 15}"
md_core89,raw,lgbm,5,group,0,90,32,70,24,0.6889847177939515,0.6341812000871246,0.7039972774628614,0.5660457213141808,0.10842039999261033,"{""learning_rate"": 0.03, ""n_estimators"": 200, ""num_leaves"": 15}"
md_core89,raw,lgbm,6,group,0,92,30,70,24,0.4982335924035833,0.6870796262816019,0.6618152812444394,0.503882918165909,0.11559900001157075,"{""learning_rate"": 0.03, ""n_estimators"": 200, ""num_leaves"": 15}"
md_core89,raw,lgbm,7,group,0,92,30,70,24,0.7244245730318946,0.33897212377264474,0.9862183038523914,0.7962469564018101,0.1251549000007799,"{""learning_rate"": 0.03, ""n_estimators"": 500, ""num_leaves"": 15}"
md_core89,raw,lgbm,8,group,0,93,29,70,24,0.6961114260232779,0.6775279659634776,0.7720995577049652,0.56865389310222,0.11281469999812543,"{""learning_rate"": 0.03, ""n_estimators"": 200, ""num_leaves"": 15}"
md_core89,raw,lgbm,9,group,0,89,33,70,24,0.6189876221978784,0.704187855118453,0.6457216881226236,0.46494707732223467,0.11027730000205338,"{""learning_rate"": 0.03, ""n_estimators"": 200, ""num_leaves"": 15}"
padel,pca,nusvr,0,group,0,89,33,70,24,0.424237418524954,0.5727919258766723,0.8741819438772938,0.5848088163538446,21.56651140000031,"{""C"": 1.0, ""kernel"": ""rbf"", ""n_components"": 20, ""nu"": 0.5}"
padel,pca,nusvr,1,group,0,93,29,70,24,0.4907165632967094,0.6942218225264372,0.7324755649911525,0.5314806060688491,15.906056799998623,"{""C"": 1.0, ""kernel"": ""poly"", ""n_components"": 20, ""nu"": 0.5}"
padel,pca,nusvr,2,group,0,95,27,70,24,0.4620809917783098,0.5153567516420285,1.138237773086221,0.7800461375552104,18.353126100002555,"{""C"": 1.0, ""kernel"": ""rbf"", ""n_components"": 15, ""nu"": 0.9}"
padel,pca,nusvr,3,group,0,96,26,70,24,0.3769136764518022,0.26028942562641955,1.1205509085142211,0.8853877658977598,20.102815499994904,"{""C"": 1.0, ""kernel"": ""rbf"", ""n_components"": 15, ""nu"": 0.9}"
padel,pca,nusvr,4,group,0,97,25,70,24,0.4099115155923533,0.5949309472017212,1.0720902203715397,0.805550985088287,16.852252099997713,"{""C"": 1.0, ""kernel"": ""rbf"", ""n_components"": 15, ""nu"": 0.5}"
padel,pca,nusvr,5,group,0,90,32,70,24,0.4997216195267377,0.5241037272909705,0.8029603879160379,0.5955023872394918,20.167207000005874,"{""C"": 1.0, ""kernel"": ""rbf"", ""n_components"": 15, ""nu"": 0.5}"
padel,pca,nusvr,6,group,0,92,30,70,24,0.3641949894664424,0.5117987662076211,0.826645501950757,0.5842199414759847,20.465629099999205,"{""C"": 1.0, ""kernel"": ""rbf"", ""n_components"": 15, ""nu"": 0.5}"
padel,pca,nusvr,7,group,0,92,30,70,24,0.519693909589108,0.15097087680525823,1.117697977692336,0.7563929674256421,18.057838699998683,"{""C"": 1.0, ""kernel"": ""poly"", ""n_components"": 15, ""nu"": 0.9}"
padel,pca,nusvr,8,group,0,93,29,70,24,0.5430288983341331,0.604999810907814,0.854527270576325,0.6473904766784099,17.85177510000358,"{""C"": 1.0, ""kernel"": ""poly"", ""n_components"": 20, ""nu"": 0.3}"
padel,pca,nusvr,9,group,0,89,33,70,24,0.5424959894959667,0.04971449731195543,1.1573492250230784,0.9393214257514562,20.320190600003116,"{""C"": 10.0, ""kernel"": ""rbf"", ""n_components"": 19, ""nu"": 0.5}"
padel,pca,svr,0,group,0,89,33,70,24,0.4162958020268482,0.5289959566863138,0.9178979999058151,0.5946195792563341,0.4337107999890577,"{""C"": 1.0, ""epsilon"": 0.1, ""n_components"": 17}"
padel,pca,svr,1,group,0,93,29,70,24,0.48022959202982013,0.5775461055766195,0.8609532237533264,0.5724920732855816,0.47949109999171924,"{""C"": 1.0, ""epsilon"": 0.1, ""n_components"": 19}"
padel,pca,svr,2,group,0,95,27,70,24,0.46182950053828814,0.6454149285049875,0.9736035169302388,0.7057431106365049,0.47595649999857415,"{""C"": 10.0, ""epsilon"": 0.05, ""n_components"": 15}"
padel,pca,svr,3,group,0,96,26,70,24,0.387191905632417,0.29187385167540714,1.0963670988983558,0.854475596036446,0.47707560000708327,"{""C"": 1.0, ""epsilon"": 0.1, ""n_components"": 15}"
padel,pca,svr,4,group,0,97,25,70,24,0.39452170038983897,0.5727618978016984,1.1010366888052179,0.7996614042873419,0.4730387999879895,"{""C"": 1.0, ""epsilon"": 0.1, ""n_components"": 15}"
padel,pca,svr,5,group,0,90,32,70,24,0.48769388286918447,0.5412505311208362,0.7883621341647966,0.5686747282234876,0.46240259999467526,"{""C"": 1.0, ""epsilon"": 0.1, ""n_components"": 17}"
padel,pca,svr,6,group,0,92,30,70,24,0.3528035984128147,0.49364115774288864,0.8418778237458923,0.6009023545563785,0.4871737000066787,"{""C"": 1.0, ""epsilon"": 0.1, ""n_components"": 15}"
padel,pca,svr,7,group,0,92,30,70,24,0.45919598761346936,0.3545123619242748,0.9745567549262542,0.6967171208156664,0.4814803000044776,"{""C"": 1.0, ""epsilon"": 0.1, ""n_components"": 15}"
padel,pca,svr,8,group,0,93,29,70,24,0.5054837932014926,0.47111036549010876,0.988803062760647,0.7098963069679204,0.4814825000066776,"{""C"": 1.0, ""epsilon"": 0.1, ""n_components"": 17}"
padel,pca,svr,9,group,0,89,33,70,24,0.54460618505495,0.055682646045645656,1.1537092076372415,0.9403703619788463,0.44034080000710674,"{""C"": 10.0, ""epsilon"": 0.1, ""n_components"": 20}"
padel,pca,ridge,0,group,0,89,33,70,24,-2.017866785123579,0.537794085051307,0.90928464097573,0.6947022996559192,0.44055529999604914,"{""alpha"": 0.01, ""n_components"": 19}"
padel,pca,ridge,1,group,0,93,29,70,24,0.4270553996609479,0.5232037960137264,0.9146528502677661,0.7099534425210694,0.4879046999994898,"{""alpha"": 1000.0, ""n_components"": 17}"
padel,pca,ridge,2,group,0,95,27,70,24,-3.5649535171448767,0.40846232842504004,1.257514826253031,0.9312122345887834,0.5356614999909652,"{""alpha"": 0.01, ""n_components"": 22}"
padel,pca,ridge,3,group,0,96,26,70,24,-1502.4113750640008,0.21053141389662045,1.157625554644739,0.9532540464380841,0.4763892000046326,"{""alpha"": 1000.0, ""n_components"": 22}"
padel,pca,ridge,4,group,0,97,25,70,24,0.20699737210797284,0.5857874982046269,1.0841226138148103,0.8214789206742934,0.48388970000087284,"{""alpha"": 1000.0, ""n_components"": 21}"
padel,pca,ridge,5,group,0,90,32,70,24,0.4557517971345863,0.42733063875405475,0.8808256305894008,0.672641121337,0.47927319999143947,"{""alpha"": 1000.0, ""n_components"": 22}"
padel,pca,ridge,6,group,0,92,30,70,24,-3.085238791868716,-0.22143466765854614,1.3075400246492908,0.8055458925164712,0.4922456000058446,"{""alpha"": 1000.0, ""n_components"": 21}"
padel,pca,ridge,7,group,0,92,30,70,24,0.43817058397862574,0.2670195997001138,1.0385068184511521,0.8437181957129737,0.4873041000100784,"{""alpha"": 1000.0, ""n_components"": 21}"
padel,pca,ridge,8,group,0,93,29,70,24,0.4326879199564271,0.45226844147256773,1.0062621965219156,0.7463102536023968,0.48535060000722297,"{""alpha"": 1000.0, ""n_components"": 15}"
padel,pca,ridge,9,group,0,89,33,70,24,0.5205042892500488,-744.314166844114,32.412091885149785,10.222324826300241,0.4463787999993656,"{""alpha"": 1000.0, ""n_components"": 22}"
padel,pca,enet,0,group,0,89,33,70,24,-0.027371644648741957,0.21815520895795448,1.1826122666422094,0.916960799498267,0.9153967999882298,"{""alpha"": 10.0, ""l1_ratio"": 0.85, ""n_components"": 15}"
padel,pca,enet,1,group,0,93,29,70,24,0.4624694544336382,0.5291403546116564,0.908940873067387,0.7133768308400744,0.9772188000060851,"{""alpha"": 1.0, ""l1_ratio"": 0.5, ""n_components"": 17}"
padel,pca,enet,2,group,0,95,27,70,24,0.16237834524004938,0.15300945674284272,1.5047390480785008,1.1112081487623529,0.9637623999878997,"{""alpha"": 10.0, ""l1_ratio"": 0.5, ""n_components"": 17}"
padel,pca,enet,3,group,0,96,26,70,24,-8.418815600762453,0.1546426948943972,1.1979007407331062,0.9758756691892001,0.9913605000037933,"{""alpha"": 10.0, ""l1_ratio"": 0.85, ""n_components"": 21}"
padel,pca,enet,4,group,0,97,25,70,24,0.1111874696114172,0.38226550056718045,1.3239382527568417,0.9632421812491004,0.9744150999904377,"{""alpha"": 10.0, ""l1_ratio"": 0.15, ""n_components"": 17}"
padel,pca,enet,5,group,0,90,32,70,24,0.4468500533090499,0.3270244715827503,0.9548553930573042,0.7255293906574132,0.9412269999884302,"{""alpha"": 1.0, ""l1_ratio"": 0.5, ""n_components"": 22}"
padel,pca,enet,6,group,0,92,30,70,24,-0.2132943819894873,0.2187034674946624,1.0457498695032756,0.7936945085180924,0.9917077999998583,"{""alpha"": 10.0, ""l1_ratio"": 0.85, ""n_components"": 15}"
padel,pca,enet,7,group,0,92,30,70,24,0.43876233548487925,0.2730101878265836,1.034254296624276,0.8371520433414152,0.9496667000057641,"{""alpha"": 1.0, ""l1_ratio"": 0.15, ""n_components"": 21}"
padel,pca,enet,8,group,0,93,29,70,24,0.4452458046167161,0.4415232158961111,1.0160845254158801,0.7721230069103132,0.9903129000012996,"{""alpha"": 1.0, ""l1_ratio"": 0.5, ""n_components"": 19}"
padel,pca,enet,9,group,0,89,33,70,24,0.5006882615273888,-460.9192867986178,25.516459907357493,8.206434460847111,1.021241700000246,"{""alpha"": 1.0, ""l1_ratio"": 0.15, ""n_components"": 22}"
padel,pca,knn,0,group,0,89,33,70,24,0.47518055439433715,0.5407863058043898,0.9063366063100162,0.6584886721272729,0.5223036999959731,"{""n_components"": 22, ""n_neighbors"": 5, ""weights"": ""uniform""}"
padel,pca,knn,1,group,0,93,29,70,24,0.5829573611371162,0.5442029098853017,0.8942844344060199,0.6191616614367816,0.561117600009311,"{""n_components"": 22, ""n_neighbors"": 3, ""weights"": ""uniform""}"
padel,pca,knn,2,group,0,95,27,70,24,0.5453470148469617,0.6407664068119443,0.9799645862311783,0.7401593972839507,0.5347235000081128,"{""n_components"": 20, ""n_neighbors"": 3, ""weights"": ""uniform""}"
padel,pca,knn,3,group,0,96,26,70,24,0.23717986930508825,0.46414863791241656,0.9537242995543752,0.755537847826923,0.5619802000001073,"{""n_components"": 15, ""n_neighbors"": 10, ""weights"": ""uniform""}"
padel,pca,knn,4,group,0,97,25,70,24,0.44319210197436726,0.6368488657855915,1.015103919405932,0.8617128284388461,0.5293035999929998,"{""n_components"": 15, ""n_neighbors"": 5, ""weights"": ""distance""}"
padel,pca,knn,5,group,0,90,32,70,24,0.5675649808232611,0.3767440805480806,0.9189061861841482,0.726507278375,0.5188884999952279,"{""n_components"": 15, ""n_neighbors"": 3, ""weights"": ""uniform""}"
padel,pca,knn,6,group,0,92,30,70,24,0.3673684389516314,0.5899707264866432,0.7575779096168572,0.5408967079799998,0.550933199992869,"{""n_components"": 22, ""n_neighbors"": 5, ""weights"": ""uniform""}"
padel,pca,knn,7,group,0,92,30,70,24,0.5114522205386081,0.45452184098710813,0.8958841526612816,0.7128268707466668,0.5483217000000877,"{""n_components"": 15, ""n_neighbors"": 5, ""weights"": ""uniform""}"
padel,pca,knn,8,group,0,93,29,70,24,0.614291703143747,0.529918833339831,0.9322098793047334,0.7031662653563219,0.5654711999959545,"{""n_components"": 22, ""n_neighbors"": 3, ""weights"": ""uniform""}"
padel,pca,knn,9,group,0,89,33,70,24,0.5925055845095601,0.2965742719485315,0.9957412473917783,0.7280128999559494,0.5076822999981232,"{""n_components"": 21, ""n_neighbors"": 5, ""weights"": ""distance""}"
padel,pca,pls,0,group,0,89,33,70,24,-2.0177902790811855,0.5377937207301535,0.9092849993350165,0.6947027660127186,0.27136369999789167,"{""n_components"": 19}"
padel,pca,pls,1,group,0,93,29,70,24,0.3972339821611703,0.5053812364557901,0.9315908005952943,0.7301988125307171,0.34813329999451526,"{""n_components"": 17}"
padel,pca,pls,2,group,0,95,27,70,24,-3.564312767274965,0.40846121968917903,1.2575160047503586,0.9312129552989522,0.33731029999034945,"{""n_components"": 22}"
padel,pca,pls,3,group,0,96,26,70,24,-5762.807847274663,0.1525401105726616,1.1993895331747437,0.9454855305507606,0.34759189999022055,"{""n_components"": 17}"
padel,pca,pls,4,group,0,97,25,70,24,0.10632977798287495,0.6383450042711091,1.0130107089215157,0.8000241321678075,0.3435407000069972,"{""n_components"": 21}"
padel,pca,pls,5,group,0,90,32,70,24,0.4049259360637773,0.4480553103203223,0.8647403991598132,0.6445603083543587,0.28019840001070406,"{""n_components"": 22}"
padel,pca,pls,6,group,0,92,30,70,24,-216.29755040810832,0.006129899012424667,1.17946398304053,0.7779128147036561,0.3075046000012662,"{""n_components"": 15}"
padel,pca,pls,7,group,0,92,30,70,24,0.40179602843885365,0.24538158745157768,1.0537239961062754,0.8548549788128199,0.297541200008709,"{""n_components"": 21}"
padel,pca,pls,8,group,0,93,29,70,24,0.3945072974065623,0.4271357453469887,1.0290894768456316,0.7695673445939591,0.34636729999328963,"{""n_components"": 15}"
padel,pca,pls,9,group,0,89,33,70,24,0.48292732535310573,-940.3543392928719,36.42620586425475,11.412711179538872,0.2799861000094097,"{""n_components"": 21}"
padel,pca,rf,0,group,0,89,33,70,24,0.30288310473985985,0.43615709489287346,1.0042946886800845,0.7330691966277127,4.668710199999623,"{""max_features"": ""sqrt"", ""min_samples_leaf"": 3, ""n_components"": 15}"
padel,pca,rf,1,group,0,93,29,70,24,0.4681869012778366,0.5651807342994948,0.8734625449121479,0.6320630825312014,4.837030299997423,"{""max_features"": 0.3, ""min_samples_leaf"": 1, ""n_components"": 15}"
padel,pca,rf,2,group,0,95,27,70,24,0.3539709170931545,0.5147041272739508,1.139003895176058,0.8284251503869574,4.6411950000037905,"{""max_features"": 1.0, ""min_samples_leaf"": 3, ""n_components"": 19}"
padel,pca,rf,3,group,0,96,26,70,24,0.24624206326219014,0.19645348329549606,1.1679014291982033,0.9405595336357563,3.98172519999207,"{""max_features"": 1.0, ""min_samples_leaf"": 1, ""n_components"": 15}"
padel,pca,rf,4,group,0,97,25,70,24,0.32174248430520125,0.3441056945868892,1.364217864440581,1.0503713287831906,4.030442899995251,"{""max_features"": 1.0, ""min_samples_leaf"": 1, ""n_components"": 21}"
padel,pca,rf,5,group,0,90,32,70,24,0.379549645011271,0.36853947677837673,0.9249346979141347,0.7168031201063247,3.744946799997706,"{""max_features"": 0.3, ""min_samples_leaf"": 3, ""n_components"": 21}"
padel,pca,rf,6,group,0,92,30,70,24,0.22575329462837684,0.1830179826553464,1.0693653782969672,0.7758216074623707,3.8527347999915946,"{""max_features"": 1.0, ""min_samples_leaf"": 3, ""n_components"": 15}"
padel,pca,rf,7,group,0,92,30,70,24,0.3505339933786741,0.4004179253619944,0.9392635989183568,0.7243200308312754,3.7977670000109356,"{""max_features"": ""sqrt"", ""min_samples_leaf"": 1, ""n_components"": 15}"
padel,pca,rf,8,group,0,93,29,70,24,0.48457710111641605,0.2614478094252777,1.1684708177768166,0.8327520125923675,3.9105714000033913,"{""max_features"": 1.0, ""min_samples_leaf"": 3, ""n_components"": 15}"
padel,pca,rf,9,group,0,89,33,70,24,0.5706452224405119,-0.07034251389791413,1.22828390546485,0.9805836092780156,4.494800000000396,"{""max_features"": 1.0, ""min_samples_leaf"": 1, ""n_components"": 22}"
padel,pca,et,0,group,0,89,33,70,24,0.350683566876976,0.5007141902907846,0.9450542018887308,0.6820901943523922,3.1097178000054555,"{""max_features"": 0.3, ""min_samples_leaf"": 3, ""n_components"": 20}"
padel,pca,et,1,group,0,93,29,70,24,0.5022360827421006,0.666475345540547,0.7649866724568665,0.5740422657714048,3.263486499999999,"{""max_features"": 1.0, ""min_samples_leaf"": 3, ""n_components"": 17}"
padel,pca,et,2,group,0,95,27,70,24,0.41209004028821916,0.5330179954596819,1.1173056191265145,0.8239738424634184,3.2942646000010427,"{""max_features"": 1.0, ""min_samples_leaf"": 3, ""n_components"": 17}"
padel,pca,et,3,group,0,96,26,70,24,0.25452715548863597,0.20456591240317357,1.1619910357164809,0.9553679698650582,3.3495275000022957,"{""max_features"": ""sqrt"", ""min_samples_leaf"": 1, ""n_components"": 15}"
padel,pca,et,4,group,0,97,25,70,24,0.3642966923678722,0.48512034185237596,1.2087031925346805,0.9586048722462022,3.4074408000014955,"{""max_features"": 1.0, ""min_samples_leaf"": 3, ""n_components"": 21}"
padel,pca,et,5,group,0,90,32,70,24,0.4153466831498852,0.510629680357569,0.8142481531429479,0.6268154378845282,3.2483825999952387,"{""max_features"": 1.0, ""min_samples_leaf"": 3, ""n_components"": 21}"
padel,pca,et,6,group,0,92,30,70,24,0.2673258366978346,0.38990526804540226,0.9240990166627404,0.6535452489655277,2.6924379000120098,"{""max_features"": 1.0, ""min_samples_leaf"": 3, ""n_components"": 15}"
padel,pca,et,7,group,0,92,30,70,24,0.39350643179495154,0.2878012302606848,1.0236789688140517,0.8083262381731108,2.7143981999979587,"{""max_features"": 1.0, ""min_samples_leaf"": 3, ""n_components"": 19}"
padel,pca,et,8,group,0,93,29,70,24,0.4907025565793762,0.39927016838329576,1.0538210631018186,0.7903420614084906,2.8027441000012914,"{""max_features"": 1.0, ""min_samples_leaf"": 3, ""n_components"": 15}"
padel,pca,et,9,group,0,89,33,70,24,0.5537278378275229,0.16348791713494815,1.0858591179750008,0.8677240242838954,2.8144003999914275,"{""max_features"": 0.3, ""min_samples_leaf"": 1, ""n_components"": 17}"
padel,pca,gbr,0,group,0,89,33,70,24,0.0731648674898416,0.3490112830571319,1.079117751012551,0.7489840465910003,2.5928221000067424,"{""learning_rate"": 0.03, ""max_depth"": 2, ""n_components"": 21, ""n_estimators"": 200}"
padel,pca,gbr,1,group,0,93,29,70,24,0.44903772000259884,0.722814540962557,0.6973890425174055,0.5263381381816226,2.67257910000626,"{""learning_rate"": 0.03, ""max_depth"": 2, ""n_components"": 21, ""n_estimators"": 200}"
padel,pca,gbr,2,group,0,95,27,70,24,0.329876327610872,0.6248189669329667,1.0014801548970786,0.7356195629482533,2.550900400005048,"{""learning_rate"": 0.03, ""max_depth"": 2, ""n_components"": 15, ""n_estimators"": 200}"
padel,pca,gbr,3,group,0,96,26,70,24,0.3150619444042048,0.1924631873574375,1.170797652996767,0.8971361451658628,2.5995188999950187,"{""learning_rate"": 0.03, ""max_depth"": 2, ""n_components"": 15, ""n_estimators"": 500}"
padel,pca,gbr,4,group,0,97,25,70,24,0.3107480301775599,0.3220251336380695,1.3869908602681515,0.9713408385281866,2.578476299997419,"{""learning_rate"": 0.03, ""max_depth"": 2, ""n_components"": 17, ""n_estimators"": 200}"
padel,pca,gbr,5,group,0,90,32,70,24,0.3615154725824444,0.4563489252268257,0.8582189400406547,0.6433562123171429,2.4270815000054426,"{""learning_rate"": 0.03, ""max_depth"": 2, ""n_components"": 19, ""n_estimators"": 200}"
padel,pca,gbr,6,group,0,92,30,70,24,0.15386283250541394,0.22926005085854884,1.0386609539431484,0.7224416385560162,2.7054358000023058,"{""learning_rate"": 0.03, ""max_depth"": 2, ""n_components"": 17, ""n_estimators"": 200}"
padel,pca,gbr,7,group,0,92,30,70,24,0.33456077666045275,0.03269903367284832,1.1930097202516015,0.8824825610705151,3.0458953000052134,"{""learning_rate"": 0.03, ""max_depth"": 2, ""n_components"": 15, ""n_estimators"": 200}"
padel,pca,gbr,8,group,0,93,29,70,24,0.45267202761316555,0.18972550194980975,1.2238927451022386,0.8263122866370726,3.045854399999371,"{""learning_rate"": 0.03, ""max_depth"": 2, ""n_components"": 19, ""n_estimators"": 200}"
padel,pca,gbr,9,group,0,89,33,70,24,0.563018756687778,-0.19743283799632527,1.2991609412824525,0.9943852523284129,2.9315758000011556,"{""learning_rate"": 0.03, ""max_depth"": 2, ""n_components"": 20, ""n_estimators"": 200}"
padel,pca,hgb,0,group,0,89,33,70,24,0.2943863521115896,0.3724052751631802,1.059550713158233,0.7914800463288857,0.45051100000273436,"{""learning_rate"": 0.03, ""max_leaf_nodes"": 15, ""n_components"": 20}"
padel,pca,hgb,1,group,0,93,29,70,24,0.44964866546617965,0.610208854459478,0.8270007097474322,0.641304509117505,0.5568082000099821,"{""learning_rate"": 0.1, ""max_leaf_nodes"": 15, ""n_components"": 19}"
padel,pca,hgb,2,group,0,95,27,70,24,0.2649818216710994,0.5541928858073278,1.0916801351954137,0.8124492536974839,0.5561656000063522,"{""learning_rate"": 0.1, ""max_leaf_nodes"": 15, ""n_components"": 15}"
padel,pca,hgb,3,group,0,96,26,70,24,0.03409119236834588,0.235828009163505,1.1389279114202966,0.8614643571245373,0.5543195999925956,"{""learning_rate"": 0.1, ""max_leaf_nodes"": 15, ""n_components"": 15}"
padel,pca,hgb,4,group,0,97,25,70,24,0.15538082551066823,0.4314485847408779,1.2701402378805335,0.9444877539784465,0.5882756999926642,"{""learning_rate"": 0.03, ""max_leaf_nodes"": 15, ""n_components"": 15}"
padel,pca,hgb,5,group,0,90,32,70,24,0.33571110292862577,0.25892633969451817,1.0020021607673404,0.7320473931463982,0.44563789998937864,"{""learning_rate"": 0.03, ""max_leaf_nodes"": 15, ""n_components"": 19}"
padel,pca,hgb,6,group,0,92,30,70,24,0.22451144689822228,0.38177550914872826,0.9302356375316685,0.6402235602091298,0.4809108999907039,"{""learning_rate"": 0.1, ""max_leaf_nodes"": 15, ""n_components"": 22}"
padel,pca,hgb,7,group,0,92,30,70,24,0.33172140722968035,0.09091995002603526,1.1565495259514589,0.9234554189329717,0.4794391000032192,"{""learning_rate"": 0.03, ""max_leaf_nodes"": 15, ""n_components"": 15}"
padel,pca,hgb,8,group,0,93,29,70,24,0.3749821009685172,0.23636076959268648,1.188150324127141,0.8420388746928514,0.5284403999976348,"{""learning_rate"": 0.1, ""max_leaf_nodes"": 15, ""n_components"": 17}"
padel,pca,hgb,9,group,0,89,33,70,24,0.4324306952953396,0.04671679117847849,1.159173235328323,0.9043652177565055,0.4333471000136342,"{""learning_rate"": 0.03, ""max_leaf_nodes"": 15, ""n_components"": 15}"
padel,pca,xgb,0,group,0,89,33,70,24,0.28150247998002065,0.4780581531953968,0.9662581383917164,0.7060272193171536,1.3567424999928335,"{""learning_rate"": 0.03, ""max_depth"": 2, ""n_components"": 20, ""n_estimators"": 200}"
padel,pca,xgb,1,group,0,93,29,70,24,0.4789167129852445,0.6830090410816022,0.7457844697269459,0.567137535954169,1.4448706999974092,"{""learning_rate"": 0.1, ""max_depth"": 2, ""n_components"": 17, ""n_estimators"": 200}"
padel,pca,xgb,2,group,0,95,27,70,24,0.3459884473871031,0.6030943954062654,1.0300671236283259,0.7293941614162507,1.439264300002833,"{""learning_rate"": 0.03, ""max_depth"": 2, ""n_components"": 20, ""n_estimators"": 200}"
padel,pca,xgb,3,group,0,96,26,70,24,0.25254833036912006,0.11468990081532893,1.225881208275776,0.9643131609607498,1.4351258000097005,"{""learning_rate"": 0.03, ""max_depth"": 4, ""n_components"": 15, ""n_estimators"": 200}"
padel,pca,xgb,4,group,0,97,25,70,24,0.32362939294859894,0.5092151098124389,1.180082565017872,0.9194491951618164,1.4580856999964453,"{""learning_rate"": 0.03, ""max_depth"": 2, ""n_components"": 22, ""n_estimators"": 200}"
padel,pca,xgb,5,group,0,90,32,70,24,0.33223914834054824,0.2637718878924572,0.9987209671065054,0.708773394813965,1.4014240999968024,"{""learning_rate"": 0.03, ""max_depth"": 2, ""n_components"": 19, ""n_estimators"": 200}"
padel,pca,xgb,6,group,0,92,30,70,24,0.2595046470512761,0.15926450666713565,1.0847997135307614,0.7650086044345784,1.4304841000121087,"{""learning_rate"": 0.03, ""max_depth"": 2, ""n_components"": 15, ""n_estimators"": 200}"
padel,pca,xgb,7,group,0,92,30,70,24,0.31752517564376753,0.16732913452339715,1.1068782558554486,0.8225320840782634,1.449912800002494,"{""learning_rate"": 0.03, ""max_depth"": 2, ""n_components"": 15, ""n_estimators"": 200}"
padel,pca,xgb,8,group,0,93,29,70,24,0.4947193845911732,0.39831407042926603,1.0546593397541209,0.7737910565228566,1.419664399989415,"{""learning_rate"": 0.03, ""max_depth"": 2, ""n_components"": 15, ""n_estimators"": 200}"
padel,pca,xgb,9,group,0,89,33,70,24,0.5547457957230215,-0.003861891480055446,1.189527145330161,0.9211784719222227,1.1710909999965224,"{""learning_rate"": 0.03, ""max_depth"": 2, ""n_components"": 21, ""n_estimators"": 200}"
padel,pca,lgbm,0,group,0,89,33,70,24,0.28735047818564907,0.4683908261915327,0.9751655249924875,0.7408969823309858,0.6831309999979567,"{""learning_rate"": 0.03, ""n_components"": 20, ""n_estimators"": 200, ""num_leaves"": 15}"
padel,pca,lgbm,1,group,0,93,29,70,24,0.43489664452032706,0.522936397817303,0.9149092934179616,0.6025889536042671,0.7762299000023631,"{""learning_rate"": 0.03, ""n_components"": 22, ""n_estimators"": 200, ""num_leaves"": 15}"
padel,pca,lgbm,2,group,0,95,27,70,24,0.23566057345230332,0.47753512559226263,1.1818176163223808,0.8846998933482461,0.7886164000083227,"{""learning_rate"": 0.03, ""n_components"": 15, ""n_estimators"": 500, ""num_leaves"": 15}"
padel,pca,lgbm,3,group,0,96,26,70,24,-0.0980162997488803,0.14655355184858432,1.2036183940782694,0.9064290598512396,0.7772909999912372,"{""learning_rate"": 0.03, ""n_components"": 15, ""n_estimators"": 200, ""num_leaves"": 15}"
padel,pca,lgbm,4,group,0,97,25,70,24,0.10081400888000074,0.6040988485463394,1.0598885112472134,0.8736961494565431,0.7939126000128454,"{""learning_rate"": 0.03, ""n_components"": 22, ""n_estimators"": 200, ""num_leaves"": 15}"
padel,pca,lgbm,5,group,0,90,32,70,24,0.3339594716440889,0.2526571114310714,1.0062315316630346,0.7797593352129163,0.7235053000040352,"{""learning_rate"": 0.03, ""n_components"": 17, ""n_estimators"": 200, ""num_leaves"": 15}"
padel,pca,lgbm,6,group,0,92,30,70,24,0.17133352011688863,0.3853794029464681,0.9275203047267684,0.6484435852365794,0.7530335000046762,"{""learning_rate"": 0.03, ""n_components"": 22, ""n_estimators"": 200, ""num_leaves"": 15}"
padel,pca,lgbm,7,group,0,92,30,70,24,0.22356060401057953,0.13160362528245229,1.130374032754758,0.9090237823812214,0.7205013999919174,"{""learning_rate"": 0.03, ""n_components"": 15, ""n_estimators"": 200, ""num_leaves"": 15}"
padel,pca,lgbm,8,group,0,93,29,70,24,0.3747700814055026,0.1316464840514444,1.2669969187659094,0.883206317374385,0.7760576000000583,"{""learning_rate"": 0.03, ""n_components"": 15, ""n_estimators"": 200, ""num_leaves"": 15}"
padel,pca,lgbm,9,group,0,89,33,70,24,0.42034285800292565,0.0724289363852203,1.143433650975873,0.8864216171574336,0.6994779000087874,"{""learning_rate"": 0.03, ""n_components"": 20, ""n_estimators"": 200, ""num_leaves"": 15}"
padel,raw,nusvr,0,group,0,89,33,70,24,0.380475820464128,0.5721015689818871,0.8748879861510646,0.6197382981729641,1.9640402000077302,"{""C"": 100.0, ""kernel"": ""rbf"", ""nu"": 0.9}"
padel,raw,nusvr,1,group,0,93,29,70,24,0.4935479143114798,0.6897697383481303,0.7377886623193625,0.588674957443282,2.643448000002536,"{""C"": 1.0, ""kernel"": ""poly"", ""nu"": 0.3}"
padel,raw,nusvr,2,group,0,95,27,70,24,0.3928203325163262,0.4658500733946368,1.1949603547331635,0.8240828760005475,2.257279900004505,"{""C"": 1.0, ""kernel"": ""rbf"", ""nu"": 0.9}"
padel,raw,nusvr,3,group,0,96,26,70,24,0.262489031836986,0.2039993036560227,1.1624048205221835,0.9095571443006284,2.591971400004695,"{""C"": 1.0, ""kernel"": ""rbf"", ""nu"": 0.9}"
padel,raw,nusvr,4,group,0,97,25,70,24,0.38910750612211226,0.5583216876365599,1.1194890230207046,0.8447901519182524,2.8720398000004934,"{""C"": 1.0, ""kernel"": ""poly"", ""nu"": 0.3}"
padel,raw,nusvr,5,group,0,90,32,70,24,0.46793446346765055,0.44852042870526254,0.8643759682349433,0.6014170159285046,4.768822899990482,"{""C"": 1.0, ""kernel"": ""poly"", ""nu"": 0.5}"
padel,raw,nusvr,6,group,0,92,30,70,24,0.29779051655390065,0.5231904367764718,0.8169441162975202,0.5600375781006934,3.795519699997385,"{""C"": 1.0, ""kernel"": ""rbf"", ""nu"": 0.7}"
padel,raw,nusvr,7,group,0,92,30,70,24,0.4569168006258225,0.3219137944075432,0.9988623097651224,0.7249115594740106,3.906916599997203,"{""C"": 1.0, ""kernel"": ""poly"", ""nu"": 0.3}"
padel,raw,nusvr,8,group,0,93,29,70,24,0.5432127520864934,0.6126574023911351,0.8462036719264081,0.6418906650223566,3.241665900000953,"{""C"": 1.0, ""kernel"": ""poly"", ""nu"": 0.3}"
padel,raw,nusvr,9,group,0,89,33,70,24,0.5496217096045755,-466976981649.5577,811306.7889331444,217045.84285284296,2.6844077999994624,"{""C"": 1.0, ""kernel"": ""poly"", ""nu"": 0.3}"
padel,raw,svr,0,group,0,89,33,70,24,0.3812565194540522,0.5334308833155397,0.9135663616671407,0.6008923080952807,0.10961990000214428,"{""C"": 1.0, ""epsilon"": 0.1}"
padel,raw,svr,1,group,0,93,29,70,24,0.4618259123651258,0.7134547340889681,0.7090657634629078,0.5127038049599315,0.2047805000038352,"{""C"": 10.0, ""epsilon"": 0.1}"
padel,raw,svr,2,group,0,95,27,70,24,0.39828277186935857,0.46345477631689525,1.1976366476897535,0.82273743536894,0.20264279999537393,"{""C"": 1.0, ""epsilon"": 0.1}"
padel,raw,svr,3,group,0,96,26,70,24,0.26902546033632635,0.21410189934464874,1.155004823932744,0.8993536255799841,0.21299800000269897,"{""C"": 1.0, ""epsilon"": 0.05}"
padel,raw,svr,4,group,0,97,25,70,24,0.35670873378972984,0.4780131460468625,1.21701683247429,0.9011290424072352,0.20297900000878144,"{""C"": 1.0, ""epsilon"": 0.1}"
padel,raw,svr,5,group,0,90,32,70,24,0.46380669787838824,0.5355414925707682,0.793252465095469,0.585516856553141,0.1313527000020258,"{""C"": 1.0, ""epsilon"": 0.1}"
padel,raw,svr,6,group,0,92,30,70,24,0.2997308152803004,0.5249312239428489,0.815451459343775,0.5583988289978854,0.1385195000038948,"{""C"": 1.0, ""epsilon"": 0.1}"
padel,raw,svr,7,group,0,92,30,70,24,0.37884598948806464,0.41601939805519705,0.926962962788805,0.6641007793011506,0.13677340000867844,"{""C"": 1.0, ""epsilon"": 0.1}"
padel,raw,svr,8,group,0,93,29,70,24,0.4151391946971395,0.45937598267987645,0.9997120867910029,0.7005374944624544,0.21511190000455827,"{""C"": 1.0, ""epsilon"": 0.1}"
padel,raw,svr,9,group,0,89,33,70,24,0.4893762437798873,0.0951018110110935,1.1293725630185454,0.9246859259072127,0.12580150000576396,"{""C"": 10.0, ""epsilon"": 0.1}"
padel,raw,ridge,0,group,0,89,33,70,24,-2.4461044068602398,0.3053373320053653,1.1147284514692655,0.8359613610344038,0.10929469999973662,"{""alpha"": 0.01}"
padel,raw,ridge,1,group,0,93,29,70,24,0.4707552936384213,0.6578631155681605,0.7748004167872528,0.6072715666960407,0.20309950000955723,"{""alpha"": 1000.0}"
padel,raw,ridge,2,group,0,95,27,70,24,-160.28770925431047,0.5654064667713492,1.0778629408424893,0.8264223990292761,0.2020187000016449,"{""alpha"": 1000.0}"
padel,raw,ridge,3,group,0,96,26,70,24,-20962.987698781442,0.33664320043207796,1.0611438735882701,0.8815690089133432,0.19959910000034142,"{""alpha"": 1000.0}"
padel,raw,ridge,4,group,0,97,25,70,24,0.22755421546730528,0.5765961714828112,1.0960848941975818,0.8557442261880049,0.20340679999208078,"{""alpha"": 1000.0}"
padel,raw,ridge,5,group,0,90,32,70,24,0.4743138050829193,0.577361896693445,0.7566974903840248,0.5926798387607686,0.12334890000056475,"{""alpha"": 1000.0}"
padel,raw,ridge,6,group,0,92,30,70,24,-36.7110043327752,0.315068998754383,0.9791365948135002,0.6606413867685729,0.12628720000793692,"{""alpha"": 1000.0}"
padel,raw,ridge,7,group,0,92,30,70,24,0.48003388222842264,0.3161090043357305,1.0031286035553189,0.797755279298441,0.134712999992189,"{""alpha"": 1000.0}"
padel,raw,ridge,8,group,0,93,29,70,24,0.4709705151132103,0.5566372049661334,0.9053299717952299,0.7001852590197489,0.20262199999706354,"{""alpha"": 1000.0}"
padel,raw,ridge,9,group,0,89,33,70,24,0.5329056038389806,-33.703673350578356,6.993991444160633,2.723897057824378,0.12354260000574868,"{""alpha"": 1000.0}"
padel,raw,enet,0,group,0,89,33,70,24,0.5134887557846881,0.5334339715563858,0.9135633381948174,0.6271267703164481,2.0030220999906305,"{""alpha"": 0.1, ""l1_ratio"": 0.85}"
padel,raw,enet,1,group,0,93,29,70,24,0.42972609140880813,0.6058376179090792,0.8316249004612769,0.6336243756660842,2.5932959000056144,"{""alpha"": 1.0, ""l1_ratio"": 0.15}"
padel,raw,enet,2,group,0,95,27,70,24,0.5093953212368831,0.5537170204025077,1.0922626228195955,0.8051887159947542,2.4005991999874823,"{""alpha"": 0.1, ""l1_ratio"": 0.5}"
padel,raw,enet,3,group,0,96,26,70,24,0.321863903609097,0.335381346248701,1.0621526615193495,0.8062272993036572,2.4679082999937236,"{""alpha"": 1.0, ""l1_ratio"": 0.15}"
padel,raw,enet,4,group,0,97,25,70,24,0.44153516194755993,0.6328756164863198,1.0206419564467406,0.8042801713347845,2.1641308999969624,"{""alpha"": 1.0, ""l1_ratio"": 0.15}"
padel,raw,enet,5,group,0,90,32,70,24,0.4818618017761523,0.4913616576674975,0.8301231337293741,0.6092716023212156,2.004686500004027,"{""alpha"": 1.0, ""l1_ratio"": 0.15}"
padel,raw,enet,6,group,0,92,30,70,24,0.3140069507838691,0.5841577035426723,0.7629291362128608,0.5601261244107348,2.0669469999993453,"{""alpha"": 1.0, ""l1_ratio"": 0.15}"
padel,raw,enet,7,group,0,92,30,70,24,0.590414803265662,-0.055080827913797314,1.2459655571986359,0.8593996370268442,0.9999853999906918,"{""alpha"": 0.1, ""l1_ratio"": 0.85}"
padel,raw,enet,8,group,0,93,29,70,24,0.5894679626665453,0.45835553723409805,1.000655136558316,0.6524058455207258,2.2669548999983817,"{""alpha"": 0.1, ""l1_ratio"": 0.85}"
padel,raw,enet,9,group,0,89,33,70,24,0.6351807641763701,0.1293588216137488,1.1077888133277538,0.8038241435508169,2.24428519999492,"{""alpha"": 0.1, ""l1_ratio"": 0.85}"
padel,raw,knn,0,group,0,89,33,70,24,0.48172941961900106,0.5045967256812365,0.9413725757704829,0.705128736036364,0.10596929999883287,"{""n_neighbors"": 5, ""weights"": ""uniform""}"
padel,raw,knn,1,group,0,93,29,70,24,0.4948021916463408,0.6487210163696602,0.7850837374382356,0.5273282599080459,0.22083180000481661,"{""n_neighbors"": 3, ""weights"": ""uniform""}"
padel,raw,knn,2,group,0,95,27,70,24,0.49873844966422387,0.6631673877928936,0.9489186384990509,0.7211920756296298,0.19671930000185966,"{""n_neighbors"": 3, ""weights"": ""uniform""}"
padel,raw,knn,3,group,0,96,26,70,24,0.27425824693095435,0.3765513266473294,1.0287291142603656,0.798195296717949,0.19805819999601226,"{""n_neighbors"": 3, ""weights"": ""uniform""}"
padel,raw,knn,4,group,0,97,25,70,24,0.43622745962655224,0.6558564969273419,0.9881812056602742,0.8424872936726776,0.1983260999986669,"{""n_neighbors"": 5, ""weights"": ""distance""}"
padel,raw,knn,5,group,0,90,32,70,24,0.5603503764909092,0.5365507895513386,0.792390103085295,0.62531910575625,0.10958420000679325,"{""n_neighbors"": 5, ""weights"": ""uniform""}"
padel,raw,knn,6,group,0,92,30,70,24,0.3509239419306939,0.5842903094256071,0.7628074831737357,0.5630377555266668,0.11155410000355914,"{""n_neighbors"": 5, ""weights"": ""uniform""}"
padel,raw,knn,7,group,0,92,30,70,24,0.5379169101123331,0.5005430233311652,0.8572593159240613,0.6768409049888889,0.10999440000159666,"{""n_neighbors"": 3, ""weights"": ""uniform""}"
padel,raw,knn,8,group,0,93,29,70,24,0.567633802208608,0.4760864531677319,0.984140465333053,0.7464807998689655,0.1979062000027625,"{""n_neighbors"": 5, ""weights"": ""uniform""}"
padel,raw,knn,9,group,0,89,33,70,24,0.5529397964952207,0.13837944600443564,1.10203502750951,0.8539984831419134,0.10643339999660384,"{""n_neighbors"": 10, ""weights"": ""distance""}"
padel,raw,pls,0,group,0,89,33,70,24,-4.28889614340336,0.5063765905920732,0.9396799914218472,0.7264593753240459,0.0846606000122847,"{""n_components"": 2}"
padel,raw,pls,1,group,0,93,29,70,24,0.3786656346055854,0.4965766535831404,0.9398457321643153,0.7355602292885055,0.1747795999981463,"{""n_components"": 2}"
padel,raw,pls,2,group,0,95,27,70,24,-140.4677857289163,0.48927408108071035,1.1684654075902554,0.9569733338824411,0.1666640999901574,"{""n_components"": 2}"
padel,raw,pls,3,group,0,96,26,70,24,-382.12028861279447,0.28759302999380487,1.0996760292776682,0.9170944030274094,0.1761456999956863,"{""n_components"": 2}"
padel,raw,pls,4,group,0,97,25,70,24,0.19380990673564943,0.5869646432567064,1.08258104090456,0.8335800010175354,0.17734239999845158,"{""n_components"": 5}"
padel,raw,pls,5,group,0,90,32,70,24,0.4461609049196058,0.3705224740048242,0.9234812537999867,0.741842308367642,0.08280119999835733,"{""n_components"": 2}"
padel,raw,pls,6,group,0,92,30,70,24,-5.459081474208464,0.25714170021134,1.019701036202305,0.7665661229819274,0.07639669999480247,"{""n_components"": 2}"
padel,raw,pls,7,group,0,92,30,70,24,0.46093692998063673,0.24258586073791344,1.055674121353258,0.8419979632656117,0.09049370000138879,"{""n_components"": 5}"
padel,raw,pls,8,group,0,93,29,70,24,0.42965494578350166,0.4922306060526329,0.9688589047036832,0.7822029360538791,0.17609499998798128,"{""n_components"": 5}"
padel,raw,pls,9,group,0,89,33,70,24,0.4804512859572953,-332.8988577073875,21.69425995757786,7.148455915056287,0.07368729999870993,"{""n_components"": 2}"
padel,raw,rf,0,group,0,89,33,70,24,0.40185995241535916,0.6270389414741445,0.8167964664144708,0.5948900215320062,5.178614100004779,"{""max_features"": ""sqrt"", ""min_samples_leaf"": 3}"
padel,raw,rf,1,group,0,93,29,70,24,0.5473538040352357,0.6762011321335246,0.7537504084641001,0.5440669958720681,6.316279799997574,"{""max_features"": 0.3, ""min_samples_leaf"": 3}"
padel,raw,rf,2,group,0,95,27,70,24,0.5135873468644997,0.6291724048412357,0.995652830560413,0.7501520454418071,6.941112300002715,"{""max_features"": 0.3, ""min_samples_leaf"": 3}"
padel,raw,rf,3,group,0,96,26,70,24,0.38764479701900595,0.38441030674860077,1.0222246478296853,0.8355676083703798,6.780248399998527,"{""max_features"": ""sqrt"", ""min_samples_leaf"": 3}"
padel,raw,rf,4,group,0,97,25,70,24,0.4205873334037176,0.5483754624801968,1.1320238245283205,0.9030619318376057,7.274062700002105,"{""max_features"": ""sqrt"", ""min_samples_leaf"": 3}"
padel,raw,rf,5,group,0,90,32,70,24,0.512499403142795,0.5688285176250834,0.7642984586507648,0.5720488133780497,6.05738339999516,"{""max_features"": ""sqrt"", ""min_samples_leaf"": 3}"
padel,raw,rf,6,group,0,92,30,70,24,0.3664434003421748,0.5338355782982713,0.8077731863682795,0.5446703167268174,7.273992000002181,"{""max_features"": 0.3, ""min_samples_leaf"": 3}"
padel,raw,rf,7,group,0,92,30,70,24,0.47469369572401465,0.47819556701389176,0.8762278517283734,0.7120868959184283,5.378394200000912,"{""max_features"": ""sqrt"", ""min_samples_leaf"": 3}"
padel,raw,rf,8,group,0,93,29,70,24,0.592565820061685,0.34254420463297675,1.102454194499007,0.8088939057658705,6.749009000006481,"{""max_features"": 0.3, ""min_samples_leaf"": 3}"
padel,raw,rf,9,group,0,89,33,70,24,0.6154541986596829,0.2804465570854251,1.0070914317081974,0.7805732553774539,5.526606500003254,"{""max_features"": ""sqrt"", ""min_samples_leaf"": 1}"
padel,raw,et,0,group,0,89,33,70,24,0.4340621563740659,0.6523580563753195,0.7885844164463918,0.5853971465354596,4.37774250000075,"{""max_features"": ""sqrt"", ""min_samples_leaf"": 3}"
padel,raw,et,1,group,0,93,29,70,24,0.5082879794845548,0.7132956045247786,0.7092626218279271,0.5107978154979755,4.261313199996948,"{""max_features"": ""sqrt"", ""min_samples_leaf"": 3}"
padel,raw,et,2,group,0,95,27,70,24,0.5256468350170136,0.6626006187847735,0.9497166485601471,0.7202257986875453,6.0949928000045475,"{""max_features"": 0.3, ""min_samples_leaf"": 3}"
padel,raw,et,3,group,0,96,26,70,24,0.3535210645695776,0.19945050235824735,1.1657214106154168,0.9085215407932683,5.962034099997254,"{""max_features"": 0.3, ""min_samples_leaf"": 3}"
padel,raw,et,4,group,0,97,25,70,24,0.4861027456483482,0.5518854169780956,1.1276162890690231,0.9194818685338698,5.486202499989304,"{""max_features"": ""sqrt"", ""min_samples_leaf"": 3}"
padel,raw,et,5,group,0,90,32,70,24,0.5021192894942637,0.6127267325929249,0.7243471056553069,0.5572183741582579,4.681084900003043,"{""max_features"": ""sqrt"", ""min_samples_leaf"": 3}"
padel,raw,et,6,group,0,92,30,70,24,0.3500626112563736,0.49397714728614517,0.8415984674277467,0.5958982793271647,4.55128080000577,"{""max_features"": ""sqrt"", ""min_samples_leaf"": 3}"
padel,raw,et,7,group,0,92,30,70,24,0.5067843175272216,0.42194283693946644,0.9222497898565014,0.7440706488817538,4.294479700009106,"{""max_features"": ""sqrt"", ""min_samples_leaf"": 3}"
padel,raw,et,8,group,0,93,29,70,24,0.5669042473924968,0.4902285429863116,0.9707670626249462,0.7180681904372018,5.330131100010476,"{""max_features"": 0.3, ""min_samples_leaf"": 3}"
padel,raw,et,9,group,0,89,33,70,24,0.622369030369567,0.31630941188036243,0.9816737405508441,0.7460387663574848,4.340992299999925,"{""max_features"": ""sqrt"", ""min_samples_leaf"": 3}"
padel,raw,gbr,0,group,0,89,33,70,24,0.3976526605296424,0.5680945290509587,0.8789748695907754,0.6480245809435269,6.963413699995726,"{""learning_rate"": 0.03, ""max_depth"": 2, ""n_estimators"": 200}"
padel,raw,gbr,1,group,0,93,29,70,24,0.35389399970149393,0.650211038082886,0.7834169213379593,0.5358779430928247,7.1972003000119,"{""learning_rate"": 0.03, ""max_depth"": 2, ""n_estimators"": 200}"
padel,raw,gbr,2,group,0,95,27,70,24,0.4023324482420853,0.6176700621994227,1.0109765066719025,0.7342723840676219,8.563647200004198,"{""learning_rate"": 0.03, ""max_depth"": 2, ""n_estimators"": 200}"
padel,raw,gbr,3,group,0,96,26,70,24,0.23837887593391338,0.28516275647514433,1.1015501253360453,0.9124302356342994,9.259216200007359,"{""learning_rate"": 0.03, ""max_depth"": 3, ""n_estimators"": 200}"
padel,raw,gbr,4,group,0,97,25,70,24,0.37014640852359,0.5659854885278632,1.1097340902625081,0.8680845361395901,8.839723500001128,"{""learning_rate"": 0.03, ""max_depth"": 2, ""n_estimators"": 200}"
padel,raw,gbr,5,group,0,90,32,70,24,0.47393288631305436,0.5912359604432532,0.7441736879919629,0.5352102960662874,7.34204370000225,"{""learning_rate"": 0.03, ""max_depth"": 3, ""n_estimators"": 200}"
padel,raw,gbr,6,group,0,92,30,70,24,0.3501072715246784,0.22847890522135283,1.039187162557914,0.717751799134034,7.503815000003669,"{""learning_rate"": 0.1, ""max_depth"": 3, ""n_estimators"": 200}"
padel,raw,gbr,7,group,0,92,30,70,24,0.211286068707884,0.6021861510033155,0.7650734311129903,0.5885025494771458,7.047382899996592,"{""learning_rate"": 0.03, ""max_depth"": 2, ""n_estimators"": 200}"
padel,raw,gbr,8,group,0,93,29,70,24,0.5051679827745262,0.4874271379440286,0.9734307913676264,0.7220666077481872,8.049190100005944,"{""learning_rate"": 0.03, ""max_depth"": 2, ""n_estimators"": 200}"
padel,raw,gbr,9,group,0,89,33,70,24,0.5833625272651018,0.1485709969793615,1.0954980105077963,0.8352673529953516,8.54630349999934,"{""learning_rate"": 0.03, ""max_depth"": 2, ""n_estimators"": 200}"
padel,raw,hgb,0,group,0,89,33,70,24,0.3581056788821778,0.7217983498938927,0.7054430459469648,0.5598293785125659,2.649189000003389,"{""learning_rate"": 0.1, ""max_leaf_nodes"": 15}"
padel,raw,hgb,1,group,0,93,29,70,24,0.4952678097831339,0.7379888473519294,0.678031368190355,0.5400913204593366,2.777177300013136,"{""learning_rate"": 0.1, ""max_leaf_nodes"": 15}"
padel,raw,hgb,2,group,0,95,27,70,24,0.20083255377886777,0.5734734177789602,1.0678124047133877,0.759756597668887,2.8005991999962134,"{""learning_rate"": 0.1, ""max_leaf_nodes"": 15}"
padel,raw,hgb,3,group,0,96,26,70,24,0.27484099991640226,0.4034888841695081,1.0062593968690277,0.8116011315243001,2.9682646000001114,"{""learning_rate"": 0.03, ""max_leaf_nodes"": 15}"
padel,raw,hgb,4,group,0,97,25,70,24,0.46715442273227026,0.5206404041307882,1.1662657316291583,0.974858786206225,3.1409797000087565,"{""learning_rate"": 0.1, ""max_leaf_nodes"": 15}"
padel,raw,hgb,5,group,0,90,32,70,24,0.4513683597876671,0.3639120553415677,0.9283175301603765,0.6914685016071428,2.8739113000046927,"{""learning_rate"": 0.1, ""max_leaf_nodes"": 15}"
padel,raw,hgb,6,group,0,92,30,70,24,0.2920603534440335,0.4783903552444515,0.8544618500875691,0.6642423452825558,2.967988800010062,"{""learning_rate"": 0.1, ""max_leaf_nodes"": 15}"
padel,raw,hgb,7,group,0,92,30,70,24,0.33823474707456624,0.4087642728040617,0.9327032847063049,0.7321501500449672,2.7544098000071244,"{""learning_rate"": 0.03, ""max_leaf_nodes"": 15}"
padel,raw,hgb,8,group,0,93,29,70,24,0.41278084953642724,0.3948110320010255,1.0577250175552841,0.8065287608087814,2.70394920000399,"{""learning_rate"": 0.1, ""max_leaf_nodes"": 15}"
padel,raw,hgb,9,group,0,89,33,70,24,0.4519485858147072,0.17477634236479112,1.078507595978975,0.777881610299745,2.663516399989021,"{""learning_rate"": 0.03, ""max_leaf_nodes"": 15}"
padel,raw,xgb,0,group,0,89,33,70,24,0.31435381709078236,0.620916245294269,0.8234736229183889,0.6071776969355321,4.215459999992163,"{""learning_rate"": 0.03, ""max_depth"": 2, ""n_estimators"": 200}"
padel,raw,xgb,1,group,0,93,29,70,24,0.5077711674369505,0.6942439388182221,0.7324490753044348,0.5303513400104645,4.611648300007801,"{""learning_rate"": 0.03, ""max_depth"": 2, ""n_estimators"": 200}"
padel,raw,xgb,2,group,0,95,27,70,24,0.498220513400572,0.6344719783605075,0.988512688642531,0.7000159035775463,4.75097179999284,"{""learning_rate"": 0.03, ""max_depth"": 2, ""n_estimators"": 200}"
padel,raw,xgb,3,group,0,96,26,70,24,0.3052731630504571,0.33071231410808566,1.0658770119777874,0.8844891897986968,5.336764799998491,"{""learning_rate"": 0.1, ""max_depth"": 4, ""n_estimators"": 200}"
padel,raw,xgb,4,group,0,97,25,70,24,0.4121435523839205,0.5619481658520936,1.114883668556574,0.8914563407249512,4.872864799996023,"{""learning_rate"": 0.1, ""max_depth"": 2, ""n_estimators"": 200}"
padel,raw,xgb,5,group,0,90,32,70,24,0.47434390846614594,0.6462099176115161,0.6923262468000283,0.5327094126708527,4.536229299992556,"{""learning_rate"": 0.03, ""max_depth"": 2, ""n_estimators"": 200}"
padel,raw,xgb,6,group,0,92,30,70,24,0.3674261931048736,0.41030129739735755,0.9085209717925077,0.6602031194594401,4.432589100004407,"{""learning_rate"": 0.03, ""max_depth"": 2, ""n_estimators"": 200}"
padel,raw,xgb,7,group,0,92,30,70,24,0.3283857622696398,0.5953541626491536,0.7716150857812555,0.6309014943822508,4.597935100013274,"{""learning_rate"": 0.03, ""max_depth"": 2, ""n_estimators"": 200}"
padel,raw,xgb,8,group,0,93,29,70,24,0.516279904348895,0.49904188385726655,0.96233877231842,0.6804125234556084,4.6401458000036655,"{""learning_rate"": 0.03, ""max_depth"": 2, ""n_estimators"": 200}"
padel,raw,xgb,9,group,0,89,33,70,24,0.606276318411633,0.3361400890703642,0.9673320894368305,0.757339087595237,4.0988314999995055,"{""learning_rate"": 0.03, ""max_depth"": 2, ""n_estimators"": 200}"
padel,raw,lgbm,0,group,0,89,33,70,24,0.3860472117539005,0.6906725447521127,0.7438602303349451,0.5655238439716056,0.8854108000086853,"{""learning_rate"": 0.03, ""n_estimators"": 500, ""num_leaves"": 15}"
padel,raw,lgbm,1,group,0,93,29,70,24,0.5029043740617107,0.7485155394108839,0.6642712784238577,0.5371394168068689,1.0532947000028798,"{""learning_rate"": 0.1, ""n_estimators"": 500, ""num_leaves"": 15}"
padel,raw,lgbm,2,group,0,95,27,70,24,0.11960406865359818,0.6140863453159955,1.0157035797163905,0.7397862552169441,1.0828009999968344,"{""learning_rate"": 0.03, ""n_estimators"": 500, ""num_leaves"": 15}"
padel,raw,lgbm,3,group,0,96,26,70,24,0.18324691506960308,0.46523265476459974,0.9527591283501927,0.7771380020159206,0.9117819000093732,"{""learning_rate"": 0.03, ""n_estimators"": 200, ""num_leaves"": 15}"
padel,raw,lgbm,4,group,0,97,25,70,24,0.4574086018764841,0.573599354047826,1.0999570538864647,0.9199587116272951,1.1716193999891402,"{""learning_rate"": 0.03, ""n_estimators"": 500, ""num_leaves"": 15}"
padel,raw,lgbm,5,group,0,90,32,70,24,0.42725968364526634,0.3976936555112276,0.9033305296482885,0.6811507462220523,0.7581939999945462,"{""learning_rate"": 0.03, ""n_estimators"": 200, ""num_leaves"": 15}"
padel,raw,lgbm,6,group,0,92,30,70,24,0.32923855179051265,0.4814519107813491,0.8519505542095733,0.6328997098897877,0.7647658000059891,"{""learning_rate"": 0.03, ""n_estimators"": 200, ""num_leaves"": 15}"
padel,raw,lgbm,7,group,0,92,30,70,24,0.29837058234431185,0.3546333103575663,0.9744654467216043,0.7731342562256465,0.7693841000000248,"{""learning_rate"": 0.03, ""n_estimators"": 200, ""num_leaves"": 15}"
padel,raw,lgbm,8,group,0,93,29,70,24,0.42506395263528696,0.48880854158857245,0.972118189618096,0.7355257496825849,1.0156635000021197,"{""learning_rate"": 0.03, ""n_estimators"": 500, ""num_leaves"": 15}"
padel,raw,lgbm,9,group,0,89,33,70,24,0.46498884308738403,0.16765461366119994,1.083151390442225,0.7759382656002539,0.8785815000010189,"{""learning_rate"": 0.03, ""n_estimators"": 500, ""num_leaves"": 15}"
dft,pca,nusvr,0,group,0,89,33,70,24,0.006339791341892354,0.03891735789941819,1.311180472649145,0.8766441585262132,9.213511199995992,"{""C"": 1.0, ""kernel"": ""rbf"", ""n_components"": 21, ""nu"": 0.5}"
dft,pca,nusvr,1,group,0,93,29,70,24,0.04861526987235063,0.023008306335149165,1.309288439404696,0.8436746596830544,10.616541800001869,"{""C"": 1.0, ""kernel"": ""rbf"", ""n_components"": 17, ""nu"": 0.5}"
dft,pca,nusvr,2,group,0,95,27,70,24,0.004711640490242952,-0.11287573198772805,1.7248258264354763,1.1080595178689716,8.389487199994619,"{""C"": 1.0, ""kernel"": ""rbf"", ""n_components"": 22, ""nu"": 0.5}"
dft,pca,nusvr,3,group,0,96,26,70,24,-0.24908115134993586,-0.23716842542223082,1.4491558430981133,0.9668335566230049,10.621978999988642,"{""C"": 0.1, ""kernel"": ""rbf"", ""n_components"": 20, ""nu"": 0.9}"
dft,pca,nusvr,4,group,0,97,25,70,24,-0.10019604089341094,-0.10376614690675479,1.769723170877229,1.2193398482426803,9.620778099997551,"{""C"": 0.1, ""kernel"": ""rbf"", ""n_components"": 15, ""nu"": 0.5}"
dft,pca,nusvr,5,group,0,90,32,70,24,0.09238380163311899,-0.11374806291167183,1.2283763606641982,0.9459743060679708,9.39822699999786,"{""C"": 10.0, ""kernel"": ""rbf"", ""n_components"": 21, ""nu"": 0.3}"
dft,pca,nusvr,6,group,0,92,30,70,24,0.029736132425475036,-0.8184297778521008,1.5953946741562635,1.1067652197659954,11.188950399999158,"{""C"": 1.0, ""kernel"": ""sigmoid"", ""n_components"": 22, ""nu"": 0.9}"
dft,pca,nusvr,7,group,0,92,30,70,24,0.012954800154499947,-0.1821868781245195,1.3188829035721796,1.0072881157605822,11.024175300000934,"{""C"": 1.0, ""kernel"": ""sigmoid"", ""n_components"": 20, ""nu"": 0.9}"
dft,pca,nusvr,8,group,0,93,29,70,24,0.08782009712886181,0.09021440697191985,1.2968710714346803,0.9172372433874267,8.107313499989687,"{""C"": 10.0, ""kernel"": ""rbf"", ""n_components"": 15, ""nu"": 0.3}"
dft,pca,nusvr,9,group,0,89,33,70,24,0.013945031916445161,-0.18637449899751024,1.2931481259352204,0.8350426331354518,8.987924300003215,"{""C"": 1.0, ""kernel"": ""sigmoid"", ""n_components"": 15, ""nu"": 0.5}"
dft,pca,svr,0,group,0,89,33,70,24,-0.052494110036423125,-0.06028553249430324,1.3771889315835297,0.9283104431518591,0.17559949999849778,"{""C"": 1.0, ""epsilon"": 0.1, ""n_components"": 17}"
dft,pca,svr,1,group,0,93,29,70,24,-0.0072329430532501295,-0.23046105499534186,1.4693451837913303,1.0384630449805354,0.17987979999452364,"{""C"": 10.0, ""epsilon"": 0.05, ""n_components"": 17}"
dft,pca,svr,2,group,0,95,27,70,24,-0.07699484327922326,-0.1044830971275954,1.7183097221070662,1.0856454069897126,0.17836049999459647,"{""C"": 1.0, ""epsilon"": 0.1, ""n_components"": 21}"
dft,pca,svr,3,group,0,96,26,70,24,-0.22986567653465523,-0.24020932147671048,1.4509357251407928,0.9689704679294707,0.18076609999116044,"{""C"": 0.1, ""epsilon"": 0.05, ""n_components"": 19}"
dft,pca,svr,4,group,0,97,25,70,24,-0.1349655129569929,-0.20309203769174045,1.8476352037693464,1.2377100041022633,0.16811349999625236,"{""C"": 0.1, ""epsilon"": 0.1, ""n_components"": 22}"
dft,pca,svr,5,group,0,90,32,70,24,0.06778468918641818,-0.05291437113049069,1.194357925989236,0.7977749252514843,0.17233630000555422,"{""C"": 1.0, ""epsilon"": 0.1, ""n_components"": 21}"
dft,pca,svr,6,group,0,92,30,70,24,-0.09349360601170882,-0.024419555833292472,1.1974538946197941,0.8289583915470273,0.17948810000962112,"{""C"": 1.0, ""epsilon"": 0.1, ""n_components"": 15}"
dft,pca,svr,7,group,0,92,30,70,24,-0.018076307624672872,-0.2901014641843469,1.3777648650147511,1.0142441342930792,0.16726669999479782,"{""C"": 1.0, ""epsilon"": 0.05, ""n_components"": 15}"
dft,pca,svr,8,group,0,93,29,70,24,-0.0632143636863611,0.01963927671073329,1.3462329839191052,0.8423114413494186,0.16609519999474287,"{""C"": 1.0, ""epsilon"": 0.1, ""n_components"": 15}"
dft,pca,svr,9,group,0,89,33,70,24,-0.08003995612721124,-0.14390119578822191,1.2697892038649277,0.7770153956719921,0.16611879999982193,"{""C"": 1.0, ""epsilon"": 0.1, ""n_components"": 19}"
dft,pca,ridge,0,group,0,89,33,70,24,-0.07780323959591007,0.10642284396744373,1.2642941682877624,0.9508787534731531,0.1658707000024151,"{""alpha"": 1000.0, ""n_components"": 21}"
dft,pca,ridge,1,group,0,93,29,70,24,0.015864851376216293,0.08899644234967097,1.2642994063431225,0.9033258653243693,0.16415470000356436,"{""alpha"": 100.0, ""n_components"": 21}"
dft,pca,ridge,2,group,0,95,27,70,24,-0.03645408589896497,-0.03739513804469796,1.6653058762182127,1.1900791379000533,0.18814869999187067,"{""alpha"": 1000.0, ""n_components"": 22}"
dft,pca,ridge,3,group,0,96,26,70,24,-0.8643101726692095,0.06741143004143668,1.258188532727129,0.9030721748355586,0.1707377999991877,"{""alpha"": 1000.0, ""n_components"": 22}"
dft,pca,ridge,4,group,0,97,25,70,24,-0.15336042241175024,0.017753140285863167,1.6694642623066827,1.2228306738888794,0.17554489999020007,"{""alpha"": 1000.0, ""n_components"": 15}"
dft,pca,ridge,5,group,0,90,32,70,24,-0.046339180555071156,-0.02933495085671023,1.180908718562076,0.9279959350173947,0.18940040000597946,"{""alpha"": 1000.0, ""n_components"": 21}"
dft,pca,ridge,6,group,0,92,30,70,24,-0.22033526210158208,-0.2871705674281382,1.342263933579651,1.015822212357155,0.17065329999604728,"{""alpha"": 1000.0, ""n_components"": 20}"
dft,pca,ridge,7,group,0,92,30,70,24,-1.077202714570494,-0.09410834032697912,1.2688004841224259,1.0131663629482792,0.17468349999398924,"{""alpha"": 1000.0, ""n_components"": 21}"
dft,pca,ridge,8,group,0,93,29,70,24,-0.02996246641014535,0.07478027335547721,1.3078252473183736,0.9292778466852621,0.21962889999849722,"{""alpha"": 1000.0, ""n_components"": 20}"
dft,pca,ridge,9,group,0,89,33,70,24,7.128037021200128e-05,-3.8728759734889744,2.620776899673338,1.2993380129368428,0.16760890001023654,"{""alpha"": 100.0, ""n_components"": 20}"
dft,pca,enet,0,group,0,89,33,70,24,-0.05562367501609655,-0.0038564480220462105,1.3400404632768215,1.0086013579509705,0.33661579999898095,"{""alpha"": 10.0, ""l1_ratio"": 0.15, ""n_components"": 15}"
dft,pca,enet,1,group,0,93,29,70,24,0.006303537278776683,0.08968233408821258,1.2638233731844617,0.9178973967274984,0.3445195000094827,"{""alpha"": 1.0, ""l1_ratio"": 0.15, ""n_components"": 21}"
dft,pca,enet,2,group,0,95,27,70,24,-0.033919109266608814,-0.09377653001519048,1.709961020250702,1.2351194595727029,0.33241329999873415,"{""alpha"": 1.0, ""l1_ratio"": 0.5, ""n_components"": 19}"
dft,pca,enet,3,group,0,96,26,70,24,-0.9975848127248371,0.006482411415593692,1.2986390516166018,0.9317572996093637,0.33151050000742543,"{""alpha"": 1.0, ""l1_ratio"": 0.5, ""n_components"": 17}"
dft,pca,enet,4,group,0,97,25,70,24,-0.11828902835834207,-0.08507364259947736,1.7546738720612154,1.2921764917632987,0.33215230000496376,"{""alpha"": 10.0, ""l1_ratio"": 0.5, ""n_components"": 15}"
dft,pca,enet,5,group,0,90,32,70,24,-0.0609215967369642,-0.12572257856323144,1.2349621796967318,0.9927376585930556,0.332164899999043,"{""alpha"": 10.0, ""l1_ratio"": 0.5, ""n_components"": 15}"
dft,pca,enet,6,group,0,92,30,70,24,-0.2132938115575192,0.03708639041989481,1.1609500460808613,0.9030850947060574,0.3622873999993317,"{""alpha"": 1.0, ""l1_ratio"": 0.5, ""n_components"": 21}"
dft,pca,enet,7,group,0,92,30,70,24,-0.16770682494062675,-0.0007108887275220077,1.2134377006537045,0.9815448616101449,0.31736100000853185,"{""alpha"": 10.0, ""l1_ratio"": 0.5, ""n_components"": 15}"
dft,pca,enet,8,group,0,93,29,70,24,-0.03823844236384453,-0.018435489231903857,1.372126138366731,1.0154290614438262,0.33670330001041293,"{""alpha"": 10.0, ""l1_ratio"": 0.15, ""n_components"": 15}"
dft,pca,enet,9,group,0,89,33,70,24,0.018011848416923205,-1.1836634892577393,1.7544065077999604,1.0270112950732797,0.33908039999369066,"{""alpha"": 1.0, ""l1_ratio"": 0.15, ""n_components"": 15}"
dft,pca,knn,0,group,0,89,33,70,24,0.06410200824343297,0.2578560298723308,1.1521955338097538,0.7684345008496561,0.20604190000449307,"{""n_components"": 17, ""n_neighbors"": 5, ""weights"": ""distance""}"
dft,pca,knn,1,group,0,93,29,70,24,0.09488192512888301,0.26632127519521287,1.134600211855054,0.7480765472830087,0.1749930000078166,"{""n_components"": 15, ""n_neighbors"": 10, ""weights"": ""distance""}"
dft,pca,knn,2,group,0,95,27,70,24,0.011042571636378073,0.20223431290222527,1.4603588496563578,0.9888728408962967,0.16990720000467263,"{""n_components"": 20, ""n_neighbors"": 5, ""weights"": ""uniform""}"
dft,pca,knn,3,group,0,96,26,70,24,-0.35462104094673225,-0.13023201460296407,1.3851106894520746,0.9422087245692308,0.174230799995712,"{""n_components"": 22, ""n_neighbors"": 10, ""weights"": ""uniform""}"
dft,pca,knn,4,group,0,97,25,70,24,-0.12359962959766588,-0.08059500380384033,1.751048921650698,1.2312178966600003,0.16781990000163205,"{""n_components"": 20, ""n_neighbors"": 10, ""weights"": ""uniform""}"
dft,pca,knn,5,group,0,90,32,70,24,0.1013924422169498,0.03604125988923046,1.142792001276257,0.8247304676170882,0.1761796999926446,"{""n_components"": 15, ""n_neighbors"": 10, ""weights"": ""distance""}"
dft,pca,knn,6,group,0,92,30,70,24,-0.1732531000167646,-0.09456047393922917,1.2377694264593693,0.8818954528069206,0.17294099999708124,"{""n_components"": 20, ""n_neighbors"": 3, ""weights"": ""distance""}"
dft,pca,knn,7,group,0,92,30,70,24,-0.022548688534064953,-1.3927707718517066,1.8763494267438579,1.3450809846444443,0.17684559999906924,"{""n_components"": 17, ""n_neighbors"": 3, ""weights"": ""uniform""}"
dft,pca,knn,8,group,0,93,29,70,24,0.08203346776164502,0.10094033393005242,1.2892036680301933,0.9073549052413793,0.16981859999941662,"{""n_components"": 17, ""n_neighbors"": 10, ""weights"": ""uniform""}"
dft,pca,knn,9,group,0,89,33,70,24,0.027084625842076094,0.23045276892619904,1.0414897813467057,0.6878977488972854,0.1730364999966696,"{""n_components"": 15, ""n_neighbors"": 10, ""weights"": ""distance""}"
dft,pca,pls,0,group,0,89,33,70,24,-0.5524525922727268,0.03969937720225758,1.310646919622053,1.0142080610384805,0.08960320000187494,"{""n_components"": 20}"
dft,pca,pls,1,group,0,93,29,70,24,-0.09339410545636298,-0.18843291122698758,1.444033380676154,1.0441849329189479,0.08933360000082757,"{""n_components"": 20}"
dft,pca,pls,2,group,0,95,27,70,24,-1.3485215433878501,-0.14131348652454112,1.7467243921044735,1.2257935562247662,0.08978160000697244,"{""n_components"": 22}"
dft,pca,pls,3,group,0,96,26,70,24,-1.5240340157345331,-0.10506149387253849,1.3696004862928446,1.0521304249932135,0.08951499999966472,"{""n_components"": 22}"
dft,pca,pls,4,group,0,97,25,70,24,-0.7329709291848975,0.1365190821262754,1.5652841024474162,1.1065450277817548,0.08947619999526069,"{""n_components"": 15}"
dft,pca,pls,5,group,0,90,32,70,24,-0.5063108137663453,-1.0220411541471686,1.6551332545097497,1.2478825592858187,0.08993629999167752,"{""n_components"": 21}"
dft,pca,pls,6,group,0,92,30,70,24,-0.6301484597910803,-6.707369525462166,3.284527946091477,1.8726246701777773,0.08802660000219475,"{""n_components"": 19}"
dft,pca,pls,7,group,0,92,30,70,24,-5.228416538164741,-1.5642052996707383,1.9424040194150207,1.5587478741409118,0.08947380000608973,"{""n_components"": 21}"
dft,pca,pls,8,group,0,93,29,70,24,-1.274220955755809,-0.0006605009818856367,1.3600994149377788,0.971050699013837,0.08062340000469703,"{""n_components"": 20}"
dft,pca,pls,9,group,0,89,33,70,24,-0.06209121144295027,-7.29695535195305,3.4197688318047135,1.5234199060243403,0.09047319999081083,"{""n_components"": 15}"
dft,pca,rf,0,group,0,89,33,70,24,-0.027540127380189582,0.09574735115708377,1.2718239548612078,0.9658153787071826,3.5016414999990957,"{""max_features"": ""sqrt"", ""min_samples_leaf"": 3, ""n_components"": 19}"
dft,pca,rf,1,group,0,93,29,70,24,-0.018934007944552644,0.1597668481007547,1.2141988129849932,0.8881580401618807,3.910779800004093,"{""max_features"": ""sqrt"", ""min_samples_leaf"": 3, ""n_components"": 22}"
dft,pca,rf,2,group,0,95,27,70,24,-0.04900955318382716,0.11310993228671562,1.5397733759209598,1.0657963901874188,4.407678299990948,"{""max_features"": ""sqrt"", ""min_samples_leaf"": 3, ""n_components"": 15}"
dft,pca,rf,3,group,0,96,26,70,24,-0.7989793193010681,0.06305711229145006,1.2611223948779635,0.8874604712929236,4.395762600004673,"{""max_features"": ""sqrt"", ""min_samples_leaf"": 1, ""n_components"": 15}"
dft,pca,rf,4,group,0,97,25,70,24,-0.27493044517391596,0.13204333320402806,1.5693355895670875,1.1839557071833433,4.367402599993511,"{""max_features"": ""sqrt"", ""min_samples_leaf"": 3, ""n_components"": 15}"
dft,pca,rf,5,group,0,90,32,70,24,0.07710018270646693,-0.08096766250157517,1.2101642534006487,0.9466505475806193,4.300025899996399,"{""max_features"": ""sqrt"", ""min_samples_leaf"": 3, ""n_components"": 17}"
dft,pca,rf,6,group,0,92,30,70,24,-0.3086781299553124,-0.0863984608667725,1.2331458379583695,0.943337168296678,4.301041899991105,"{""max_features"": ""sqrt"", ""min_samples_leaf"": 3, ""n_components"": 19}"
dft,pca,rf,7,group,0,92,30,70,24,-0.11276724405882592,-0.34332428588680663,1.405897324876987,1.069153506615313,4.14329859999998,"{""max_features"": ""sqrt"", ""min_samples_leaf"": 3, ""n_components"": 15}"
dft,pca,rf,8,group,0,93,29,70,24,-0.004654971128467156,0.05523593202131838,1.3215663101362574,0.9353050068564251,3.990064900004654,"{""max_features"": ""sqrt"", ""min_samples_leaf"": 3, ""n_components"": 15}"
dft,pca,rf,9,group,0,89,33,70,24,0.011132010632482859,0.0850645816120369,1.1356188514760657,0.807463362088955,3.4075219000078505,"{""max_features"": ""sqrt"", ""min_samples_leaf"": 3, ""n_components"": 21}"
dft,pca,et,0,group,0,89,33,70,24,0.02693302519333507,0.11854995753037145,1.255685725836493,0.9299423737890914,2.176487199991243,"{""max_features"": ""sqrt"", ""min_samples_leaf"": 1, ""n_components"": 15}"
dft,pca,et,1,group,0,93,29,70,24,0.03566218924109421,0.2079010599324672,1.178907182355002,0.840906980162374,2.301478399996995,"{""max_features"": 0.3, ""min_samples_leaf"": 3, ""n_components"": 21}"
dft,pca,et,2,group,0,95,27,70,24,0.009579265271114435,0.04740650629589238,1.5957899140073564,1.114114789182308,2.3218983999977354,"{""max_features"": ""sqrt"", ""min_samples_leaf"": 3, ""n_components"": 21}"
dft,pca,et,3,group,0,96,26,70,24,-0.8375421571994494,0.0795441062168063,1.2499774260572136,0.8776635208726336,2.3345798999944236,"{""max_features"": 0.3, ""min_samples_leaf"": 3, ""n_components"": 15}"
dft,pca,et,4,group,0,97,25,70,24,-0.1407534964101163,0.039257092266998916,1.6510886644030451,1.216408433524498,2.3817312000028323,"{""max_features"": ""sqrt"", ""min_samples_leaf"": 3, ""n_components"": 15}"
dft,pca,et,5,group,0,90,32,70,24,0.104398071297734,-0.08200563701027752,1.210745130282804,0.9449381467619774,2.268592799999169,"{""max_features"": 0.3, ""min_samples_leaf"": 3, ""n_components"": 19}"
dft,pca,et,6,group,0,92,30,70,24,-0.2032358590336849,-0.013186563897434,1.1908706218243414,0.9075003844449292,2.333832699994673,"{""max_features"": 0.3, ""min_samples_leaf"": 3, ""n_components"": 19}"
dft,pca,et,7,group,0,92,30,70,24,-0.02305404228180854,-0.20058387186270177,1.3291054040642574,1.0393401379752214,2.34819210000569,"{""max_features"": 0.3, ""min_samples_leaf"": 3, ""n_components"": 15}"
dft,pca,et,8,group,0,93,29,70,24,0.04911290490789404,0.16966398871088195,1.2389512321317373,0.8947030751367706,2.7628053999942495,"{""max_features"": 0.3, ""min_samples_leaf"": 3, ""n_components"": 15}"
dft,pca,et,9,group,0,89,33,70,24,0.05935067947943786,-0.0015356630291607498,1.1881481126091544,0.8309186789503673,2.729347600004985,"{""max_features"": ""sqrt"", ""min_samples_leaf"": 1, ""n_components"": 15}"
dft,pca,gbr,0,group,0,89,33,70,24,-0.33560287163401564,-0.5387098777655193,1.6590538272705955,1.1716977521706862,2.2134375000023283,"{""learning_rate"": 0.03, ""max_depth"": 2, ""n_components"": 19, ""n_estimators"": 200}"
dft,pca,gbr,1,group,0,93,29,70,24,-0.26589440717131846,0.3044090127066512,1.104757276293047,0.8039584735693251,2.2471243999898434,"{""learning_rate"": 0.03, ""max_depth"": 2, ""n_components"": 15, ""n_estimators"": 200}"
dft,pca,gbr,2,group,0,95,27,70,24,-0.3025005833846041,0.2583880069447264,1.408024729823946,0.9846724306429399,2.2707795000023907,"{""learning_rate"": 0.03, ""max_depth"": 2, ""n_components"": 15, ""n_estimators"": 200}"
dft,pca,gbr,3,group,0,96,26,70,24,-0.5350277160897084,-0.13722444791206878,1.3893887315253812,0.992382194602109,2.359242799997446,"{""learning_rate"": 0.03, ""max_depth"": 2, ""n_components"": 15, ""n_estimators"": 500}"
dft,pca,gbr,4,group,0,97,25,70,24,-0.5446622411492117,-0.17080776026399147,1.8226765173632724,1.4928412028632208,2.295855799995479,"{""learning_rate"": 0.1, ""max_depth"": 3, ""n_components"": 15, ""n_estimators"": 200}"
dft,pca,gbr,5,group,0,90,32,70,24,0.02596281377124854,-0.08984433311997653,1.2151228968079746,0.9467739311224017,2.210676400005468,"{""learning_rate"": 0.03, ""max_depth"": 3, ""n_components"": 17, ""n_estimators"": 200}"
dft,pca,gbr,6,group,0,92,30,70,24,-0.5823040854229481,-0.6020414012661996,1.4974651992439016,1.130226276270398,2.2600553999945987,"{""learning_rate"": 0.03, ""max_depth"": 3, ""n_components"": 19, ""n_estimators"": 200}"
dft,pca,gbr,7,group,0,92,30,70,24,-0.4122171440670119,-0.5631004811593321,1.5165496031690724,1.0662529175382285,2.0911888999980874,"{""learning_rate"": 0.03, ""max_depth"": 3, ""n_components"": 17, ""n_estimators"": 200}"
dft,pca,gbr,8,group,0,93,29,70,24,-0.29115814016331854,-0.08301305789767732,1.4149598659005316,0.9773583824387708,1.8849507000122685,"{""learning_rate"": 0.03, ""max_depth"": 2, ""n_components"": 15, ""n_estimators"": 200}"
dft,pca,gbr,9,group,0,89,33,70,24,-0.24047952522956254,-0.6495698145921787,1.5248345498556624,0.9822689349288769,1.8473374000022886,"{""learning_rate"": 0.03, ""max_depth"": 2, ""n_components"": 15, ""n_estimators"": 200}"
dft,pca,hgb,0,group,0,89,33,70,24,-0.11915607896646607,0.2716042050834446,1.1414734666047988,0.8214727057483058,0.21127439998963382,"{""learning_rate"": 0.03, ""max_leaf_nodes"": 15, ""n_components"": 20}"
dft,pca,hgb,1,group,0,93,29,70,24,0.009290458932970513,0.12108294237499462,1.2418348519205438,0.8935773730636579,0.22399539999605622,"{""learning_rate"": 0.03, ""max_leaf_nodes"": 15, ""n_components"": 17}"
dft,pca,hgb,2,group,0,95,27,70,24,0.02458168872073634,0.12963524331231313,1.525360721162805,1.0626423705192514,0.20905530000163708,"{""learning_rate"": 0.03, ""max_leaf_nodes"": 15, ""n_components"": 21}"
dft,pca,hgb,3,group,0,96,26,70,24,-0.7453993001808268,0.11882641739131083,1.2230139558266946,0.9144129670308995,0.20647780000581406,"{""learning_rate"": 0.03, ""max_leaf_nodes"": 15, ""n_components"": 19}"
dft,pca,hgb,4,group,0,97,25,70,24,-0.26015049832457793,0.15408084538143196,1.5492846988610267,1.1913922861200605,0.22589099999458995,"{""learning_rate"": 0.03, ""max_leaf_nodes"": 15, ""n_components"": 19}"
dft,pca,hgb,5,group,0,90,32,70,24,0.0735092898824455,0.012184907970434145,1.1568466621032676,0.9076862906074332,0.20315089999348857,"{""learning_rate"": 0.03, ""max_leaf_nodes"": 15, ""n_components"": 17}"
dft,pca,hgb,6,group,0,92,30,70,24,-0.4268680154233403,-0.11678370609002342,1.25027171182376,0.9799770682688715,0.22072389999812003,"{""learning_rate"": 0.03, ""max_leaf_nodes"": 15, ""n_components"": 20}"
dft,pca,hgb,7,group,0,92,30,70,24,-0.057020737122090506,-0.046102990523888776,1.2406531803440959,0.9694213694604967,0.20845930000359658,"{""learning_rate"": 0.03, ""max_leaf_nodes"": 15, ""n_components"": 22}"
dft,pca,hgb,8,group,0,93,29,70,24,-0.03101241483289985,0.017780663851259648,1.3475085048002817,0.9282345957167462,0.215290800013463,"{""learning_rate"": 0.03, ""max_leaf_nodes"": 15, ""n_components"": 21}"
dft,pca,hgb,9,group,0,89,33,70,24,-0.013624975756394564,-0.12876259453021066,1.2613589056435621,0.8738035430893956,0.2179865000071004,"{""learning_rate"": 0.03, ""max_leaf_nodes"": 15, ""n_components"": 22}"
dft,pca,xgb,0,group,0,89,33,70,24,-0.2582789320723043,0.19220475240081714,1.2020782874502303,0.8876551745067696,0.8009885999927064,"{""learning_rate"": 0.03, ""max_depth"": 4, ""n_components"": 17, ""n_estimators"": 200}"
dft,pca,xgb,1,group,0,93,29,70,24,-0.1435835585903023,0.07047667260573642,1.2770857065314372,0.9003896718219289,0.8093294999998761,"{""learning_rate"": 0.03, ""max_depth"": 2, ""n_components"": 20, ""n_estimators"": 200}"
dft,pca,xgb,2,group,0,95,27,70,24,-0.11149893733293229,0.20200553958584888,1.460568226415942,1.0208574071832048,0.822869499999797,"{""learning_rate"": 0.03, ""max_depth"": 2, ""n_components"": 15, ""n_estimators"": 200}"
dft,pca,xgb,3,group,0,96,26,70,24,-0.6500432458255495,0.007128420535887581,1.2982167797318969,0.9383291315996001,0.8357257000025129,"{""learning_rate"": 0.03, ""max_depth"": 2, ""n_components"": 15, ""n_estimators"": 500}"
dft,pca,xgb,4,group,0,97,25,70,24,-0.3707906525360098,-0.01983559217701658,1.701107990403247,1.3876378904138087,0.867163699993398,"{""learning_rate"": 0.1, ""max_depth"": 4, ""n_components"": 15, ""n_estimators"": 500}"
dft,pca,xgb,5,group,0,90,32,70,24,0.03340776197869695,-0.24924824449182825,1.3009552054981788,1.0240438272077637,0.8060793000040576,"{""learning_rate"": 0.03, ""max_depth"": 4, ""n_components"": 17, ""n_estimators"": 200}"
dft,pca,xgb,6,group,0,92,30,70,24,-0.48152559945427376,-0.3245412177598863,1.3616096144697236,1.0342226624625896,0.8016012000007322,"{""learning_rate"": 0.03, ""max_depth"": 2, ""n_components"": 19, ""n_estimators"": 200}"
dft,pca,xgb,7,group,0,92,30,70,24,-0.1805378693120348,-0.2827002855578875,1.373807133332271,1.0384217160315836,0.824755699999514,"{""learning_rate"": 0.03, ""max_depth"": 4, ""n_components"": 19, ""n_estimators"": 200}"
dft,pca,xgb,8,group,0,93,29,70,24,-0.22986500080843753,0.07615101136026325,1.306856099023719,0.9273873925156418,0.7970636999962153,"{""learning_rate"": 0.03, ""max_depth"": 2, ""n_components"": 15, ""n_estimators"": 200}"
dft,pca,xgb,9,group,0,89,33,70,24,-0.08793877180933633,-0.09932523381417369,1.2448025567936274,0.9154896782254675,0.8255902999953832,"{""learning_rate"": 0.1, ""max_depth"": 4, ""n_components"": 21, ""n_estimators"": 200}"
dft,pca,lgbm,0,group,0,89,33,70,24,-0.13642938933869075,0.24237531305675497,1.164150595511799,0.8464277622837426,0.3671748999913689,"{""learning_rate"": 0.03, ""n_components"": 20, ""n_estimators"": 200, ""num_leaves"": 15}"
dft,pca,lgbm,1,group,0,93,29,70,24,-0.05704116399178736,0.09681574577966312,1.2588618614938398,0.9717916855313006,0.34665740000491496,"{""learning_rate"": 0.03, ""n_components"": 17, ""n_estimators"": 200, ""num_leaves"": 15}"
dft,pca,lgbm,2,group,0,95,27,70,24,-0.05880324413457538,0.006979709722442995,1.6292996777746056,1.1005893717153197,0.37202730000717565,"{""learning_rate"": 0.03, ""n_components"": 20, ""n_estimators"": 200, ""num_leaves"": 15}"
dft,pca,lgbm,3,group,0,96,26,70,24,-0.697278708317827,0.0943212447285311,1.2399031654509272,0.8998012774232891,0.36177129999850877,"{""learning_rate"": 0.03, ""n_components"": 15, ""n_estimators"": 200, ""num_leaves"": 15}"
dft,pca,lgbm,4,group,0,97,25,70,24,-0.3965285512109345,0.19655362564993673,1.5098897949472967,1.1761264777701612,0.36867910000728443,"{""learning_rate"": 0.03, ""n_components"": 15, ""n_estimators"": 200, ""num_leaves"": 15}"
dft,pca,lgbm,5,group,0,90,32,70,24,0.04777186710614263,-0.1203636848631191,1.232019213952733,0.9502954186074332,0.40681310000945814,"{""learning_rate"": 0.03, ""n_components"": 17, ""n_estimators"": 200, ""num_leaves"": 15}"
dft,pca,lgbm,6,group,0,92,30,70,24,-0.4426649828046208,-0.23315533358542195,1.313798505354512,1.0299926462214093,0.3525936000078218,"{""learning_rate"": 0.03, ""n_components"": 20, ""n_estimators"": 200, ""num_leaves"": 15}"
dft,pca,lgbm,7,group,0,92,30,70,24,-0.1472607469571696,-0.24694811432650354,1.3545260532376309,1.0488409537714416,0.3586265000049025,"{""learning_rate"": 0.03, ""n_components"": 22, ""n_estimators"": 200, ""num_leaves"": 15}"
dft,pca,lgbm,8,group,0,93,29,70,24,-0.1330365325965739,0.1491803163529587,1.254140057522602,0.8891593898413859,0.3674433999985922,"{""learning_rate"": 0.03, ""n_components"": 15, ""n_estimators"": 200, ""num_leaves"": 15}"
dft,pca,lgbm,9,group,0,89,33,70,24,-0.002182453139683971,-0.1587429401531295,1.2780002060068774,0.8837855291048657,0.36010399999213405,"{""learning_rate"": 0.03, ""n_components"": 22, ""n_estimators"": 200, ""num_leaves"": 15}"
dft,raw,nusvr,0,group,0,89,33,70,24,0.0010212354914433286,0.052393641130899504,1.301955345538995,0.8740590672855773,1.7163507000077516,"{""C"": 1.0, ""kernel"": ""rbf"", ""nu"": 0.5}"
dft,raw,nusvr,1,group,0,93,29,70,24,0.03500108625981071,0.035394390256362596,1.3009625325660057,0.8511933273076049,2.1252770999999484,"{""C"": 1.0, ""kernel"": ""rbf"", ""nu"": 0.5}"
dft,raw,nusvr,2,group,0,95,27,70,24,0.014666017112888197,-0.12617030740841884,1.735097750182414,1.1159425704508845,2.056198999998742,"{""C"": 1.0, ""kernel"": ""rbf"", ""nu"": 0.5}"
dft,raw,nusvr,3,group,0,96,26,70,24,-0.24352387781228582,-0.24371173768080978,1.4529830400416492,0.9664614987871395,2.0586264000012306,"{""C"": 0.1, ""kernel"": ""rbf"", ""nu"": 0.9}"
dft,raw,nusvr,4,group,0,97,25,70,24,-0.10345299776294994,-0.11239444054932202,1.7766267917083978,1.2207645491046943,1.9080242999916663,"{""C"": 0.1, ""kernel"": ""rbf"", ""nu"": 0.5}"
dft,raw,nusvr,5,group,0,90,32,70,24,0.11697112932539674,-0.18689534595101276,1.2680727872533069,0.9824775526714729,2.1604292999982135,"{""C"": 10.0, ""kernel"": ""rbf"", ""nu"": 0.3}"
dft,raw,nusvr,6,group,0,92,30,70,24,-0.015147672404776501,-0.8342916167238406,1.602337737959328,1.100878582131382,2.3550201000034576,"{""C"": 1.0, ""kernel"": ""sigmoid"", ""nu"": 0.9}"
dft,raw,nusvr,7,group,0,92,30,70,24,-0.02166926429003726,-0.22348849625687106,1.3417237783181326,1.0017723822980211,2.3681722000037553,"{""C"": 1.0, ""kernel"": ""rbf"", ""nu"": 0.5}"
dft,raw,nusvr,8,group,0,93,29,70,24,0.07730905814926874,0.0871254298624915,1.299070826226959,0.8543566441536844,1.9095084000000497,"{""C"": 10.0, ""kernel"": ""rbf"", ""nu"": 0.3}"
dft,raw,nusvr,9,group,0,89,33,70,24,-0.021616882746877075,0.03773006055053496,1.1646242605475152,0.7471064648888674,2.272136200001114,"{""C"": 1.0, ""kernel"": ""rbf"", ""nu"": 0.5}"
dft,raw,svr,0,group,0,89,33,70,24,-0.0674854746497248,-0.07437879020994353,1.3863114777986167,0.9190258827989447,0.04479210000135936,"{""C"": 1.0, ""epsilon"": 0.1}"
dft,raw,svr,1,group,0,93,29,70,24,-0.02008373073438243,-0.04755602261122838,1.3557466080474747,0.8417953995866473,0.04383149999193847,"{""C"": 1.0, ""epsilon"": 0.1}"
dft,raw,svr,2,group,0,95,27,70,24,-0.04363571551220387,-0.0010801818215417924,1.635898455186829,1.1230890259571804,0.045078700000885874,"{""C"": 10.0, ""epsilon"": 0.1}"
dft,raw,svr,3,group,0,96,26,70,24,-0.2269576532202196,-0.24559670678343815,1.454083693472052,0.9669213460563131,0.07521149999229237,"{""C"": 0.1, ""epsilon"": 0.05}"
dft,raw,svr,4,group,0,97,25,70,24,-0.13401682374312182,-0.20623436881609392,1.8500465302942082,1.2381438868742403,0.04326550000405405,"{""C"": 0.1, ""epsilon"": 0.1}"
dft,raw,svr,5,group,0,90,32,70,24,0.09257920891311741,-0.1764105824417339,1.262459429692795,0.954733578967929,0.04474280000431463,"{""C"": 10.0, ""epsilon"": 0.1}"
dft,raw,svr,6,group,0,92,30,70,24,-0.08154520126134701,-0.06448534399526151,1.2206459480527085,0.8221890794943115,0.04372230000444688,"{""C"": 1.0, ""epsilon"": 0.1}"
dft,raw,svr,7,group,0,92,30,70,24,-0.0540447382135613,-0.24862525992645068,1.3554366661274144,0.9886633173633754,0.043466700008139014,"{""C"": 1.0, ""epsilon"": 0.1}"
dft,raw,svr,8,group,0,93,29,70,24,-0.03872588837276077,0.1708839058223397,1.2380407733933443,0.8535862392210031,0.043634599991491996,"{""C"": 10.0, ""epsilon"": 0.1}"
dft,raw,svr,9,group,0,89,33,70,24,-0.09176500499436195,-0.10646656155932743,1.2488391933697784,0.7713934574586462,0.044441300007747486,"{""C"": 1.0, ""epsilon"": 0.1}"
dft,raw,ridge,0,group,0,89,33,70,24,-0.07598876687593079,0.1038326953725961,1.2661252022014684,0.9533157221324154,0.043329299995093606,"{""alpha"": 1000.0}"
dft,raw,ridge,1,group,0,93,29,70,24,0.047787626146991766,0.02235460898810182,1.3097263833848927,0.9606660053826775,0.042470000000321306,"{""alpha"": 100.0}"
dft,raw,ridge,2,group,0,95,27,70,24,-0.032898776553997845,-0.03545439796837302,1.663747434932242,1.1860653646354862,0.0434300000051735,"{""alpha"": 1000.0}"
dft,raw,ridge,3,group,0,96,26,70,24,-0.8561653579083016,0.05636295775612021,1.2656195327676425,0.9089235629823,0.043212300006416626,"{""alpha"": 1000.0}"
dft,raw,ridge,4,group,0,97,25,70,24,-0.16540689172426798,0.022061724487660084,1.6657987211039273,1.2222096837252132,0.04330879999906756,"{""alpha"": 1000.0}"
dft,raw,ridge,5,group,0,90,32,70,24,-0.042120913596541354,-0.03402644856888104,1.1835968290179586,0.9276038473813927,0.043089400001917966,"{""alpha"": 1000.0}"
dft,raw,ridge,6,group,0,92,30,70,24,-0.22625149429242927,-0.2687154881197571,1.3326066969093733,1.0111571233413956,0.04303619998972863,"{""alpha"": 1000.0}"
dft,raw,ridge,7,group,0,92,30,70,24,-1.1255016899912118,-0.08562109946037544,1.2638697199782611,1.0086125462851963,0.04240600000775885,"{""alpha"": 1000.0}"
dft,raw,ridge,8,group,0,93,29,70,24,-0.024795531170015095,0.09062951989781343,1.2965751723943673,0.9152039966017078,0.04333499999484047,"{""alpha"": 1000.0}"
dft,raw,ridge,9,group,0,89,33,70,24,-0.011933995435168576,-0.28188579502319344,1.3441942730740524,0.9348466892335282,0.04388969999854453,"{""alpha"": 1000.0}"
dft,raw,enet,0,group,0,89,33,70,24,-0.05562367501609655,-0.0038564480220462105,1.3400404632768215,1.0086013579509705,0.3027575000014622,"{""alpha"": 1.0, ""l1_ratio"": 0.5}"
dft,raw,enet,1,group,0,93,29,70,24,0.0018856408181687767,0.09188088334326272,1.2622962921797016,0.9427911351148714,0.38115519999701064,"{""alpha"": 1.0, ""l1_ratio"": 0.15}"
dft,raw,enet,2,group,0,95,27,70,24,-0.06138934509002665,-0.10261498179341699,1.7168559383227524,1.2052567139150094,0.37141979999432806,"{""alpha"": 1.0, ""l1_ratio"": 0.5}"
dft,raw,enet,3,group,0,96,26,70,24,-0.8646834039350898,-0.025247132638321013,1.3192131148692399,0.9341264788769561,0.40696749999187887,"{""alpha"": 1.0, ""l1_ratio"": 0.15}"
dft,raw,enet,4,group,0,97,25,70,24,-0.11828902835834207,-0.08507364259947736,1.7546738720612154,1.2921764917632987,0.3829490999924019,"{""alpha"": 1.0, ""l1_ratio"": 0.5}"
dft,raw,enet,5,group,0,90,32,70,24,-0.0609215967369642,-0.12572257856323144,1.2349621796967318,0.9927376585930556,0.463286700003664,"{""alpha"": 1.0, ""l1_ratio"": 0.5}"
dft,raw,enet,6,group,0,92,30,70,24,-0.2351165128913575,-1.0572903289488127,1.6969445949913282,1.2169288361078627,0.38308989998768084,"{""alpha"": 1.0, ""l1_ratio"": 0.15}"
dft,raw,enet,7,group,0,92,30,70,24,-0.16770682494062675,-0.0007108887275220077,1.2134377006537045,0.9815448616101449,0.30961320000642445,"{""alpha"": 1.0, ""l1_ratio"": 0.85}"
dft,raw,enet,8,group,0,93,29,70,24,-0.03823844236384453,-0.018435489231903857,1.372126138366731,1.0154290614438262,0.4456064999976661,"{""alpha"": 1.0, ""l1_ratio"": 0.85}"
dft,raw,enet,9,group,0,89,33,70,24,-0.04383187238274198,-1.051890631700223,1.7006481758049106,1.0613814573192033,0.38632249999500345,"{""alpha"": 1.0, ""l1_ratio"": 0.15}"
dft,raw,knn,0,group,0,89,33,70,24,-0.009745654982242757,-0.11766850278857577,1.4139648453272802,0.877137494969697,0.043579199991654605,"{""n_neighbors"": 3, ""weights"": ""uniform""}"
dft,raw,knn,1,group,0,93,29,70,24,0.08478664841187127,0.29388109733622647,1.1130862459235629,0.7333531837310345,0.04291209999064449,"{""n_neighbors"": 5, ""weights"": ""uniform""}"
dft,raw,knn,2,group,0,95,27,70,24,0.043069095588044795,0.13027530093754192,1.5247997504243194,1.0160460093185186,0.043382100004237145,"{""n_neighbors"": 5, ""weights"": ""uniform""}"
dft,raw,knn,3,group,0,96,26,70,24,-0.36707333132352293,-0.1492257290726935,1.396700693353066,0.9724237141461539,0.042993299997760914,"{""n_neighbors"": 10, ""weights"": ""uniform""}"
dft,raw,knn,4,group,0,97,25,70,24,-0.17650575768965562,-0.04980923263260162,1.7259253043143372,1.2215904632120003,0.042504400000325404,"{""n_neighbors"": 10, ""weights"": ""uniform""}"
dft,raw,knn,5,group,0,90,32,70,24,0.0778244728465018,-0.10402105676258055,1.223000536685227,0.8556290515543741,0.04303649999201298,"{""n_neighbors"": 10, ""weights"": ""distance""}"
dft,raw,knn,6,group,0,92,30,70,24,-0.22797882738094896,-0.10766737938278204,1.245158259214822,0.9136124252422714,0.0436733000096865,"{""n_neighbors"": 3, ""weights"": ""distance""}"
dft,raw,knn,7,group,0,92,30,70,24,-0.07508625520890744,-0.3442950713345274,1.4064052358060801,1.0072304699246437,0.043394000007538125,"{""n_neighbors"": 10, ""weights"": ""distance""}"
dft,raw,knn,8,group,0,93,29,70,24,0.08623901335862472,0.004255208887395612,1.3567545815265911,0.9425753177586207,0.043059099989477545,"{""n_neighbors"": 10, ""weights"": ""uniform""}"
dft,raw,knn,9,group,0,89,33,70,24,-0.027386779338825894,0.2609893188714729,1.020616842649853,0.6767354210983245,0.042761499993503094,"{""n_neighbors"": 10, ""weights"": ""distance""}"
dft,raw,pls,0,group,0,89,33,70,24,-0.4002465422207745,0.1536145490972649,1.2304563179418138,0.8943955120586325,0.029099999999743886,"{""n_components"": 2}"
dft,raw,pls,1,group,0,93,29,70,24,-0.16378096015055027,-0.6000965564515017,1.6755716081239547,1.2615304918207657,0.027838200010592118,"{""n_components"": 5}"
dft,raw,pls,2,group,0,95,27,70,24,-0.4290681409423399,-0.3560804967458613,1.9039899222973506,1.2641011115765546,0.028957500006072223,"{""n_components"": 10}"
dft,raw,pls,3,group,0,96,26,70,24,-0.9897803827962761,0.028678066218081333,1.2840510088552204,0.9209040468846263,0.0279861000017263,"{""n_components"": 2}"
dft,raw,pls,4,group,0,97,25,70,24,-0.4920590944747241,0.10733007658254023,1.5915205598693496,1.1454480202791977,0.02747389998694416,"{""n_components"": 2}"
dft,raw,pls,5,group,0,90,32,70,24,-0.5944924106631488,-1.303701759449332,1.7666523533923735,1.2909633189796175,0.028413899999577552,"{""n_components"": 10}"
dft,raw,pls,6,group,0,92,30,70,24,-0.47824653592471716,-3.119791420936078,2.4013611769615695,1.5235566378517125,0.02868480001052376,"{""n_components"": 2}"
dft,raw,pls,7,group,0,92,30,70,24,-5.694818307669255,-0.5191243670053274,1.495064179695137,1.1838263872370065,0.028241199994226918,"{""n_components"": 2}"
dft,raw,pls,8,group,0,93,29,70,24,-0.7503834809917086,0.1467276127571453,1.2559464450659483,0.8651065384531103,0.02808589999040123,"{""n_components"": 2}"
dft,raw,pls,9,group,0,89,33,70,24,-0.060841683172002205,-3.427354554575145,2.4980983048870833,1.2508040301311087,0.028445000003557652,"{""n_components"": 2}"
dft,raw,rf,0,group,0,89,33,70,24,-0.026017291471104497,0.3518707256714989,1.0767451513866368,0.7884097712301217,1.424794100006693,"{""max_features"": ""sqrt"", ""min_samples_leaf"": 3}"
dft,raw,rf,1,group,0,93,29,70,24,0.06464637514413274,0.3552581239926038,1.0636110406423886,0.7745802123594479,1.3263604000094347,"{""max_features"": ""sqrt"", ""min_samples_leaf"": 3}"
dft,raw,rf,2,group,0,95,27,70,24,0.10304984340371577,0.24728239270464647,1.4185281150785682,0.9923790552409341,1.7124646000011126,"{""max_features"": 1.0, ""min_samples_leaf"": 3}"
dft,raw,rf,3,group,0,96,26,70,24,-1.0764421565161881,0.11670761946656216,1.224483452662471,0.8809276284049522,1.3288762000011047,"{""max_features"": ""sqrt"", ""min_samples_leaf"": 3}"
dft,raw,rf,4,group,0,97,25,70,24,-0.21080888301287387,0.2385716843555672,1.4698780811176047,1.0953184366267583,1.2987962999904994,"{""max_features"": ""sqrt"", ""min_samples_leaf"": 3}"
dft,raw,rf,5,group,0,90,32,70,24,0.14167406407131888,-0.0008134956821663764,1.1644331098536174,0.900834474307969,1.3326144000020577,"{""max_features"": 0.3, ""min_samples_leaf"": 3}"
dft,raw,rf,6,group,0,92,30,70,24,-0.150370367370022,0.08470362238610873,1.1318809286062597,0.8666548662132176,1.3003385000047274,"{""max_features"": ""sqrt"", ""min_samples_leaf"": 3}"
dft,raw,rf,7,group,0,92,30,70,24,-0.047216196254268386,-0.13357341457757244,1.2914809287189273,1.00313225317014,1.2462131999927806,"{""max_features"": ""sqrt"", ""min_samples_leaf"": 3}"
dft,raw,rf,8,group,0,93,29,70,24,0.1328537471871303,0.09091632939621974,1.2963706906078183,0.921721905430979,1.2596349000086775,"{""max_features"": ""sqrt"", ""min_samples_leaf"": 3}"
dft,raw,rf,9,group,0,89,33,70,24,0.15102207451324104,0.17949662566807556,1.0754186381043986,0.7326530643329123,1.2755852999980561,"{""max_features"": ""sqrt"", ""min_samples_leaf"": 3}"
dft,raw,et,0,group,0,89,33,70,24,-0.007782573445546737,0.34321748285122466,1.0839091881894432,0.769268201835488,0.8712228999938816,"{""max_features"": ""sqrt"", ""min_samples_leaf"": 3}"
dft,raw,et,1,group,0,93,29,70,24,0.112561728925815,0.38125624484604914,1.0419462402231576,0.7523549172643591,0.8843299000000115,"{""max_features"": ""sqrt"", ""min_samples_leaf"": 3}"
dft,raw,et,2,group,0,95,27,70,24,0.09429984689072532,0.24397737295966615,1.4216389287250197,0.9776684859533636,1.0755845000094268,"{""max_features"": 1.0, ""min_samples_leaf"": 3}"
dft,raw,et,3,group,0,96,26,70,24,-0.7777159050314303,0.1106832576325425,1.2286520588241236,0.8834054062700609,0.9362606999929994,"{""max_features"": ""sqrt"", ""min_samples_leaf"": 3}"
dft,raw,et,4,group,0,97,25,70,24,-0.1643265260230063,0.14560793526693372,1.5570243527770034,1.1406856867911868,0.9559631000010995,"{""max_features"": ""sqrt"", ""min_samples_leaf"": 3}"
dft,raw,et,5,group,0,90,32,70,24,0.11776975189897594,0.138887047449051,1.080110107528296,0.837909174765398,0.8903804000001401,"{""max_features"": ""sqrt"", ""min_samples_leaf"": 3}"
dft,raw,et,6,group,0,92,30,70,24,-0.14590719315428505,0.03421311228011081,1.1626808595482085,0.887426404533129,1.0760346000024583,"{""max_features"": 1.0, ""min_samples_leaf"": 3}"
dft,raw,et,7,group,0,92,30,70,24,-0.05479903377078961,-0.13479147029784233,1.2921746082618142,0.9735420267042186,0.9130650000006426,"{""max_features"": ""sqrt"", ""min_samples_leaf"": 3}"
dft,raw,et,8,group,0,93,29,70,24,0.18577912428714724,0.10851672598177164,1.283760104211379,0.9070162536004912,0.9380032999906689,"{""max_features"": 0.3, ""min_samples_leaf"": 3}"
dft,raw,et,9,group,0,89,33,70,24,0.12616903185408043,0.1343005353988278,1.1046404638257716,0.7756482637998245,0.910546399987652,"{""max_features"": ""sqrt"", ""min_samples_leaf"": 3}"
dft,raw,gbr,0,group,0,89,33,70,24,-0.3328459370326824,0.700237597484854,0.732269062835691,0.5508834782672429,1.1824717999988934,"{""learning_rate"": 0.1, ""max_depth"": 3, ""n_estimators"": 500}"
dft,raw,gbr,1,group,0,93,29,70,24,-0.16365124585623486,0.27021881445157625,1.1315825166841593,0.7917149764687035,0.9025032999925315,"{""learning_rate"": 0.03, ""max_depth"": 2, ""n_estimators"": 200}"
dft,raw,gbr,2,group,0,95,27,70,24,0.1607523859300195,0.38813185070104206,1.2789419529774388,0.9202127011447885,0.8591871999960858,"{""learning_rate"": 0.1, ""max_depth"": 2, ""n_estimators"": 200}"
dft,raw,gbr,3,group,0,96,26,70,24,-1.353598758801264,-0.09650450228857932,1.3642874626168275,1.0166667383182195,1.1161873999953968,"{""learning_rate"": 0.1, ""max_depth"": 2, ""n_estimators"": 500}"
dft,raw,gbr,4,group,0,97,25,70,24,-0.6270530757893471,0.08800534588863729,1.6086551307675572,1.2016422415145351,0.9825475000106962,"{""learning_rate"": 0.03, ""max_depth"": 3, ""n_estimators"": 200}"
dft,raw,gbr,5,group,0,90,32,70,24,-0.022077305486568256,0.0648150006346433,1.1256068704686832,0.8361836736775233,0.9268543000071077,"{""learning_rate"": 0.1, ""max_depth"": 3, ""n_estimators"": 200}"
dft,raw,gbr,6,group,0,92,30,70,24,-0.5835722123554535,-0.23186670029809586,1.3131118736850993,0.9924952854451399,0.9109591000014916,"{""learning_rate"": 0.03, ""max_depth"": 3, ""n_estimators"": 200}"
dft,raw,gbr,7,group,0,92,30,70,24,-0.2647403818536208,-0.3761301436077218,1.4229607644285884,1.131927997321338,1.0594375999935437,"{""learning_rate"": 0.1, ""max_depth"": 2, ""n_estimators"": 500}"
dft,raw,gbr,8,group,0,93,29,70,24,-0.114310654023594,0.25367663443495003,1.1746021581170134,0.8332983550682271,0.9183377000008477,"{""learning_rate"": 0.03, ""max_depth"": 3, ""n_estimators"": 200}"
dft,raw,gbr,9,group,0,89,33,70,24,0.2372002059129314,0.12230102410182853,1.1122698602166485,0.7026727208268592,1.180733200002578,"{""learning_rate"": 0.03, ""max_depth"": 3, ""n_estimators"": 500}"
dft,raw,hgb,0,group,0,89,33,70,24,-0.16026177212925655,0.36241741001236816,1.0679485505956527,0.8057868675413056,0.10822229999757838,"{""learning_rate"": 0.03, ""max_leaf_nodes"": 15}"
dft,raw,hgb,1,group,0,93,29,70,24,0.06507262464259134,0.3928515510277668,1.032136989480619,0.8223789601314091,0.1097862000024179,"{""learning_rate"": 0.1, ""max_leaf_nodes"": 15}"
dft,raw,hgb,2,group,0,95,27,70,24,0.13147054971541355,0.1621410896606985,1.4966055681080996,1.0349176400453666,0.09694540000054985,"{""learning_rate"": 0.03, ""max_leaf_nodes"": 15}"
dft,raw,hgb,3,group,0,96,26,70,24,-1.3393384326121467,0.0310680621339674,1.282470293607758,0.9244282975500501,0.10885520000010729,"{""learning_rate"": 0.03, ""max_leaf_nodes"": 15}"
dft,raw,hgb,4,group,0,97,25,70,24,-0.19028886892173708,0.21468244763296773,1.4927581615555654,1.1897554200134015,0.1101005999953486,"{""learning_rate"": 0.03, ""max_leaf_nodes"": 15}"
dft,raw,hgb,5,group,0,90,32,70,24,0.0639893293593516,0.03446577327691691,1.1437255051507365,0.8531206739497351,0.0987911999982316,"{""learning_rate"": 0.03, ""max_leaf_nodes"": 15}"
dft,raw,hgb,6,group,0,92,30,70,24,-0.20371394450471397,0.15731307970729058,1.0860579454369454,0.8860029560129147,0.10728989999915939,"{""learning_rate"": 0.1, ""max_leaf_nodes"": 15}"
dft,raw,hgb,7,group,0,92,30,70,24,-0.02035223687491592,0.01678095039008698,1.2027858589864264,0.9593374202796884,0.10619030000816565,"{""learning_rate"": 0.03, ""max_leaf_nodes"": 15}"
dft,raw,hgb,8,group,0,93,29,70,24,0.048623622185297324,-0.04648337451782636,1.390892104168895,0.9894434798882267,0.10729560001345817,"{""learning_rate"": 0.03, ""max_leaf_nodes"": 15}"
dft,raw,hgb,9,group,0,89,33,70,24,0.11016516803550865,0.1407070688397003,1.10054547586583,0.7968672451806309,0.10532600000442471,"{""learning_rate"": 0.03, ""max_leaf_nodes"": 15}"
dft,raw,xgb,0,group,0,89,33,70,24,-0.23685723872866796,0.47891421810406043,0.9654654072244729,0.7337953071645581,0.3646794999949634,"{""learning_rate"": 0.03, ""max_depth"": 2, ""n_estimators"": 200}"
dft,raw,xgb,1,group,0,93,29,70,24,-0.026997882504681693,0.35620293339859244,1.0628314432768347,0.773069517622365,0.39700869999069255,"{""learning_rate"": 0.03, ""max_depth"": 2, ""n_estimators"": 200}"
dft,raw,xgb,2,group,0,95,27,70,24,0.17550959727225712,0.3004806615186484,1.3674824865481825,0.937161546304805,0.3923752999980934,"{""learning_rate"": 0.1, ""max_depth"": 2, ""n_estimators"": 200}"
dft,raw,xgb,3,group,0,96,26,70,24,-1.3184221659828244,-0.018231686362852884,1.3146918853614322,0.9405344429379319,0.37936060001084115,"{""learning_rate"": 0.03, ""max_depth"": 2, ""n_estimators"": 200}"
dft,raw,xgb,4,group,0,97,25,70,24,-0.3560299199866699,0.23166199952536393,1.4765323233047538,1.1159198578403222,0.4738962999981595,"{""learning_rate"": 0.03, ""max_depth"": 4, ""n_estimators"": 200}"
dft,raw,xgb,5,group,0,90,32,70,24,0.027683443242398242,-0.009984200573296409,1.1697559402639446,0.8969955286025925,0.3707557000016095,"{""learning_rate"": 0.03, ""max_depth"": 2, ""n_estimators"": 200}"
dft,raw,xgb,6,group,0,92,30,70,24,-0.386262830063236,0.01241658742982954,1.1757277374836936,0.8927976057948324,0.3726141999941319,"{""learning_rate"": 0.03, ""max_depth"": 2, ""n_estimators"": 200}"
dft,raw,xgb,7,group,0,92,30,70,24,-0.1726912751712302,-0.16751991188233273,1.3106759165776942,1.0195105977228274,0.432542900001863,"{""learning_rate"": 0.1, ""max_depth"": 4, ""n_estimators"": 200}"
dft,raw,xgb,8,group,0,93,29,70,24,0.05705161203534852,0.15043487124827926,1.253215085988292,0.8507717109791891,0.3744865999906324,"{""learning_rate"": 0.03, ""max_depth"": 2, ""n_estimators"": 200}"
dft,raw,xgb,9,group,0,89,33,70,24,0.2468450763106637,0.09450983248797185,1.129741916722193,0.7783438665307838,0.3724635999969905,"{""learning_rate"": 0.1, ""max_depth"": 2, ""n_estimators"": 200}"
dft,raw,lgbm,0,group,0,89,33,70,24,-0.25212353498419454,0.35640332810874664,1.0729735115612389,0.8121769718435033,0.1303948999993736,"{""learning_rate"": 0.03, ""n_estimators"": 200, ""num_leaves"": 15}"
dft,raw,lgbm,1,group,0,93,29,70,24,0.03921644617568627,0.3690813701919483,1.0521473683511633,0.806494133808689,0.13046469999244437,"{""learning_rate"": 0.03, ""n_estimators"": 200, ""num_leaves"": 15}"
dft,raw,lgbm,2,group,0,95,27,70,24,0.12664067025610443,0.2198644762495956,1.4441321528518105,1.0084657922675293,0.1294521999952849,"{""learning_rate"": 0.03, ""n_estimators"": 200, ""num_leaves"": 15}"
dft,raw,lgbm,3,group,0,96,26,70,24,-1.089148405578967,-0.16290745947458096,1.404990075971979,1.0246338333963743,0.1308512000105111,"{""learning_rate"": 0.03, ""n_estimators"": 200, ""num_leaves"": 15}"
dft,raw,lgbm,4,group,0,97,25,70,24,-0.28710171392382156,0.1774038257431838,1.5277776234207285,1.1918752190793724,0.13222200000018347,"{""learning_rate"": 0.03, ""n_estimators"": 200, ""num_leaves"": 15}"
dft,raw,lgbm,5,group,0,90,32,70,24,0.011642010032902684,0.10079789086420887,1.103739608291053,0.848123180891161,0.11938669999653939,"{""learning_rate"": 0.03, ""n_estimators"": 200, ""num_leaves"": 15}"
dft,raw,lgbm,6,group,0,92,30,70,24,-0.26260783323898024,0.12910070065634727,1.1040883851906704,0.8139734856691816,0.13044120000267867,"{""learning_rate"": 0.03, ""n_estimators"": 200, ""num_leaves"": 15}"
dft,raw,lgbm,7,group,0,92,30,70,24,-0.0869590241138181,0.017987048411495676,1.2020479141720306,0.9589129644656949,0.1317501000012271,"{""learning_rate"": 0.03, ""n_estimators"": 200, ""num_leaves"": 15}"
dft,raw,lgbm,8,group,0,93,29,70,24,0.06701459723127076,-0.19814067719479955,1.4882681292626816,1.0226298219751462,0.11678300000494346,"{""learning_rate"": 0.03, ""n_estimators"": 200, ""num_leaves"": 15}"
dft,raw,lgbm,9,group,0,89,33,70,24,0.13045193688661275,0.04214090894773648,1.1619519951622876,0.8100850140838807,0.1283809000015026,"{""learning_rate"": 0.03, ""n_estimators"": 200, ""num_leaves"": 15}"
