row_index,mol_id,mol_name,target,charge,n_atoms,xtb_polarizability_au,xtb_total_energy_Eh,xtb_gap_eV,E_total_Eh,E_HOMO_eV,E_LUMO_eV,E_HOMO_minus1_eV,E_LUMO_plus1_eV,dipole_x_D,dipole_y_D,dipole_z_D,dipole_total_D,quadrupole_aniso_au,quadrupole_eig_min_au,quadrupole_eig_max_au,quadrupole_asymmetry,HOMO_LUMO_gap_eV,ionization_potential_eV,electron_affinity_eV,chemical_potential_eV,electronegativity_eV,hardness_eV,softness_inv_eV,electrophilicity_eV,max_charge_transfer,q_mulliken_max,q_mulliken_min,q_mulliken_range,q_mulliken_absmax,q_mulliken_mean_abs,q_mulliken_std,q_mulliken_sum_pos,q_mulliken_sum_neg,q_mulliken_C_mean,q_mulliken_C_min,q_mulliken_C_max,q_mulliken_N_mean,q_mulliken_N_min,q_mulliken_N_max,q_mulliken_O_mean,q_mulliken_O_min,q_mulliken_O_max,q_mulliken_S_mean,q_mulliken_S_min,q_mulliken_S_max,q_mulliken_H_mean,q_mulliken_H_min,q_mulliken_H_max,q_mulliken_F_mean,q_mulliken_F_min,q_mulliken_F_max,q_mulliken_Cl_mean,q_mulliken_Cl_min,q_mulliken_Cl_max,q_mulliken_Br_mean,q_mulliken_Br_min,q_mulliken_Br_max,q_mulliken_I_mean,q_mulliken_I_min,q_mulliken_I_max,q_mulliken_P_mean,q_mulliken_P_min,q_mulliken_P_max,q_lowdin_max,q_lowdin_min,q_lowdin_range,q_lowdin_absmax,q_lowdin_mean_abs,q_lowdin_std,q_lowdin_sum_pos,q_lowdin_sum_neg,q_lowdin_C_mean,q_lowdin_C_min,q_lowdin_C_max,q_lowdin_N_mean,q_lowdin_N_min,q_lowdin_N_max,q_lowdin_O_mean,q_lowdin_O_min,q_lowdin_O_max,q_lowdin_S_mean,q_lowdin_S_min,q_lowdin_S_max,q_lowdin_H_mean,q_lowdin_H_min,q_lowdin_H_max,q_lowdin_F_mean,q_lowdin_F_min,q_lowdin_F_max,q_lowdin_Cl_mean,q_lowdin_Cl_min,q_lowdin_Cl_max,q_lowdin_Br_mean,q_lowdin_Br_min,q_lowdin_Br_max,q_lowdin_I_mean,q_lowdin_I_min,q_lowdin_I_max,q_lowdin_P_mean,q_lowdin_P_min,q_lowdin_P_max,xtb_total_energy_alpb_Eh,xtb_Gsolv_water_Eh,xtb_Gelec_Eh,xtb_Gsasa_Eh,xtb_Ghb_Eh,xtb_logP_proxy,PIC50
0,Mol_1,1SJ0-anthra-Active10th,ESR1,0,30,174.801473,-48.5025616736,1.815053950612,-766.8532173197098,-7.104993510752752,-2.913979407406126,-7.215683979626942,-1.6931818190312065,0.7485134566744245,0.11669863027305287,0.15057083983205305,0.772374613084889,71.3964238449834,-32.24462518360894,46.443310091237116,0.22933554188388355,4.191014103346626,7.104993510752752,2.913979407406126,-5.009486459079439,5.009486459079439,2.095507051673313,0.47721146974975615,5.98780008009549,2.390584395828801,0.1289883428197438,-0.17054762671995505,0.29953596953969885,0.17054762671995505,0.03867129572218074,0.061682185835198945,0.5800694358327034,-0.5800694358327187,0.02601800940716742,-0.06937241299741093,0.1289883428197438,0.0,0.0,0.0,-0.169872656379372,-0.17054762671995505,-0.16919768603878893,0.0,0.0,0.0,-0.006378569812995838,-0.028471240620795646,0.015939330436662624,0.0,0.0,0.0,0.0,0.0,0.0,0.0,0.0,0.0,0.0,0.0,0.0,0.0,0.0,0.0,0.3335811306560661,-0.4134030307957559,0.746984161451822,0.4134030307957559,0.13272182894195497,0.16911678940415664,1.9908274341293208,-1.9908274341293284,-0.028456274969364093,-0.2731898313381995,0.3335811306560661,0.0,0.0,0.0,-0.4125250472297335,-0.4134030307957559,-0.41164706366371107,0.0,0.0,0.0,0.1066958744974404,0.0931191512361691,0.12191860038729818,0.0,0.0,0.0,0.0,0.0,0.0,0.0,0.0,0.0,0.0,0.0,0.0,0.0,0.0,0.0,-48.512049588148,-0.012500948292,-0.011833681178,0.000779103753,-0.002527130564,0.012500948292,5.613732958
1,Mol_2,1SJ0-anthra-Active11th,ESR1,0,24,163.966547,-46.216426929864,1.822347814172,-1147.7447491249775,-7.275442012806035,-3.142467740512897,-7.332320898725717,-1.9413966267703069,1.2520775361462009,0.6404484450375538,-0.19741137314498466,1.4201561947616712,54.23708504564353,-26.509267216949695,34.55012284441533,0.30246636219135514,4.132974272293138,7.275442012806035,3.142467740512897,-5.208954876659466,5.208954876659466,2.066487136146569,0.48391300507426593,6.56505681367812,2.5206810076605346,0.13161367316026595,-0.1662156631622267,0.29782933632249264,0.1662156631622267,0.04587396290371675,0.0692641833284991,0.5504875548446426,-0.5504875548445594,0.03373062452055826,-0.023700748046200815,0.13161367316026595,0.0,0.0,0.0,-0.16400494447307246,-0.1662156631622267,-0.16179422578391822,0.0,0.0,0.0,-0.010019225593761514,-0.015227847317311083,-0.004622491088688729,0.0,0.0,0.0,-0.07408427518525684,-0.07408427518525684,-0.07408427518525684,0.0,0.0,0.0,0.0,0.0,0.0,0.0,0.0,0.0,0.3351468344008275,-0.40935924859457096,0.7445060829953984,0.40935924859457096,0.13002900243535728,0.17238423800120464,1.5603480292243357,-1.5603480292242384,0.0003555223103130421,-0.09564847518503772,0.3351468344008275,0.0,0.0,0.0,-0.40709301876357173,-0.40935924859457096,-0.4048267889325725,0.0,0.0,0.0,0.12126088436583748,0.11106524123859751,0.13272938439124693,0.0,0.0,0.0,-0.03961746537800437,-0.03961746537800437,-0.03961746537800437,0.0,0.0,0.0,0.0,0.0,0.0,0.0,0.0,0.0,-46.225356157599,-0.011443331193,-0.010821483941,0.000891130958,-0.002593737909,0.011443331193,5.422244027
2,Mol_3,1SJ0-anthra-Active12th,ESR1,0,28,169.640888,-49.056116804258,1.278070584381,-798.9287389066872,-5.056614396656488,-2.5271465814971497,-6.747377049949619,-1.0896176347088538,-3.249841379825159,0.48654642342917703,0.10510983301892138,3.2877415490231106,61.870135583586865,-28.308138296379326,40.13402691095882,0.24082010894700026,2.529467815159338,5.056614396656488,2.5271465814971497,-3.791880489076819,3.791880489076819,1.264733907579669,0.7906801533562958,5.684341013263979,2.9981646466120053,0.1338466820728097,-0.2630273553477931,0.3968740374206028,0.2630273553477931,0.06086837177075193,0.09026521438394244,0.8521572047905592,-0.8521572047904951,0.01560634412087371,-0.04698913543220673,0.08914388370384696,0.00756980357177417,0.007548408314728583,0.007591198828819756,-0.26290182464656286,-0.2630273553477931,-0.26277629394533264,0.0,0.0,0.0,0.02921752244574096,-0.04567256138528841,0.1338466820728097,0.0,0.0,0.0,0.0,0.0,0.0,0.0,0.0,0.0,0.0,0.0,0.0,0.0,0.0,0.0,0.31356951536616773,-0.47316168565420824,0.786731201020376,0.47316168565420824,0.17840493022253995,0.21681306863255118,2.4976690231155656,-2.4976690231155523,0.005783473650968128,-0.11423068913634449,0.31356951536616773,-0.3628210354453021,-0.3628641473914005,-0.3627779234992037,-0.47311632581098273,-0.47316168565420824,-0.4730709659677572,0.0,0.0,0.0,0.15909060913990286,0.1021085621336677,0.2520744243134121,0.0,0.0,0.0,0.0,0.0,0.0,0.0,0.0,0.0,0.0,0.0,0.0,0.0,0.0,0.0,-49.076050463583,-0.026524001902,-0.017654404833,-0.001814337975,-0.008136018791,0.026524001902,5.420216403
3,Mol_4,1SJ0-anthra-Active13th,ESR1,0,24,151.618328,-42.16566890157,1.804741474156,-688.2793159024828,-7.187729341497688,-3.000939608808476,-7.46689913448882,-1.7733351267816826,1.1434325326949878e-06,7.160756457566589e-06,-1.2838261675541193e-05,1.4744654416129144e-05,66.02703236959252,-30.32973941718435,42.79220848758687,0.24434893843433853,4.186789732689212,7.187729341497688,3.000939608808476,-5.094334475153082,5.094334475153082,2.093394866344606,0.47769296470386213,6.198602127569439,2.4335277386289693,0.129709337124849,-0.16738427979008463,0.29709361691493363,0.16738427979008463,0.041901546139807226,0.06632644745589815,0.5028185536776819,-0.5028185536776915,0.03035114538945224,-0.019476882129665363,0.129709337124849,0.0,0.0,0.0,-0.16738426523354377,-0.16738427979008463,-0.1673842506770029,0.0,0.0,0.0,-0.011268438123156671,-0.011732245505271743,-0.010801064181745534,0.0,0.0,0.0,0.0,0.0,0.0,0.0,0.0,0.0,0.0,0.0,0.0,0.0,0.0,0.0,0.3334947057853306,-0.40947048511696416,0.7429651909022947,0.40947048511696416,0.13303211668516643,0.17346174741719558,1.5963854002219908,-1.5963854002220037,-0.00788964576171658,-0.08323483813322952,0.3334947057853306,0.0,0.0,0.0,-0.40947047582181373,-0.40947048511696416,-0.4094704665266633,0.0,0.0,0.0,0.11617449903845585,0.11009209333916348,0.12225733610465983,0.0,0.0,0.0,0.0,0.0,0.0,0.0,0.0,0.0,0.0,0.0,0.0,0.0,0.0,0.0,-42.17456424774,-0.011808194684,-0.01125852752,0.000835048929,-0.002465475792,0.011808194684,5.394662625
4,Mol_5,1SJ0-anthra-Active14th,ESR1,0,30,177.138034,-57.55905469869,1.676618017211,-953.0756542437371,-6.704840784089958,-3.3163867306448527,-6.897227165960818,-1.7057212638760229,0.6649714533199723,-0.9130587914711915,0.5109754865828187,1.2397416417551914,57.06911476822109,-33.19672929292436,32.69528443458788,0.5114151510168619,3.3884540534451055,6.704840784089958,3.3163867306448527,-5.010613757367405,5.010613757367405,1.6942270267225528,0.5902396693166201,7.409352415445477,2.9574630072218446,0.3219804814198097,-0.34189692941452954,0.6638774108343393,0.34189692941452954,0.09509165004525527,0.13780606820897318,1.4263747506788436,-1.426374750678815,0.045240494135025365,-0.06803507578805057,0.3219804814198097,0.0,0.0,0.0,-0.22763052214082222,-0.34189692941452954,-0.1599835387936892,0.0,0.0,0.0,0.04595451986787593,-0.032065469694639415,0.19700662229768406,0.0,0.0,0.0,0.0,0.0,0.0,0.0,0.0,0.0,0.0,0.0,0.0,0.0,0.0,0.0,0.33365767325547147,-0.49959062238771246,0.8332482956431839,0.49959062238771246,0.1998885513815363,0.2470951504165931,2.998328270723154,-2.9983282707229346,0.031785378158921594,-0.14048373404638692,0.33365767325547147,0.0,0.0,0.0,-0.44505103309644056,-0.49959062238771246,-0.40635407232872645,0.0,0.0,0.0,0.17484744930985982,0.08095329362088755,0.3303049566507703,0.0,0.0,0.0,0.0,0.0,0.0,0.0,0.0,0.0,0.0,0.0,0.0,0.0,0.0,0.0,-57.577477400582,-0.0226174228,-0.014208547589,0.004511147522,-0.014000782431,0.0226174228,5.313301183
5,Mol_6,1SJ0-anthra-Active15th,ESR1,0,29,179.057365,-60.61050524292,1.658121790716,-1027.052137302404,-6.576649421015012,-3.2261441378351154,-7.035921576735855,-1.9395504341573593,1.2559098505553687,-0.04136623293135178,-0.4596178331676555,1.3380094433578076,29.349909648180805,-11.54815962777936,19.45322716891955,0.1175138425429114,3.3505052831798965,6.576649421015012,3.2261441378351154,-4.901396779425063,4.901396779425063,1.6752526415899482,0.5969248907143464,7.170169380111523,2.9257657369059555,0.19660084415048062,-0.22730867256102982,0.42390951671151045,0.22730867256102982,0.08895452371185239,0.11498725282510842,1.2898405938218374,-1.2898405938218818,0.0358448125847777,-0.06885049592008574,0.16254922248293546,0.0,0.0,0.0,-0.17197127226866846,-0.22730867256102982,-0.11848901775188736,0.0,0.0,0.0,0.06176943060503759,-0.02513632952990763,0.19660084415048062,0.0,0.0,0.0,0.0,0.0,0.0,0.0,0.0,0.0,0.0,0.0,0.0,0.0,0.0,0.0,0.4973720869641056,-0.44649881372376043,0.943870900687866,0.4973720869641056,0.2249025236656816,0.2707465763347279,3.261086593152349,-3.261086593152416,0.061113087893067096,-0.13036331200142115,0.4973720869641056,0.0,0.0,0.0,-0.41991808977883177,-0.44649881372376043,-0.39424468857525063,0.0,0.0,0.0,0.20035152753461477,0.11266475856986513,0.33722565148596306,0.0,0.0,0.0,0.0,0.0,0.0,0.0,0.0,0.0,0.0,0.0,0.0,0.0,0.0,0.0,-60.638489736809,-0.035492296686,-0.022140469581,0.005742576648,-0.020175163451,0.035492296686,5.299997603
6,Mol_7,1SJ0-anthra-Active16th,ESR1,0,51,265.939775,-95.835103566597,1.704862979745,-1563.3346710309565,-6.216228990120075,-2.487947223762211,-6.263294010036061,-1.0350584938918483,1.825910479039163,-0.27602850958725367,-2.520385340494032,3.124497252382726,130.45380172967168,-66.4523740700433,81.81417883597429,0.3445859386539955,3.728281766357864,6.216228990120075,2.487947223762211,-4.352088106941143,4.352088106941143,1.864140883178932,0.5364401419568103,5.08026809064959,2.334634761896053,0.3191819514920411,-0.3640158716652948,0.6831978231573359,0.3640158716652948,0.12195341566417715,0.15776951591463975,3.1098120994365113,-3.1098120994365237,0.07488268098112336,-0.11148528484203624,0.3191819514920411,0.0,0.0,0.0,-0.241839915209753,-0.3640158716652948,-0.12668605506297048,0.0,0.0,0.0,0.04229314257469637,-0.06320234205503805,0.1810780446010274,0.0,0.0,0.0,0.0,0.0,0.0,0.0,0.0,0.0,0.0,0.0,0.0,0.0,0.0,0.0,0.3380444031708647,-0.5227719320065951,0.8608163351774598,0.5227719320065951,0.21627000965949206,0.2609209641644963,5.514885246317046,-5.514885246317048,0.054154659562858525,-0.28962197389667654,0.3380444031708647,0.0,0.0,0.0,-0.43978918803848116,-0.5227719320065951,-0.2981026670920688,0.0,0.0,0.0,0.16303220147823905,0.05935328333509837,0.3295102174568676,0.0,0.0,0.0,0.0,0.0,0.0,0.0,0.0,0.0,0.0,0.0,0.0,0.0,0.0,0.0,-95.885723785151,-0.066998141636,-0.04246080306,0.007218796956,-0.032836895231,0.066998141636,5.250001023
7,Mol_8,1SJ0-anthra-Active17th,ESR1,0,30,190.008591,-71.210759692854,1.863400095876,-1247.271203581533,-7.112748451006587,-3.640347223616721,-7.460353239474087,-2.612269311598389,1.8185341315212316,-8.307816011407507,-0.8612639469835751,8.548020171553196,105.55194545511449,-56.6769864454181,64.45673148796654,0.4036633419421656,3.4724012273898657,7.112748451006587,3.640347223616721,-5.376547837311653,5.376547837311653,1.7362006136949328,0.575970306721542,8.324863618548376,3.0967319069594366,0.24139554119274553,-0.23329776578268735,0.4746933069754329,0.24139554119274553,0.1129995611273613,0.1381257122241661,1.6949934169104512,-1.6949934169103875,0.04544638263942126,-0.06930975092978642,0.14520277780470536,0.2412541130691479,0.24111268494555027,0.24139554119274553,-0.18549812222059892,-0.23329776578268735,-0.10702806296078293,0.0,0.0,0.0,0.060871232445776934,-0.023450518185141656,0.20160026791595487,0.0,0.0,0.0,0.0,0.0,0.0,0.0,0.0,0.0,0.0,0.0,0.0,0.0,0.0,0.0,0.5874494914109825,-0.4138205194559603,1.0012700108669428,0.5874494914109825,0.24236875680043068,0.2926143427611398,3.6355313520064834,-3.635531352006436,0.04959632442034691,-0.14407536269559262,0.3487788731463093,0.5867588421356085,0.5860681928602345,0.5874494914109825,-0.380693802594543,-0.4138205194559603,-0.3561309951170948,0.0,0.0,0.0,0.19628069910005305,0.11187653817507803,0.33315759125214184,0.0,0.0,0.0,0.0,0.0,0.0,0.0,0.0,0.0,0.0,0.0,0.0,0.0,0.0,0.0,-71.245948043639,-0.049686637535,-0.046345339509,0.010668075216,-0.01509013294,0.049686637535,5.165579296
8,Mol_9,1SJ0-anthra-Active18th,ESR1,0,26,160.958195,-50.319621332179,1.725329910531,-838.6163195691176,-6.4435351533938805,-2.9861111601724546,-6.842088900222617,-1.450225478460933,-3.1228613949876003,-0.7543688293342874,0.12083016997211879,3.214954984591631,79.9145109567125,-36.356922612671354,51.9039262759845,0.23577746205013936,3.457423993221426,6.4435351533938805,2.9861111601724546,-4.714823156783168,4.714823156783168,1.728711996610713,0.5784653556871157,6.4295144140035285,2.727361854390425,0.1956687786037532,-0.23240496153930046,0.42807374014305366,0.23240496153930046,0.07172553521035853,0.09879773466842721,0.9324319577346578,-0.932431957734664,0.031078196642513704,-0.033608298496350386,0.12871987403822072,0.0,0.0,0.0,-0.17323876916035008,-0.23240496153930046,-0.12231512612660289,0.0,0.0,0.0,0.03223254045577528,-0.04013717155278074,0.1956687786037532,0.0,0.0,0.0,0.0,0.0,0.0,0.0,0.0,0.0,0.0,0.0,0.0,0.0,0.0,0.0,0.334259480330485,-0.431716846561935,0.76597632689242,0.431716846561935,0.19232820602636094,0.2328403368936845,2.5002666783426992,-2.500266678342685,0.02278489180409173,-0.14719331500281818,0.334259480330485,0.0,0.0,0.0,-0.4148786131132569,-0.431716846561935,-0.3962122215339665,0.0,0.0,0.0,0.16756574589946965,0.10082130268314182,0.3282244235602507,0.0,0.0,0.0,0.0,0.0,0.0,0.0,0.0,0.0,0.0,0.0,0.0,0.0,0.0,0.0,-50.338472417046,-0.024638402458,-0.017127408093,0.002803701246,-0.011395455309,0.024638402458,5.163739197
9,Mol_10,1SJ0-anthra-Active19th,ESR1,0,25,156.188133,-46.242052899497,1.842958113457,-763.4474528086978,-6.8120213029616465,-2.930073686379267,-7.131612192515107,-1.6896956304865323,0.2582458394708855,1.3722352715158725,-0.056479035246621,1.397465718870646,52.76663465723733,-22.159986893750986,34.74023745805117,0.16836025584400693,3.8819476165823796,6.8120213029616465,2.930073686379267,-4.8710474946704565,4.8710474946704565,1.9409738082911898,0.515205303507103,6.112164830349872,2.5095895028892063,0.2147105989031015,-0.1734875488731351,0.3881981477762366,0.2147105989031015,0.06307354607562685,0.09432848937970041,0.7884193259452643,-0.7884193259454069,0.03155418643082334,-0.10673582903515921,0.2147105989031015,0.0,0.0,0.0,-0.17228674729570356,-0.1734875488731351,-0.1713715350442957,0.0,0.0,0.0,0.009387703981930173,-0.03278534143392986,0.1825024650934579,0.0,0.0,0.0,0.0,0.0,0.0,0.0,0.0,0.0,0.0,0.0,0.0,0.0,0.0,0.0,0.3351676991201611,-0.42355690502411747,0.7587246041442786,0.42355690502411747,0.16453707569203996,0.2079743502523969,2.0567134461504066,-2.0567134461505923,0.007310070854530678,-0.14396992565249622,0.3351676991201611,0.0,0.0,0.0,-0.4180264902088228,-0.42355690502411747,-0.4130073420749589,0.0,0.0,0.0,0.14396730983285666,0.10947722514965297,0.33069895884270584,0.0,0.0,0.0,0.0,0.0,0.0,0.0,0.0,0.0,0.0,0.0,0.0,0.0,0.0,0.0,-46.257181765174,-0.019795987794,-0.014774480171,0.002316234399,-0.00841850172,0.019795987794,5.099999035
10,Mol_11,1SJ0-anthra-Active1st,ESR1,0,60,300.432942,-97.50868750224,1.023147332302,-1524.4599491613517,-5.003550973292535,-2.8583494071821525,-5.803765993072147,-1.0458436495105246,-0.946345904317129,5.353538696121414,1.38074127830926,5.60913483695251,82.31280735170796,-43.49365160687151,50.72427888564306,0.38488453459483496,2.1452015661103827,5.003550973292535,2.8583494071821525,-3.930950190237344,3.930950190237344,1.0726007830551914,0.9323133227178936,7.203224928716045,3.664877233298714,0.2320408782327812,-0.3874887876272375,0.6195296658600187,0.3874887876272375,0.0961199601862822,0.1408022337144019,2.8835988055885142,-2.883598805588417,0.07310700955153421,-0.037968747997145336,0.2320408782327812,-0.20052592934491598,-0.32424366544974337,-0.0927523328061115,-0.2954134838908364,-0.3874887876272375,-0.16912036187191148,0.0,0.0,0.0,0.0345082289496795,-0.04579551736960341,0.1940639485166742,0.0,0.0,0.0,0.0,0.0,0.0,0.0,0.0,0.0,0.0,0.0,0.0,0.0,0.0,0.0,0.3256404828889049,-0.5244379559518073,0.8500784388407122,0.5244379559518073,0.1786118519184355,0.223519634009965,5.358355557553129,-5.358355557553002,0.008840030103373309,-0.11822245670840292,0.30881038738343847,-0.29807761393736776,-0.3537357312688254,-0.24336175480217026,-0.4859947611200723,-0.5244379559518073,-0.4325127506774855,0.0,0.0,0.0,0.1397785128641364,0.060039517029341294,0.3256404828889049,0.0,0.0,0.0,0.0,0.0,0.0,0.0,0.0,0.0,0.0,0.0,0.0,0.0,0.0,0.0,-97.536595941358,-0.035101896732,-0.023851037084,0.002199317411,-0.014530936757,0.035101896732,5.099999035
11,Mol_12,1SJ0-anthra-Active20th,ESR1,0,24,164.076743,-46.211354437927,1.658469749951,-1147.7332920815363,-6.936945085514304,-3.0752815385072534,-7.14857622327406,-1.8794215154687992,0.1694577274616056,0.5326653211404608,0.6977673771531817,0.8940512168558089,68.44303626711425,-32.57998563588693,43.95570215509743,0.27705074232277566,3.8616635470070504,6.936945085514304,3.0752815385072534,-5.006113312010779,5.006113312010779,1.9308317735035252,0.5179115103256686,6.489734330199475,2.5927237062849375,0.12590964213417255,-0.1674002222776405,0.29330986441181306,0.1674002222776405,0.042907703279556425,0.06365160874088088,0.5148924393546501,-0.5148924393547041,0.030676435903631814,-0.038381409509013587,0.12590964213417255,0.0,0.0,0.0,-0.15901251441605346,-0.1674002222776405,-0.15062480655446642,0.0,0.0,0.0,-0.010506293187435916,-0.018306740842307212,-0.006603853914417757,0.0,0.0,0.0,-0.03790102150674102,-0.03790102150674102,-0.03790102150674102,0.0,0.0,0.0,0.0,0.0,0.0,0.0,0.0,0.0,0.3343219297422966,-0.40923033610760307,0.7435522658498996,0.40923033610760307,0.12761104634349002,0.1700318335824862,1.5313325561218538,-1.5313325561219067,-0.0009684607434497268,-0.09206750887285597,0.3343219297422966,0.0,0.0,0.0,-0.40177012737602436,-0.40923033610760307,-0.39430991864444564,0.0,0.0,0.0,0.11820926067793298,0.11035768848373229,0.1256105444623148,0.0,0.0,0.0,-0.01036611958523892,-0.01036611958523892,-0.01036611958523892,0.0,0.0,0.0,0.0,0.0,0.0,0.0,0.0,0.0,-46.222309675025,-0.01484846526,-0.013785455555,0.000512754545,-0.002656523948,0.01484846526,5.017733291
12,Mol_13,1SJ0-anthra-Active2nd,ESR1,0,67,336.493824,-116.221713206361,1.005940371013,-1851.9546999731265,-5.99489318533844,-2.9441626097162796,-6.137548889189913,-1.4663498178893026,0.926520382043772,4.510924656220749,-3.5686981241256572,5.826018157676889,88.10578312151976,-40.676704402008454,57.03436418771966,0.24888730588351998,3.0507305756221603,5.99489318533844,2.9441626097162796,-4.46952789752736,4.46952789752736,1.5253652878110802,0.6555806717189779,6.5481625242181005,2.930136101327698,0.3308582808779965,-0.3763731582771932,0.7072314391551897,0.3763731582771932,0.09927756169451515,0.13884961029134807,3.3257983167662815,-3.325798316766234,0.0642437147855425,-0.12327150556142108,0.3308582808779965,-0.19955985285767497,-0.19955985285767497,-0.19955985285767497,-0.24947326137170425,-0.3763731582771932,-0.1361475072471272,0.0,0.0,0.0,0.033093523012590234,-0.056862334986963026,0.19429838762759077,0.0,0.0,0.0,0.0,0.0,0.0,0.0,0.0,0.0,0.0,0.0,0.0,0.0,0.0,0.0,0.3793888062244344,-0.5416162905483919,0.9210050967728263,0.5416162905483919,0.19984851884334248,0.24265128345600231,6.694925381251972,-6.694925381251973,0.02826956913819232,-0.32827126434769305,0.3793888062244344,-0.48774022855357835,-0.48774022855357835,-0.48774022855357835,-0.4279940039654166,-0.5416162905483919,-0.3036009738490115,0.0,0.0,0.0,0.13808282418884657,0.06491236170361447,0.3301182995632729,0.0,0.0,0.0,0.0,0.0,0.0,0.0,0.0,0.0,0.0,0.0,0.0,0.0,0.0,0.0,-116.256480763873,-0.042959093779,-0.031457115781,0.005136065838,-0.017718803534,0.042959093779,5.013743456
13,Mol_14,1SJ0-anthra-Active3rd,ESR1,0,29,172.15055,-48.782574249623,1.654267378624,-782.8950089762193,-5.860880878661072,-2.73241843906791,-6.928705633876534,-1.3517803641678332,-2.2796670322477643,1.6832736507190165,-0.2932623029676089,2.8489111498016433,68.46190838355514,-25.888734757767836,45.497007199962795,0.08797922586966606,3.1284624395931617,5.860880878661072,2.73241843906791,-4.2966496588644905,4.2966496588644905,1.5642312197965809,0.6392916771793138,5.901045209103137,2.7468123666674065,0.13204523554649117,-0.24900174521249951,0.3810469807589907,0.24900174521249951,0.05345452938152088,0.07783069940295478,0.775090676032034,-0.7750906760320715,0.016586466896160643,-0.07551294599372227,0.11606961957610196,0.007668433728801993,0.007668433728801993,0.007668433728801993,-0.2124305547783969,-0.24900174521249951,-0.17585936434429428,0.0,0.0,0.0,0.015308697489594968,-0.03436340732349663,0.13204523554649117,0.0,0.0,0.0,0.0,0.0,0.0,0.0,0.0,0.0,0.0,0.0,0.0,0.0,0.0,0.0,0.331593305452917,-0.45764481223477205,0.789238117687689,0.45764481223477205,0.15585140657745608,0.19652915726605583,2.2598453953730875,-2.259845395373138,-0.014748960646000479,-0.2942511767982747,0.331593305452917,-0.36379842166413034,-0.36379842166413034,-0.36379842166413034,-0.4382050653674119,-0.45764481223477205,-0.4187653185000517,0.0,0.0,0.0,0.1328584510989919,0.10031986412410654,0.25120662617108447,0.0,0.0,0.0,0.0,0.0,0.0,0.0,0.0,0.0,0.0,0.0,0.0,0.0,0.0,0.0,-48.797681876384,-0.020410414108,-0.016219746629,-0.000452999457,-0.00481842772,0.020410414108,5.008773924
14,Mol_15,1SJ0-anthra-Active4th,ESR1,0,68,341.391408,-120.269426807822,1.347413832317,-1927.092310631031,-5.760657918875192,-2.710508783402882,-6.196314432514574,-1.2263051457318896,-0.8521141044470463,-3.9087538224088254,-2.3816283630733555,4.655814488463717,56.511852587434724,-30.161126727365072,34.632025035976866,0.39649604502320324,3.05014913547231,5.760657918875192,2.710508783402882,-4.235583351139037,4.235583351139037,1.525074567736155,0.6557056429604068,5.881734147293815,2.777295904571017,0.30354288053265766,-0.3941546523521282,0.6976975328847859,0.3941546523521282,0.10397203301644185,0.1445406228249503,3.535049122558927,-3.5350491225591196,0.06764435581453171,-0.12417913533727454,0.30354288053265766,-0.17519500288310486,-0.17519500288310486,-0.17519500288310486,-0.24699924258479894,-0.3941546523521282,-0.11765770440927703,0.0,0.0,0.0,0.036751347045632564,-0.03566442059345021,0.1927468403149306,0.0,0.0,0.0,0.0,0.0,0.0,0.0,0.0,0.0,0.0,0.0,0.0,0.0,0.0,0.0,0.3513377438346508,-0.5161429933757908,0.8674807372104416,0.5161429933757908,0.1989963526561575,0.24310088848482722,6.765875990309232,-6.765875990309479,0.03863229386810599,-0.2789657101970011,0.3513377438346508,-0.4763366497517687,-0.4763366497517687,-0.4763366497517687,-0.42898214314729316,-0.5161429933757908,-0.29723942009407267,0.0,0.0,0.0,0.14317476861837533,0.06812382717145704,0.32306025736113175,0.0,0.0,0.0,0.0,0.0,0.0,0.0,0.0,0.0,0.0,0.0,0.0,0.0,0.0,0.0,-120.31536815263,-0.056840385338,-0.037998917428,0.004725879649,-0.024648107257,0.056840385338,4.973740554
15,Mol_16,1SJ0-anthra-Active5th,ESR1,0,26,160.640886,-45.607790751041,1.848702269286,-743.6014002252125,-6.051661203192349,-2.658579692541503,-6.8499935656557565,-1.4378016909886386,-3.1483885286984554,-0.9966237135577276,0.1481811240788076,3.305687038967676,100.70333626621867,-40.24444539890623,66.65904438525955,0.1293675860392849,3.3930815106508465,6.051661203192349,2.658579692541503,-4.355120447866926,4.355120447866926,1.6965407553254233,0.5894347052147204,5.58992587000671,2.5670591373630427,0.12599700745731202,-0.18537209441778124,0.31136910187509326,0.18537209441778124,0.05634036021514199,0.07831438530720805,0.7324246827968197,-0.7324246827968719,0.02381879568908848,-0.09503193792199038,0.12599700745731202,-0.035729701509408685,-0.035729701509408685,-0.035729701509408685,-0.1799582057217286,-0.18537209441778124,-0.17454431702567597,0.0,0.0,0.0,0.006909219256174998,-0.0458219049161952,0.11384960432850888,0.0,0.0,0.0,0.0,0.0,0.0,0.0,0.0,0.0,0.0,0.0,0.0,0.0,0.0,0.0,0.3355086292097944,-0.4301456049734149,0.7656542341832093,0.4301456049734149,0.1578890894830866,0.19676662225069902,2.052558163280077,-2.0525581632801737,-0.0020484775474708555,-0.14430922920999478,0.3355086292097944,-0.368847050974332,-0.368847050974332,-0.368847050974332,-0.4230328865898114,-0.4301456049734149,-0.4159201682062079,0.0,0.0,0.0,0.13817683442427223,0.09918270635461213,0.2283154213094687,0.0,0.0,0.0,0.0,0.0,0.0,0.0,0.0,0.0,0.0,0.0,0.0,0.0,0.0,0.0,-45.625082153804,-0.023929420419,-0.018958534117,6.263684e-06,-0.006057909685,0.023929420419,4.925066593
16,Mol_17,1SJ0-anthra-Active6th,ESR1,0,26,160.779716,-50.317355826003,1.910683214901,-838.6144984622911,-6.630738257950115,-2.7887102196043037,-6.921847018207967,-1.6293539911561603,-1.1489501788584122,2.2508454675733125,0.7068096212766656,2.6241135023324285,76.2715792333319,-32.175449565539004,50.18571983903442,0.1719885644466939,3.842028038345811,6.630738257950115,2.7887102196043037,-4.709724238777209,4.709724238777209,1.9210140191729055,0.5205584082257511,5.773383792085971,2.451686552920101,0.21547599550629393,-0.1803319640856138,0.39580795959190773,0.21547599550629393,0.08285625653628682,0.11328163462010264,1.0771313349717753,-1.077131334971682,0.032584480099745176,-0.10875963249836307,0.21547599550629393,0.0,0.0,0.0,-0.17345255612666355,-0.1803319640856138,-0.16951837119120583,0.0,0.0,0.0,0.02970343788878939,-0.037234875081533,0.1820696952971308,0.0,0.0,0.0,0.0,0.0,0.0,0.0,0.0,0.0,0.0,0.0,0.0,0.0,0.0,0.0,0.33227665097109327,-0.42413891081825383,0.7564155617893471,0.42413891081825383,0.19332676243325692,0.23504415570717177,2.5132479116323845,-2.5132479116322957,0.022474730095302892,-0.1500131597439962,0.33227665097109327,0.0,0.0,0.0,-0.4213129380549021,-0.42413891081825383,-0.41573299182344314,0.0,0.0,0.0,0.17132569136068215,0.10123970520394765,0.33039629306098584,0.0,0.0,0.0,0.0,0.0,0.0,0.0,0.0,0.0,0.0,0.0,0.0,0.0,0.0,0.0,-50.339333703395,-0.02936959632,-0.019820661796,0.003842032509,-0.014471726732,0.02936959632,4.913739855
17,Mol_18,1SJ0-anthra-Active7th,ESR1,0,29,177.464129,-55.786964192508,1.844545265017,-931.8970571153841,-7.474614824044382,-3.3011131283376756,-7.508884692119542,-2.1378992982300877,-1.0944828600716388,2.777820734765738,-0.6531141328579072,3.056262232862847,99.20723076739466,-48.570871743529885,63.161448515384635,0.30412234251408554,4.173501695706706,7.474614824044382,3.3011131283376756,-5.387863976191029,5.387863976191029,2.086750847853353,0.4792138941880402,6.9555688106702585,2.581939277385961,0.22625816558639755,-0.21729870195921208,0.44355686754560963,0.22625816558639755,0.064010804355731,0.09509792426531281,0.928156663158146,-0.9281566631580531,0.032070006083908,-0.0481506826628717,0.1283303579936783,0.22625816558639755,0.22625816558639755,0.22625816558639755,-0.18772458369768152,-0.21729870195921208,-0.1558365313711878,0.0,0.0,0.0,0.004843341993977944,-0.018417884587108357,0.043237020004245674,0.0,0.0,0.0,0.0,0.0,0.0,0.0,0.0,0.0,0.0,0.0,0.0,0.0,0.0,0.0,0.5936598934627852,-0.40487411170908594,0.9985340051718712,0.5936598934627852,0.16791647755393016,0.2216552939599342,2.434788924532036,-2.4347889245319383,-0.008810879340220446,-0.30070828956332907,0.3346171943249594,0.5936598934627852,0.5936598934627852,0.5936598934627852,-0.38196618622037004,-0.40487411170908594,-0.36179380984463627,0.0,0.0,0.0,0.11848533794689994,0.10788776119065946,0.12729308504678194,0.0,0.0,0.0,0.0,0.0,0.0,0.0,0.0,0.0,0.0,0.0,0.0,0.0,0.0,0.0,-55.802668013302,-0.021283009519,-0.022802437081,0.004484460208,-0.004045792344,0.021283009519,4.849999245
18,Mol_19,1SJ0-anthra-Active8th,ESR1,0,27,163.104598,-45.33803214864,1.820963703069,-727.5687170267258,-7.108525859391723,-2.9162335327598163,-7.2210250363727715,-1.6977575489987566,0.6482968207570715,0.1247008592133894,0.3195305056368152,0.733443123987677,71.65046589863086,-32.72387505919644,46.497034819351,0.23921355268571104,4.192292326631907,7.108525859391723,2.9162335327598163,-5.01237969607577,5.01237969607577,2.0961461633159537,0.4770659687290467,5.992890824437626,2.3912357753461917,0.12933423330336424,-0.17054988697443463,0.29988412027779887,0.17054988697443463,0.043849496927681725,0.06637816702420526,0.5919682085236578,-0.5919682085237485,0.025818823604588915,-0.06679036527408133,0.12933423330336424,0.0,0.0,0.0,-0.16973297706613355,-0.17054988697443463,-0.16891606715783247,0.0,0.0,0.0,-0.004781639993665732,-0.02963970418312223,0.03578541451868633,0.0,0.0,0.0,0.0,0.0,0.0,0.0,0.0,0.0,0.0,0.0,0.0,0.0,0.0,0.0,0.33359819935295576,-0.41344576552835655,0.7470439648813123,0.41344576552835655,0.13662626097403485,0.17550824252826724,1.8444545231494365,-1.8444545231495058,-0.020322454138644672,-0.2908619083132624,0.33359819935295576,0.0,0.0,0.0,-0.4123760919916748,-0.41344576552835655,-0.41130641845499305,0.0,0.0,0.0,0.11295889960629504,0.10392935131018255,0.1219380445381314,0.0,0.0,0.0,0.0,0.0,0.0,0.0,0.0,0.0,0.0,0.0,0.0,0.0,0.0,0.0,-45.347869168177,-0.013152946391,-0.012344546776,0.000816190301,-0.002705349614,0.013152946391,4.775065718
19,Mol_20,1SJ0-anthra-Active9th,ESR1,0,30,176.941922,-57.582187962257,1.812672439577,-953.0960092819164,-6.459578390494597,-3.0561620597661387,-6.738147512917973,-1.494000724317116,-0.641228345356975,-0.11519446171993371,-0.03684535202831696,0.6525343936270945,84.47138104249218,-41.08062439661523,53.89834165844614,0.2975701706249338,3.4034163307284584,6.459578390494597,3.0561620597661387,-4.757870225130368,4.757870225130368,1.7017081653642292,0.5876448267414658,6.651354662312755,2.795937824105114,0.24035148670189344,-0.3531173639479146,0.593468850649808,0.3531173639479146,0.09946190140382052,0.12957112254479228,1.491928521057225,-1.4919285210573912,0.032454300378467534,-0.10698254931546725,0.24035148670189344,0.0,0.0,0.0,-0.2024352540862516,-0.3531173639479146,-0.16361316584656826,0.0,0.0,0.0,0.05253617647540789,-0.043413059531674625,0.19751942446794635,0.0,0.0,0.0,0.0,0.0,0.0,0.0,0.0,0.0,0.0,0.0,0.0,0.0,0.0,0.0,0.3356387186504044,-0.47691678722942754,0.8125555058798319,0.47691678722942754,0.21921698126574496,0.2565619249137863,3.288254718986068,-3.2882547189862814,0.02456289585144778,-0.2899756067302901,0.3356387186504044,0.0,0.0,0.0,-0.432067652630996,-0.47691678722942754,-0.4078820071538001,0.0,0.0,0.0,0.17918948253830497,0.103413632732684,0.3307324643673587,0.0,0.0,0.0,0.0,0.0,0.0,0.0,0.0,0.0,0.0,0.0,0.0,0.0,0.0,0.0,-57.602068684174,-0.025120738699,-0.015487894065,0.004456865653,-0.015170469985,0.025120738699,4.701088003
20,Mol_21,1SJ0-cocrystal,ESR1,1,63,332.422219,-95.169109796764,2.635652799557,-1799.4017160574408,-6.887808883820132,-3.7342467008494187,-7.438018184287484,-2.732507669720273,-30.26393403304467,3.6694047430801944,3.268931944759622,30.660335131640174,589.2245809819452,-200.99444447022663,392.78040782777657,0.015508371695161205,3.1535621829707137,6.887808883820132,3.7342467008494187,-5.311027792334776,5.311027792334776,1.5767810914853568,0.6342034448535793,8.944493425013384,3.3682721216118146,0.3206613756974592,-0.33952103675258094,0.6601824124500402,0.33952103675258094,0.08221566533419648,0.11458331060807705,3.089793458027182,-2.089793458027196,0.042327738134169915,-0.1323574632483817,0.3206613756974592,-0.17834054816750733,-0.17834054816750733,-0.17834054816750733,-0.25861077899813223,-0.33952103675258094,-0.18704479699586862,0.06210643234155633,0.06210643234155633,0.06210643234155633,0.03359427673986263,-0.04550694373638153,0.19090016209572958,0.0,0.0,0.0,0.0,0.0,0.0,0.0,0.0,0.0,0.0,0.0,0.0,0.0,0.0,0.0,0.32668918135001623,-0.43737883165698577,0.764068013007002,0.43737883165698577,0.1425507709496054,0.16687437638932062,4.99034928491259,-3.9903492849125497,-0.05248124259947301,-0.1736631441766452,0.22336514010832165,0.014952706437079577,0.014952706437079577,0.014952706437079577,-0.39980801620588524,-0.43737883165698577,-0.3607098013654202,0.08054799905313281,0.08054799905313281,0.08054799905313281,0.1306908303173047,0.09027351896850788,0.32668918135001623,0.0,0.0,0.0,0.0,0.0,0.0,0.0,0.0,0.0,0.0,0.0,0.0,0.0,0.0,0.0,-95.270127766014,-0.112815790296,-0.098989379765,0.001571650808,-0.016478821037,0.112815790296,4.349999603
21,Mol_22,2OUZ-cocrystal,ESR1,1,63,314.800557,-86.945881627179,3.334481967528,-1290.2780134961213,-7.5689286471974375,-3.519987161504244,-8.247095477228259,-2.774181982179048,24.078446871643493,-3.744412321762222,4.551213661130804,24.789226957999045,363.3852960655834,-129.43055862746186,242.06264749905586,0.04521878052904928,4.048941485693193,7.5689286471974375,3.519987161504244,-5.544457904350841,5.544457904350841,2.0244707428465967,0.49395626167158424,7.592358042649151,2.7387196994286076,0.2479954431111775,-0.37652382796464323,0.6245192710758207,0.37652382796464323,0.06595754997544258,0.09633697719931009,2.57766282422643,-1.577662824226452,0.0376553695264389,-0.11190835915745279,0.2479954431111775,-0.1969839616121618,-0.1969839616121618,-0.1969839616121618,-0.2812563635744043,-0.37652382796464323,-0.1859888991841654,0.0,0.0,0.0,0.022035823188145592,-0.06363988672193566,0.19367174930068998,0.0,0.0,0.0,0.0,0.0,0.0,0.0,0.0,0.0,0.0,0.0,0.0,0.0,0.0,0.0,0.32504056417080307,-0.43546422336653023,0.7605047875373333,0.43546422336653023,0.12297987171642774,0.14296223566611108,4.373865959067463,-3.3738659590674835,-0.07393101806801552,-0.183596645595955,0.22461231062428944,0.009904814619600799,0.009904814619600799,0.009904814619600799,-0.4121009859136926,-0.43546422336653023,-0.38873774846085496,0.0,0.0,0.0,0.12138642697225621,0.08664112489076037,0.32504056417080307,0.0,0.0,0.0,0.0,0.0,0.0,0.0,0.0,0.0,0.0,0.0,0.0,0.0,0.0,0.0,-87.036172504769,-0.097829636117,-0.086782108093,-0.001884584819,-0.010243702903,0.097829636117,4.300000202
22,Mol_23,3ERT-cocrystal,ESR1,1,59,301.389398,-81.598988203351,2.843992169929,-1212.9042274407648,-7.36402068105282,-3.2552396383432005,-8.266573824930015,-3.1013323231129277,24.7124319871785,0.9394294208717414,-1.7433950848895579,24.791656838132855,356.9498526934482,-137.92779803063007,236.90141024228222,0.10392516100456999,4.108781042709619,7.36402068105282,3.2552396383432005,-5.309630159698011,5.309630159698011,2.0543905213548097,0.4867623704477227,6.861444340724182,2.584528162735324,0.2539080689544919,-0.4029075952634944,0.6568156642179863,0.4029075952634944,0.06566686304608006,0.09647420673491733,2.437172459859347,-1.4371724598593771,0.03666307587379732,-0.08828946506522328,0.2539080689544919,-0.20503884963663221,-0.20503884963663221,-0.20503884963663221,-0.29208256974493274,-0.4029075952634944,-0.18125754422637108,0.0,0.0,0.0,0.027865467213591233,-0.04302535943036512,0.20665194227832884,0.0,0.0,0.0,0.0,0.0,0.0,0.0,0.0,0.0,0.0,0.0,0.0,0.0,0.0,0.0,0.32674613000792463,-0.43112240386889766,0.7578685338768223,0.43112240386889766,0.12704068005198724,0.14870803021954423,4.247700061533595,-3.247700061533651,-0.07554653991092627,-0.27746463599197657,0.22653540862662602,0.02058510335673258,0.02058510335673258,0.02058510335673258,-0.40738448126234417,-0.43112240386889766,-0.38364655865579067,0.0,0.0,0.0,0.12527979656173274,0.0883643835133261,0.32674613000792463,0.0,0.0,0.0,0.0,0.0,0.0,0.0,0.0,0.0,0.0,0.0,0.0,0.0,0.0,0.0,-81.69195724396,-0.100761957795,-0.089749321098,-0.001693858042,-0.010399538352,0.100761957795,4.16374173
23,Mol_24,6GGB-10thActive,ESR1,0,32,187.636398,-55.939425780505,1.107977854075,-909.5713438325042,-4.369028004648039,-2.163604847482504,-5.010121953534828,-0.3640039653656984,-0.0810985791361721,-0.04450137291777425,1.3027777510437417,1.306057893182405,74.149982214344,-43.97456647061366,41.542796062138116,0.5426539769782581,2.2054231571655354,4.369028004648039,2.163604847482504,-3.2663164260652717,3.2663164260652717,1.1027115785827677,0.9068554456326874,4.8375401158368385,2.962076838136789,0.12853109708007926,-0.34878260460587107,0.47731370168595033,0.34878260460587107,0.07335936876759847,0.10891012763611309,1.1737499002815541,-1.1737499002815963,0.002765885331413579,-0.04740734769240529,0.06539900683287314,-0.0011441798721192331,-0.0012508645572886223,-0.0010642594800813754,-0.34877655974097177,-0.34878260460587107,-0.34877051487607247,0.0,0.0,0.0,0.05528395369421569,-0.05383589935256139,0.12853109708007926,0.0,0.0,0.0,0.0,0.0,0.0,0.0,0.0,0.0,0.0,0.0,0.0,0.0,0.0,0.0,0.30339473554615193,-0.5145732059282331,0.817967941474385,0.5145732059282331,0.21042505247272242,0.24365848740417848,3.3668008395635156,-3.366800839563602,0.0210606383819464,-0.1217150515070804,0.30339473554615193,-0.3745998302539302,-0.37461521663662545,-0.3745908898205279,-0.5145656277644184,-0.5145732059282331,-0.5145580496006037,0.0,0.0,0.0,0.18605680326643514,0.0976676429119755,0.24885511561175233,0.0,0.0,0.0,0.0,0.0,0.0,0.0,0.0,0.0,0.0,0.0,0.0,0.0,0.0,0.0,-55.965445643681,-0.032077945094,-0.016129844874,-0.004550471511,-0.012478388407,0.032077945094,4.100000128
24,Mol_25,6GGB-11thActive,ESR1,0,39,209.684658,-57.995776443687,1.803090925747,-884.7003682562438,-7.070671379175797,-2.890769464244678,-7.172216899026895,-1.6348163114602008,-1.0412558133253254,-0.1539410837947388,-0.08191294941585493,1.05575624902043,70.35345554824886,-32.82060180040193,45.42711744315984,0.2583345093385232,4.179901914931119,7.070671379175797,2.890769464244678,-4.980720421710238,4.980720421710238,2.0899509574655597,0.47848012721441047,5.934966040859888,2.383175740999327,0.13786286037978623,-0.2830968368783866,0.42095969725817284,0.2830968368783866,0.04741710143565568,0.07827637658280083,0.9246334779953473,-0.9246334779952241,0.022188279945414793,-0.2830968368783866,0.13786286037978623,0.0,0.0,0.0,-0.1704205325795023,-0.17105989883737927,-0.16978116632162532,0.0,0.0,0.0,-0.004485347433541848,-0.028458851373055483,0.011111856787445307,0.0,0.0,0.0,0.0,0.0,0.0,0.0,0.0,0.0,0.0,0.0,0.0,0.0,0.0,0.0,0.33349383504782626,-0.41329770384257536,0.7467915388904016,0.41329770384257536,0.1320044475172956,0.16630896038438517,2.5740867265873284,-2.5740867265871996,-0.05185810465164468,-0.2890825139627209,0.33349383504782626,0.0,0.0,0.0,-0.4132335322684275,-0.41329770384257536,-0.4131693606942797,0.0,0.0,0.0,0.1006539473843463,0.08131499996146796,0.12168312512786372,0.0,0.0,0.0,0.0,0.0,0.0,0.0,0.0,0.0,0.0,0.0,0.0,0.0,0.0,0.0,-58.005356652799,-0.012468900573,-0.011701812656,0.000660835933,-0.002508683548,0.012468900573,4.04999997
25,Mol_26,6GGB-12thActive,TP53,0,30,189.929935,-71.222639940004,1.801408934741,-1247.2907030534698,-7.26573766924361,-3.9566243095831344,-7.49980801098575,-2.730125055674685,0.36469295603854757,-6.845373732294136,-1.9876132214191564,7.137418917572859,76.11175463591115,-44.70354738306805,43.14105866672553,0.5266804437962331,3.309113359660476,7.26573766924361,3.9566243095831344,-5.611180989413373,5.611180989413373,1.654556679830238,0.6043915038937213,9.514739651948496,3.3913501168114077,0.24135686585652572,-0.3280400037559943,0.56939686961252,0.3280400037559943,0.1167666037609038,0.14638313895210833,1.751499056413539,-1.7514990564135748,0.05082183869375699,-0.04980365446582269,0.16436755141976356,0.24117944999668461,0.2410020341368435,0.24135686585652572,-0.20090566943002108,-0.3280400037559943,-0.12923636902306868,0.0,0.0,0.0,0.06889678562236097,-0.0007537348916346609,0.20212352846686787,0.0,0.0,0.0,0.0,0.0,0.0,0.0,0.0,0.0,0.0,0.0,0.0,0.0,0.0,0.0,0.5878781264441271,-0.45523539602375074,1.0431135224678778,0.5878781264441271,0.24553618142371794,0.2960078802573063,3.6830427213557315,-3.6830427213558066,0.051703295905255305,-0.11787967497060503,0.3449955050025659,0.5878207321869904,0.5877633379298537,0.5878781264441271,-0.38770062074894396,-0.45523539602375074,-0.358125235472885,0.0,0.0,0.0,0.20035289315732022,0.13002724633820373,0.3345072628885236,0.0,0.0,0.0,0.0,0.0,0.0,0.0,0.0,0.0,0.0,0.0,0.0,0.0,0.0,0.0,-71.2514143676,-0.040283016704,-0.039861627068,0.010965609784,-0.012467759118,0.040283016704,3.95
26,Mol_27,6GGB-13thActive,ESR1,0,24,195.167314,-52.342577312629,0.572299589513,-1591.3468067436993,-6.457088508602745,-4.251058348823509,-8.20500788485199,-2.935462496678885,-6.692868809699837,2.3819659724022966,-5.0881981695051195,8.738307353812326,30.56182752530742,-15.177907244104016,19.360322106468303,0.3183571534641374,2.206030159779236,6.457088508602745,4.251058348823509,-5.354073428713127,5.354073428713127,1.103015079889618,0.9066059188420823,12.994428998613799,4.854034660386442,0.21024731661957397,-0.15294367206431936,0.3631909886838933,0.21024731661957397,0.0988461817960584,0.12211979697938354,1.1861541815526966,-1.186154181552705,-0.028997497780659742,-0.15031445959992862,0.16233826951555397,0.14649573040952957,0.14646151871344681,0.14652994210561232,-0.15291337016141426,-0.15294367206431936,-0.15288306825850917,0.21022067285053314,0.21019402908149232,0.21024731661957397,-0.00041027431701723405,-0.0005204203910555982,-0.00029772373671232977,0.0,0.0,0.0,0.0,0.0,0.0,0.0,0.0,0.0,0.0,0.0,0.0,0.0,0.0,0.0,0.33563498828668337,-0.3843036981289156,0.719938686415599,0.3843036981289156,0.15247999617420366,0.18539924530363058,1.8297599540904321,-1.8297599540904557,0.008400101170423937,-0.10341865843972275,0.33563498828668337,-0.15882502755912098,-0.1588267931131302,-0.15882326200511176,-0.38427470739771774,-0.3843036981289156,-0.38424571666651985,0.24057019124942514,0.24054961793351382,0.24059076456533646,0.12186441775721712,0.11671246619130693,0.12701596223740408,0.0,0.0,0.0,0.0,0.0,0.0,0.0,0.0,0.0,0.0,0.0,0.0,0.0,0.0,0.0,-52.360503808803,-0.021578289749,-0.014862180629,-0.005514585996,-0.002282282822,0.021578289749,5.59
27,Mol_28,6GGB-14thActive,TP53,0,70,383.486728,-119.58899649657,1.174100288102,-2194.9045897638352,-5.895400080155838,-3.176922945440095,-6.352447176811856,-1.772978733312145,3.2424283024697744,-1.1972992052030615,-0.1672911238981139,3.4604700552919105,95.5050679696182,-37.7625766483737,63.276072435430336,0.12123163732283615,2.718477134715743,5.895400080155838,3.176922945440095,-4.536161512797967,4.536161512797967,1.3592385673578715,0.7357060224856846,7.569223594864313,3.3372813439332383,0.957315301493125,-0.4876777575432225,1.4449930590363476,0.957315301493125,0.10033421352901081,0.18463731995381494,3.511697473515314,-3.511697473515442,0.05627477826911457,-0.08526867668275884,0.2156527465000284,-0.13335236666710415,-0.13335236666710415,-0.13335236666710415,-0.3291275489776891,-0.4876777575432225,-0.1727060145259216,0.0,0.0,0.0,0.016873881205624348,-0.04641492205211328,0.1995352475030191,0.0,0.0,0.0,0.0,0.0,0.0,0.0,0.0,0.0,0.0,0.0,0.0,0.957315301493125,0.957315301493125,0.957315301493125,1.5661023968261016,-0.8019207960456587,2.3680231928717603,1.5661023968261016,0.19992324556738297,0.3000160607700303,6.997313594858383,-6.997313594858426,-0.013499818932634109,-0.29259477229566766,0.3920563972303208,-0.24843407162821318,-0.24843407162821318,-0.24843407162821318,-0.4974722915701562,-0.8019207960456587,-0.34519750297424423,0.0,0.0,0.0,0.11836923493266216,0.09146548991127246,0.3314719480092918,0.0,0.0,0.0,0.0,0.0,0.0,0.0,0.0,0.0,0.0,0.0,0.0,1.5661023968261016,1.5661023968261016,1.5661023968261016,-119.61773630835,-0.035327753704,-0.02971426817,0.002277138216,-0.008971383448,0.035327753704,5.39
28,Mol_29,6GGB-15thActive,TP53,0,30,176.935146,-57.582468329972,1.804102088667,-953.0963811423499,-6.501964913581712,-3.114086515860132,-6.774292771978545,-1.5079435994242676,-0.6935745871562086,1.9381738284172039,0.7870483103772539,2.2038621871564463,35.90391135631882,-15.577052500923127,23.527443836022556,0.19503284481938402,3.38787839772158,6.501964913581712,3.114086515860132,-4.808025714720921,4.808025714720921,1.69393919886079,0.5903399606506073,6.823477279752536,2.838369711235457,0.2424128105619605,-0.35030172517895686,0.5927145357409174,0.35030172517895686,0.0994483019693608,0.13003438536380968,1.4917245295403618,-1.4917245295404618,0.03269664205732307,-0.11543938872002002,0.2424128105619605,0.0,0.0,0.0,-0.2029280969114108,-0.35030172517895686,-0.16275687778003167,0.0,0.0,0.0,0.05241908536971081,-0.03508941061182913,0.1966863797769942,0.0,0.0,0.0,0.0,0.0,0.0,0.0,0.0,0.0,0.0,0.0,0.0,0.0,0.0,0.0,0.33525375914030686,-0.47465475814901126,0.8099085172893181,0.47465475814901126,0.21910191850310526,0.25640492859735897,3.2865287775465077,-3.286528777546649,0.02458444096491951,-0.2903540652042267,0.33525375914030686,0.0,0.0,0.0,-0.43246807492861483,-0.47465475814901126,-0.413659391882069,0.0,0.0,0.0,0.17935737601691404,0.10378438242758892,0.3316781321985265,0.0,0.0,0.0,0.0,0.0,0.0,0.0,0.0,0.0,0.0,0.0,0.0,0.0,0.0,0.0,-57.602048645399,-0.024219785871,-0.014600448664,0.004461037092,-0.015161133997,0.024219785871,5.499996932
29,Mol_30,6GGB-16thActive,TP53,0,26,160.927306,-50.319177804382,1.802177439967,-838.6205157835086,-6.233725668086122,-2.989749843714159,-7.1348880291883825,-1.6443675862663778,0.06614007837224342,-0.7602649650787561,0.1541341638951555,0.7785465095759837,90.03101301866384,-42.78590933202258,57.8468375003025,0.2755065526526685,3.243975824371963,6.233725668086122,2.989749843714159,-4.6117377559001405,4.6117377559001405,1.6219879121859815,0.6165274059609251,6.5561910077774375,2.843262715617172,0.19690469812408928,-0.25220812499730094,0.4491128231213902,0.25220812499730094,0.07527930627152898,0.10402528674349516,0.9786309815298863,-0.9786309815298675,0.03210280294779411,-0.044511990946523916,0.14179948077210014,0.0,0.0,0.0,-0.1827411774663097,-0.25220812499730094,-0.15034242968333622,0.0,0.0,0.0,0.0351906835745175,-0.038372279774301354,0.19690469812408928,0.0,0.0,0.0,0.0,0.0,0.0,0.0,0.0,0.0,0.0,0.0,0.0,0.0,0.0,0.0,0.33436730652363256,-0.43890386687348304,0.7732711733971156,0.43890386687348304,0.1887552691934471,0.23194938054902908,2.4538184995148007,-2.4538184995148242,0.024209712804332626,-0.14382910078707578,0.33436730652363256,0.0,0.0,0.0,-0.423097238239607,-0.43890386687348304,-0.4130761754125416,0.0,0.0,0.0,0.1691816217122184,0.10418502772453075,0.33053046320136126,0.0,0.0,0.0,0.0,0.0,0.0,0.0,0.0,0.0,0.0,0.0,0.0,0.0,0.0,0.0,-50.337694543867,-0.024065651436,-0.01661808392,0.003194217388,-0.011722544602,0.024065651436,5.499996932
30,Mol_31,6GGB-17thActive,TP53,0,26,160.640886,-45.607790752013,1.848701765391,-743.6013968632171,-6.051668183080951,-2.658602470710585,-6.849996951422897,-1.4377893306368652,3.086771592345459,-0.36345941576609664,-1.1256627156131047,3.305658506189262,100.70270338826815,-40.244450884027955,66.65858706405604,0.12937251334911903,3.393065712370366,6.051668183080951,2.658602470710585,-4.355135326895768,4.355135326895768,1.696532856185183,0.589437449651636,5.589990092565931,2.5670798599731857,0.12598729600642322,-0.1853677643299978,0.311355060336421,0.1853677643299978,0.056341494553911985,0.07831490757929753,0.7324394292008795,-0.732439429200832,0.023817488120717125,-0.09505214887528624,0.12598729600642322,-0.03574053582550807,-0.03574053582550807,-0.03574053582550807,-0.1799548763282619,-0.1853677643299978,-0.174541988326526,0.0,0.0,0.0,0.006911717199115504,-0.045829552290340025,0.113851351617836,0.0,0.0,0.0,0.0,0.0,0.0,0.0,0.0,0.0,0.0,0.0,0.0,0.0,0.0,0.0,0.33550928336439334,-0.4301444238913774,0.7656537072557708,0.4301444238913774,0.157889131568359,0.1967665959388476,2.0525587103886833,-2.0525587103886505,-0.0020486088370842586,-0.14430298602861935,0.33550928336439334,-0.3688488679256672,-0.3688488679256672,-0.3688488679256672,-0.4230316951406756,-0.4301444238913774,-0.41591896638997383,0.0,0.0,0.0,0.1381769757695812,0.0991801245070294,0.22831514241155793,0.0,0.0,0.0,0.0,0.0,0.0,0.0,0.0,0.0,0.0,0.0,0.0,0.0,0.0,0.0,-45.625073015658,-0.023915693153,-0.018955816658,7.919868e-06,-0.006048556062,0.023915693153,5.199998172
31,Mol_32,6GGB-18thActive,TP53,0,28,194.53745,-57.143218169801,1.814025945738,-1717.833686463621,-5.905713973175407,-2.492363062573871,-6.037898241686754,-1.3995543331980347,0.06116159754152992,-0.4171811105156594,-0.5599967499117652,0.7009830097061205,143.04644561920756,-55.29527527998713,94.93497869965455,0.10421051316628467,3.4133509106015363,5.905713973175407,2.492363062573871,-4.199038517874639,4.199038517874639,1.7066754553007681,0.5859344826774752,5.165576272815023,2.460361461713669,0.11265792323398882,-0.17476617610862633,0.28742409934261515,0.17476617610862633,0.05795009874367465,0.0736120248894111,0.8113013824112675,-0.8113013824116229,0.013276828880443617,-0.03318645949717958,0.08256397735772847,-0.0250435181122195,-0.025046954649963205,-0.025040081574475792,-0.1747611649974301,-0.17476617610862633,-0.1747561538862339,0.0,0.0,0.0,0.041075603081780696,-0.04447664502783133,0.11265792323398882,0.0,0.0,0.0,-0.05743553138075619,-0.057443788442178345,-0.05742727431933403,0.0,0.0,0.0,0.0,0.0,0.0,0.0,0.0,0.0,0.3245951057168135,-0.41694811648930497,0.7415432222061185,0.41694811648930497,0.1631574053570561,0.2060994131150486,2.2842036749985972,-2.284203674998974,0.01936367437734862,-0.1422510959064205,0.3245951057168135,-0.3691347767341844,-0.36913661236141326,-0.3691329411069555,-0.41694676680343346,-0.41694811648930497,-0.41694541711756195,0.0,0.0,0.0,0.17002605910387558,0.10247823498477748,0.22794407553220197,0.0,0.0,0.0,-0.029568413519513115,-0.029570040569893763,-0.029566786469132467,0.0,0.0,0.0,0.0,0.0,0.0,0.0,0.0,0.0,-57.172079407583,-0.040000258086,-0.030299867192,-0.001486597446,-0.009294553145,0.040000258086,5.099999035
32,Mol_33,6GGB-19thActive,TP53,0,26,161.081379,-50.30289298969,1.656759637947,-838.5919731587724,-6.405885166516767,-2.6860984896178577,-6.514901103048164,-1.215666208673714,-0.23077864869799478,0.3792130934279101,-1.0260588244985647,1.1179705122468184,98.21565638825771,-39.56262543731451,64.96468784681882,0.13547237160222417,3.7197866768989094,6.405885166516767,2.6860984896178577,-4.545991828067312,4.545991828067312,1.8598933384494547,0.5376652409721916,5.555706145515724,2.4442217916954254,0.17232613330659663,-0.17364020528028057,0.3459663385868772,0.17364020528028057,0.06445540696024397,0.08401862337872867,0.8379202904831766,-0.8379202904831666,0.024908554054711245,-0.03359136019749176,0.10631901903315466,0.0,0.0,0.0,-0.13516684991481664,-0.17364020528028057,-0.12169309168679376,0.0,0.0,0.0,0.02399345536166489,-0.044028276956134205,0.17232613330659663,0.0,0.0,0.0,0.0,0.0,0.0,0.0,0.0,0.0,0.0,0.0,0.0,0.0,0.0,0.0,0.3356420265098654,-0.4144199912280424,0.7500620177379078,0.4144199912280424,0.1877627665220803,0.22612312366664883,2.4409159647870515,-2.4409159647870364,0.02001203589333324,-0.14764588368361942,0.3356420265098654,0.0,0.0,0.0,-0.39637752504089896,-0.4144199912280424,-0.3775373959567965,0.0,0.0,0.0,0.16316769970711825,0.09844125125574554,0.3228621115568211,0.0,0.0,0.0,0.0,0.0,0.0,0.0,0.0,0.0,0.0,0.0,0.0,0.0,0.0,0.0,-50.328467264429,-0.035068215788,-0.025020680013,0.002583815985,-0.013712111459,0.035068215788,5.0
33,Mol_34,6GGB-1stActive,TP53,0,28,169.641773,-49.056127939664,1.275853769645,-798.928762750546,-5.049203163321294,-2.5237632382187503,-6.743415020691,-1.0850131532622214,-3.2714938521705657,-0.2665072307334498,-0.3285144900503312,3.2987300433645745,61.95027315728679,-28.38929456364338,40.17184395611338,0.2422180484413618,2.5254399251025434,5.049203163321294,2.5237632382187503,-3.786483200770022,3.786483200770022,1.2627199625512717,0.7919412297715978,5.6772108840131805,2.9986721625273067,0.13391425180181915,-0.263317148730593,0.3972314005324121,0.263317148730593,0.060989642902601414,0.09033105816056736,0.8538550006364547,-0.853855000636385,0.015588075807809076,-0.04705072253646847,0.08882051752052522,0.008660036877660371,0.008586676863405529,0.008733396891915213,-0.26331568446431675,-0.263317148730593,-0.2633142201980405,0.0,0.0,0.0,0.02910782338640554,-0.04577302836594388,0.13391425180181915,0.0,0.0,0.0,0.0,0.0,0.0,0.0,0.0,0.0,0.0,0.0,0.0,0.0,0.0,0.0,0.31337297708676104,-0.4734779352351719,0.7868509123219329,0.4734779352351719,0.17845958565645306,0.21686964347895096,2.498434199190365,-2.49843419919032,0.0057224196954156325,-0.11433963579678608,0.31337297708676104,-0.3625037060506462,-0.36250693594029837,-0.362500476160994,-0.47347337406516754,-0.4734779352351719,-0.4734688128951632,0.0,0.0,0.0,0.15918402844958546,0.10207258584219014,0.25238655830352896,0.0,0.0,0.0,0.0,0.0,0.0,0.0,0.0,0.0,0.0,0.0,0.0,0.0,0.0,0.0,-49.076095969469,-0.026589320794,-0.017720984566,-0.001797511733,-0.008151584193,0.026589320794,5.0
34,Mol_35,6GGB-20thActive,TP53,0,29,179.057365,-60.610505200292,1.658122013355,-1027.0521313353718,-6.576666197800008,-3.2262085071274207,-7.035963495622053,-1.9395597935309883,-1.334496538469784,0.009897304761730195,0.09420830188160026,1.3378543164234278,29.348883544594127,-11.547910840937543,19.452526429363196,0.1175239955728711,3.350457690672587,6.576666197800008,3.2262085071274207,-4.901437352463715,4.901437352463715,1.6752288453362936,0.596933369899833,7.170389940158832,2.9258315161590813,0.19661740632054914,-0.22730636237875856,0.4239237686993077,0.22730636237875856,0.08895037044720444,0.11497256848291819,1.2897803714844387,-1.28978037148449,0.03584288784559112,-0.0688994367056317,0.16255481972785457,0.0,0.0,0.0,-0.17196535621966427,-0.22730636237875856,-0.11848908113902823,0.0,0.0,0.0,0.06176860245425844,-0.025130003837707582,0.19661740632054914,0.0,0.0,0.0,0.0,0.0,0.0,0.0,0.0,0.0,0.0,0.0,0.0,0.0,0.0,0.0,0.4973752624578234,-0.4465002125677078,0.9438754750255312,0.4973752624578234,0.22490293057295774,0.27074765632093845,3.261092493307847,-3.2610924933079275,0.06111543637424486,-0.13036694828788242,0.4973752624578234,0.0,0.0,0.0,-0.4199208098650198,-0.4465002125677078,-0.39424719807071895,0.0,0.0,0.0,0.20034916419704568,0.11266726917508396,0.33722802138824004,0.0,0.0,0.0,0.0,0.0,0.0,0.0,0.0,0.0,0.0,0.0,0.0,0.0,0.0,0.0,-60.638516114562,-0.035533834058,-0.022146655957,0.005742748433,-0.020210686232,0.035533834058,5.0
35,Mol_36,6GGB-21stActive,TP53,0,37,207.398772,-61.310790392617,1.255821951207,-974.6557280730424,-5.705835920361263,-2.839162064046225,-7.008131655783404,-1.5732183160899844,-0.8025849325258806,-0.2011092226255649,0.6316323027727851,1.040935569211026,80.98217796178359,-42.31720270387557,50.192693077022696,0.37230300650538695,2.866673856315038,5.705835920361263,2.839162064046225,-4.272498992203744,4.272498992203744,1.433336928157519,0.6976726688298254,6.367744833675255,2.9808057744635255,0.251077534705507,-0.39440182105415467,0.6454793557596616,0.39440182105415467,0.07375183156651377,0.12007748411453019,1.3644088839805073,-1.364408883980502,0.06462605051826219,-0.03979469239269129,0.251077534705507,-0.3055173320666258,-0.3055173320666258,-0.3055173320666258,-0.25423058129907145,-0.39440182105415467,-0.17375908917942517,0.0,0.0,0.0,-0.006337322224324934,-0.02978429441507191,0.022816040383209946,0.0,0.0,0.0,0.0,0.0,0.0,0.0,0.0,0.0,0.0,0.0,0.0,0.0,0.0,0.0,0.3334337899459374,-0.43633618436602184,0.7697699743119593,0.43633618436602184,0.12928526484991373,0.1668960149434448,2.3917773997234173,-2.3917773997233915,-0.00741017545684006,-0.13443045509217733,0.3334337899459374,-0.1485311870890227,-0.1485311870890227,-0.1485311870890227,-0.4190144324193656,-0.43633618436602184,-0.4078493740050657,0.0,0.0,0.0,0.10259717617135108,0.07546972078096681,0.1212735061458865,0.0,0.0,0.0,0.0,0.0,0.0,0.0,0.0,0.0,0.0,0.0,0.0,0.0,0.0,0.0,-61.322766959827,-0.01577857632,-0.014928167711,0.000815803324,-0.002746971632,0.01577857632,4.949999402
36,Mol_37,6GGB-22ndActive,TP53,0,36,198.016984,-54.833732492296,1.803467163356,-845.419039326538,-7.089173084783602,-2.9117364935996872,-7.208780296816095,-1.6493148201635595,-0.863378378158666,0.19592543013300012,0.07751378873940121,0.8887167071060531,70.83144455762609,-32.60102382099834,45.88504244714474,0.24612018557353255,4.177436591183914,7.089173084783602,2.9117364935996872,-5.000454789191645,5.000454789191645,2.088718295591957,0.47876250335452397,5.985620021502995,2.3940302527845105,0.14423586932022747,-0.28952444401101385,0.4337603133312413,0.28952444401101385,0.051176616591052715,0.08371700027932294,0.9211790986389025,-0.9211790986389954,0.023481584517094638,-0.28952444401101385,0.14423586932022747,0.0,0.0,0.0,-0.17008066378264974,-0.1706767562565883,-0.1694845713087112,0.0,0.0,0.0,-0.005156699608906058,-0.024927068391843665,0.008549499507532476,0.0,0.0,0.0,0.0,0.0,0.0,0.0,0.0,0.0,0.0,0.0,0.0,0.0,0.0,0.0,0.3334911660185824,-0.4129174769104438,0.7464086429290262,0.4129174769104438,0.13375573429536866,0.16949441145391864,2.4076032173165816,-2.40760321731669,-0.04520260213830321,-0.28700348586749413,0.3334911660185824,0.0,0.0,0.0,-0.41279916587167964,-0.4129174769104438,-0.4126808548329155,0.0,0.0,0.0,0.10245282313954429,0.0898310089512423,0.12177321967979537,0.0,0.0,0.0,0.0,0.0,0.0,0.0,0.0,0.0,0.0,0.0,0.0,0.0,0.0,0.0,-54.843271059895,-0.012456859068,-0.011723876491,0.000692855955,-0.00250659823,0.012456859068,4.949999402
37,Mol_38,6GGB-23rdActive,TP53,0,29,172.150539,-48.782574182737,1.654223235922,-782.8950142376511,-5.860838471010458,-2.7324166770248395,-6.928717452949454,-1.3518120908252362,-2.224480030078266,1.1819712599689634,1.3306985472335813,2.8488815502261913,68.46144890381423,-25.888328444609428,45.49672428181271,0.08797265488439864,3.128421793985619,5.860838471010458,2.7324166770248395,-4.2966275740176485,4.2966275740176485,1.5642108969928095,0.6392999830921117,5.901061214092043,2.7468339354225835,0.13205444350545448,-0.24906708243608122,0.3811215259415357,0.24906708243608122,0.053456573186248496,0.077846846662358,0.7751203112006121,-0.7751203112005942,0.016590485445448878,-0.07554480549766662,0.11615124120979292,0.007650967563702871,0.007650967563702871,0.007650967563702871,-0.21246927340501998,-0.24906708243608122,-0.17587146437395873,0.0,0.0,0.0,0.015311845233147436,-0.03434030223690976,0.13205444350545448,0.0,0.0,0.0,0.0,0.0,0.0,0.0,0.0,0.0,0.0,0.0,0.0,0.0,0.0,0.0,0.33158929757055233,-0.4576451444483709,0.7892344420189232,0.4576451444483709,0.1558500460478084,0.19652761933487853,2.2598256676932165,-2.259825667693227,-0.014749155588424342,-0.29423866421547196,0.33158929757055233,-0.3637918005292633,-0.3637918005292633,-0.3637918005292633,-0.43820677585267553,-0.4576451444483709,-0.41876840725698017,0.0,0.0,0.0,0.13285842600554262,0.1003142587467507,0.2512081891890422,0.0,0.0,0.0,0.0,0.0,0.0,0.0,0.0,0.0,0.0,0.0,0.0,0.0,0.0,0.0,-48.797681716195,-0.020414034796,-0.016222652005,-0.000445955163,-0.004826187326,0.020414034796,4.899998417
38,Mol_39,6GGB-24thActive,TP53,0,31,185.556011,-54.998005285555,1.805548471479,-896.1485969256757,-6.68795224086194,-2.9258024344733635,-7.094328797332367,-1.7322778595379011,0.8233523013315192,-2.9772893088725465,-1.568854160200152,3.464601566820058,79.50833313394165,-38.64428232062713,50.74118414683207,0.2969988471681442,3.7621498063885768,6.68795224086194,2.9258024344733635,-4.806877337667652,4.806877337667652,1.8810749031942884,0.5316109413303433,6.14171974229894,2.5553885863369947,0.15655092267700876,-0.22154257041545655,0.3780934930924653,0.22154257041545655,0.05543081452542813,0.08163125060453665,0.859177625144103,-0.8591776251441692,0.029808409925927537,-0.08528649328350824,0.15655092267700876,-0.04783314146182249,-0.04783314146182249,-0.04783314146182249,-0.1886586004108158,-0.22154257041545655,-0.17093023149297437,0.0,0.0,0.0,0.012443125807214829,-0.03483901241918419,0.11391003664800836,0.0,0.0,0.0,0.0,0.0,0.0,0.0,0.0,0.0,0.0,0.0,0.0,0.0,0.0,0.0,0.41199959268942177,-0.45166370992761706,0.8636633026170388,0.45166370992761706,0.1686520371824027,0.21054427590147515,2.6141065763272064,-2.614106576327277,0.005693197909456937,-0.3323977388627153,0.41199959268942177,-0.22602175358152365,-0.22602175358152365,-0.22602175358152365,-0.42741795237288055,-0.45166370992761706,-0.4151028577905027,0.0,0.0,0.0,0.12883494946807125,0.10937304017566296,0.226455265486471,0.0,0.0,0.0,0.0,0.0,0.0,0.0,0.0,0.0,0.0,0.0,0.0,0.0,0.0,0.0,-55.015245473555,-0.022903318608,-0.020987825312,0.001864738209,-0.004860991202,0.022903318608,4.899998417
39,Mol_40,6GGB-25thActive,TP53,0,30,174.801474,-48.502561671463,1.815054080573,-766.8531980585478,-7.104975733830791,-2.913968134890718,-7.215629825234791,-1.6931131892050622,0.7349845167308167,-0.2120337597334984,-0.1076202271085242,0.7724912092597853,71.39758339325594,-32.24524378904142,46.444036129424234,0.22933811908505855,4.1910075989400735,7.104975733830791,2.913968134890718,-5.0094719343607546,5.0094719343607546,2.0955037994700367,0.4772122103777168,5.987774650538616,2.390581174621432,0.12894335646728905,-0.1705270385149742,0.29947039498226324,0.1705270385149742,0.03866452265997222,0.061667987740696935,0.5799678398995755,-0.5799678398995913,0.02602352769524474,-0.06928891267975512,0.12894335646728905,0.0,0.0,0.0,-0.16985172721745379,-0.1705270385149742,-0.16917641591993338,0.0,0.0,0.0,-0.006389415724085347,-0.028488529560845466,0.015937638914007124,0.0,0.0,0.0,0.0,0.0,0.0,0.0,0.0,0.0,0.0,0.0,0.0,0.0,0.0,0.0,0.33358358604314997,-0.4134033667979793,0.7469869528411293,0.4134033667979793,0.13272159779607554,0.16911662840158379,1.9908239669411556,-1.990823966941111,-0.02845565662320909,-0.2731853118503835,0.33358358604314997,0.0,0.0,0.0,-0.4125256899017593,-0.4134033667979793,-0.4116480130055393,0.0,0.0,0.0,0.10669515714790906,0.09312004530875706,0.1219154435743649,0.0,0.0,0.0,0.0,0.0,0.0,0.0,0.0,0.0,0.0,0.0,0.0,0.0,0.0,0.0,-48.5120509705,-0.012502628544,-0.011834235129,0.000777666656,-0.002526819769,0.012502628544,4.899998417
40,Mol_41,6GGB-2ndActive,TP53,0,29,177.464185,-55.786973217419,1.84413185975,-931.8970975119084,-7.474480231723294,-3.301435286073717,-7.50862353893158,-2.136145285760469,-1.033206024065303,2.63858346001982,-1.1432595285019216,3.05559809418147,99.23349914614971,-48.584139419124874,63.17799473743827,0.3041305926853168,4.173044945649577,7.474480231723294,3.301435286073717,-5.387957758898505,5.387957758898505,2.0865224728247886,0.47926634533016743,6.9565722846907345,2.5822668239006057,0.22625555957360355,-0.2169566841397863,0.44321224371338985,0.22625555957360355,0.06403458968831709,0.09511088557576781,0.9285015504805677,-0.9285015504806278,0.032080925974329176,-0.04833367167736391,0.1286410260544706,0.22625555957360355,0.22625555957360355,0.22625555957360355,-0.18768476511713716,-0.2169566841397863,-0.15576356998968244,0.0,0.0,0.0,0.004807734586660827,-0.018433497100247997,0.0423671928409769,0.0,0.0,0.0,0.0,0.0,0.0,0.0,0.0,0.0,0.0,0.0,0.0,0.0,0.0,0.0,0.5937353329155117,-0.4049391809413425,0.9986745138568542,0.5937353329155117,0.16792301007838223,0.22166562299611842,2.4348836461364947,-2.4348836461365906,-0.008819386258744129,-0.30077020629067963,0.33462124476024435,0.5937353329155117,0.5937353329155117,0.5937353329155117,-0.38196643214595616,-0.4049391809413425,-0.36220713470359556,0.0,0.0,0.0,0.11849124328326432,0.10790893838271876,0.12729057118923126,0.0,0.0,0.0,0.0,0.0,0.0,0.0,0.0,0.0,0.0,0.0,0.0,0.0,0.0,0.0,-55.802666445964,-0.021270945797,-0.022800496621,0.004496418478,-0.004047627352,0.021270945797,4.849999245
41,Mol_42,6GGB-3rdActive,TP53,0,66,367.382309,-116.591515329941,1.652493188241,-2179.6382821059115,-6.43004054545413,-3.201224818125661,-6.7854378477490505,-1.8532610195919577,1.4448587607315742,1.12899183226911,-4.187050527595984,4.5709552083164136,48.59193110291325,-32.09065260777389,19.87952776470472,0.8524460976145383,3.228815727328469,6.43004054545413,3.201224818125661,-4.815632681789896,4.815632681789896,1.6144078636642345,0.6194221562637164,7.182298429000368,2.9829095795283203,0.9507963770316632,-0.4842669429844708,1.435063320016134,0.9507963770316632,0.10091577022728315,0.18420311035939943,3.330220417500304,-3.330220417500384,0.0491280372790258,-0.05828401076938672,0.267222561516121,-0.1543680514783441,-0.1543680514783441,-0.1543680514783441,-0.3160823774973409,-0.4842669429844708,-0.16193652840934547,0.0,0.0,0.0,0.020893022063876103,-0.056541891028289104,0.2009916140105027,-0.2074659451120482,-0.2074659451120482,-0.2074659451120482,0.0,0.0,0.0,0.0,0.0,0.0,0.0,0.0,0.0,0.9507963770316632,0.9507963770316632,0.9507963770316632,1.5829911557714258,-0.8049842919716905,2.3879754477431163,1.5829911557714258,0.2066340203381051,0.3080817652987553,6.818922671157437,-6.818922671157498,-0.00971463137489259,-0.3031072545151039,0.3843588473699695,-0.2585472806392186,-0.2585472806392186,-0.2585472806392186,-0.5091955374204802,-0.8049842919716905,-0.3408915430433357,0.0,0.0,0.0,0.1218470052058696,0.09414982997363008,0.3306027982761852,-0.2687390378299135,-0.2687390378299135,-0.2687390378299135,0.0,0.0,0.0,0.0,0.0,0.0,0.0,0.0,0.0,1.5829911557714258,1.5829911557714258,1.5829911557714258,-116.618284515574,-0.03338089026,-0.029969092305,0.004367299385,-0.008859857038,0.03338089026,4.800000875
42,Mol_43,6GGB-4thActive,TP53,0,60,300.270208,-97.496293305058,1.053204612649,-1524.4518790381412,-4.8961007415241555,-2.7177356141892117,-5.70692993863827,-0.8828519535587929,0.5584179880003135,4.844829060239548,-2.8240135294665953,5.635534729453304,120.86591414730415,-53.095775495668185,79.03742990567414,0.20550565622913697,2.178365127334944,4.8961007415241555,2.7177356141892117,-3.8069181778566836,3.8069181778566836,1.089182563667472,0.9181197288293174,6.652982932492233,3.4952066851291774,0.22937504910137907,-0.3694941025023617,0.5988691516037408,0.3694941025023617,0.09334880021163272,0.13460001425110832,2.800464006348924,-2.8004640063490402,0.0662347766495618,-0.050201576158274364,0.22937504910137907,-0.18880534027432838,-0.2746685637637496,-0.10185503086631886,-0.28830054097863655,-0.3694941025023617,-0.18219464131330199,0.0,0.0,0.0,0.03670926859566635,-0.0378649734709855,0.19387369826211487,0.0,0.0,0.0,0.0,0.0,0.0,0.0,0.0,0.0,0.0,0.0,0.0,0.0,0.0,0.0,0.3252862176404835,-0.5136822397558465,0.83896845739633,0.5136822397558465,0.17773456497968987,0.22329344785532287,5.3320369493905995,-5.332036949390792,0.009263921122468443,-0.11891484424335719,0.3046689677336607,-0.2971786485880692,-0.35479201356900436,-0.24005202444047224,-0.48607777056868134,-0.5136822397558465,-0.44391120061834144,0.0,0.0,0.0,0.13933481975249523,0.06241260806757454,0.3252862176404835,0.0,0.0,0.0,0.0,0.0,0.0,0.0,0.0,0.0,0.0,0.0,0.0,0.0,0.0,0.0,-97.531708393332,-0.044045841273,-0.024750721602,0.002593845495,-0.022969724865,0.044045841273,4.700000504
43,Mol_44,6GGB-5thActive,TP53,0,25,156.213399,-46.240924676003,1.860354300068,-763.446308861797,-6.79537222323306,-2.8759313048985886,-7.095936173692614,-1.6883005505627804,-1.3683069375996006,0.626844360825391,-0.33919825146208243,1.5428069166220135,93.79314896716348,-43.44130163208998,60.66965485262045,0.25177896060736976,3.9194409183344714,6.79537222323306,2.8759313048985886,-4.835651764065824,4.835651764065824,1.9597204591672357,0.5102768587847168,5.966036603314721,2.4675211923442837,0.2117403627381016,-0.1760135498197517,0.3877539125578533,0.2117403627381016,0.06327345896640411,0.09275843731798272,0.7909182370800631,-0.7909182370800396,0.031392722328569454,-0.08438298189378202,0.2117403627381016,0.0,0.0,0.0,-0.1702039385500047,-0.1760135498197517,-0.16482455013537312,0.0,0.0,0.0,0.008889212881258157,-0.03614108126873106,0.18059521361366704,0.0,0.0,0.0,0.0,0.0,0.0,0.0,0.0,0.0,0.0,0.0,0.0,0.0,0.0,0.0,0.33546520087713283,-0.4216493616728645,0.7571145625499973,0.4216493616728645,0.16417502081423382,0.20742035610191156,2.0521877601779295,-2.052187760177916,0.007251914607423883,-0.14789070096939927,0.33546520087713283,0.0,0.0,0.0,-0.41635666785380465,-0.4216493616728645,-0.4072403733163146,0.0,0.0,0.0,0.1434428998821866,0.1018304911593042,0.32835826808996693,0.0,0.0,0.0,0.0,0.0,0.0,0.0,0.0,0.0,0.0,0.0,0.0,0.0,0.0,0.0,-46.256662076615,-0.021321892966,-0.016240302625,0.00233151566,-0.0084938657,0.021321892966,4.700000504
44,Mol_45,6GGB-6thActive,TP53,0,28,170.070508,-58.493449981093,1.567086430492,-988.9864242813442,-6.132768941501647,-3.2679135106654202,-6.551364631327385,-1.610728570513751,0.5431587816807845,-1.3177075351343845,0.03926323646594791,1.425803707389159,22.601887991509525,-11.95552523047805,13.920107521360869,0.3861139565325295,2.8648554308362266,6.132768941501647,3.2679135106654202,-4.700341226083534,4.700341226083534,1.4324277154181133,0.6981155064485112,7.711805420900992,3.2813810955281224,0.2049210191792794,-0.35274720999307263,0.557668229172352,0.35274720999307263,0.10163158617618172,0.1383518355897379,1.4228422064665172,-1.4228422064665716,0.040500174812693156,-0.030451199735159307,0.13540703249691877,0.0,0.0,0.0,-0.21781377229170662,-0.35274720999307263,-0.1550283926039242,0.0,0.0,0.0,0.09248502329656014,-0.015963072127071376,0.2049210191792794,0.0,0.0,0.0,0.0,0.0,0.0,0.0,0.0,0.0,0.0,0.0,0.0,0.0,0.0,0.0,0.3350684440239501,-0.47395057057496537,0.8090190145989155,0.47395057057496537,0.241973023520969,0.2784616656429187,3.3876223292935346,-3.387622329293597,0.0590691295263415,-0.12055989012633717,0.3263022614298583,0.0,0.0,0.0,-0.442285814748292,-0.47395057057496537,-0.4209904126016486,0.0,0.0,0.0,0.22834338439011354,0.12225199499446637,0.3350684440239501,0.0,0.0,0.0,0.0,0.0,0.0,0.0,0.0,0.0,0.0,0.0,0.0,0.0,0.0,0.0,-58.512697735136,-0.022717540808,-0.011649327157,0.005218107593,-0.017367080942,0.022717540808,4.550000452
45,Mol_46,6GGB-7thActive,TP53,0,29,172.437406,-48.778807984916,1.514424324211,-782.8845741475704,-5.784898343306165,-2.8065128227025364,-6.9744127606354,-1.3798808612319104,-2.018171461278088,-1.6651502249024657,0.07648673538872432,2.617554495956195,62.52485875574456,-22.85563216138905,41.61613136469245,0.06351824014289563,2.9783855206036285,5.784898343306165,2.8065128227025364,-4.2957055830043505,4.2957055830043505,1.4891927603018142,0.6715047418020823,6.195667527995121,2.8845866683730996,0.13558173498065695,-0.2514665784787127,0.38704831345936963,0.2514665784787127,0.058812874822917076,0.08293930697697922,0.8527866849322923,-0.8527866849323029,0.03320391780952807,-0.0654228102232377,0.13558173498065695,-0.12972542801875964,-0.12972542801875964,-0.12972542801875964,-0.21253029385034417,-0.2514665784787127,-0.17359400922197565,0.0,0.0,0.0,0.005157022597865112,-0.04452588769446297,0.1329113206317869,0.0,0.0,0.0,0.0,0.0,0.0,0.0,0.0,0.0,0.0,0.0,0.0,0.0,0.0,0.0,0.3329033348093411,-0.45800074850274974,0.7909040833120908,0.45800074850274974,0.14723004272039883,0.18228616229003525,2.1348356194457807,-2.134835619445785,-0.015773689510529702,-0.1836143401680097,0.3329033348093411,-0.23155838787774652,-0.23155838787774652,-0.23155838787774652,-0.43657615134521865,-0.45800074850274974,-0.41515155418768757,0.0,0.0,0.0,0.121937821202375,0.09585375902643534,0.24519418038585006,0.0,0.0,0.0,0.0,0.0,0.0,0.0,0.0,0.0,0.0,0.0,0.0,0.0,0.0,0.0,-48.791258744281,-0.016596005308,-0.014263884632,-0.00012577608,-0.003287104293,0.016596005308,4.550000452
46,Mol_47,6GGB-8thActive,TP53,0,72,407.089716,-121.942480815236,1.834705298961,-2233.988634784465,-6.11938989910165,-2.4990988175845765,-6.235201829573865,-1.5159654142797614,-6.545551469763395,1.1619043561422076,-2.5232187285425605,7.1106187162730015,42.22105480887671,-22.698224300425107,25.764339628950502,0.4050984384670513,3.6202910815170735,6.11938989910165,2.4990988175845765,-4.309244358343113,4.309244358343113,1.8101455407585367,0.5524417664123034,5.129307705315897,2.380606565225322,0.9518920607475305,-0.48696445085419704,1.4388565116017276,0.9518920607475305,0.0908380267074102,0.17126326965276126,3.27016896146671,-3.2701689614668252,0.03818217223082687,-0.09580732431884709,0.2346413626852195,-0.12173827121168568,-0.12173827121168568,-0.12173827121168568,-0.30195965429008087,-0.48696445085419704,-0.11586942506177245,0.0,0.0,0.0,0.012123131113274295,-0.04811982863727482,0.17766445093475702,0.0,0.0,0.0,0.0,0.0,0.0,0.0,0.0,0.0,0.0,0.0,0.0,0.9518920607475305,0.9518920607475305,0.9518920607475305,1.5664764987158861,-0.8272370672289124,2.3937135659447986,1.5664764987158861,0.1883879740164096,0.29049160330732615,6.781967064590716,-6.781967064590776,-0.025982609073379848,-0.2994557265647808,0.3911292478346988,-0.2557512805594486,-0.2557512805594486,-0.2557512805594486,-0.502286588362016,-0.8272370672289124,-0.34915027660486686,0.0,0.0,0.0,0.11796703263625949,0.08653983307675761,0.3281443835405594,0.0,0.0,0.0,0.0,0.0,0.0,0.0,0.0,0.0,0.0,0.0,0.0,1.5664764987158861,1.5664764987158861,1.5664764987158861,-121.974325909546,-0.039780358975,-0.032326468363,0.001628155467,-0.010162805777,0.039780358975,4.550000452
47,Mol_48,6GGB-9thActive,TP53,0,30,177.145553,-57.559694904236,1.696685778879,-953.0756159078417,-6.7180472912793014,-3.328924257739549,-6.918123310163619,-1.7491238881489657,-1.4367971043636472,-0.4336686298910048,-0.30418397399739705,1.5313335004812476,32.62477402098272,-16.118774768038914,20.705761763908964,0.31315500093705795,3.3891230335397524,6.7180472912793014,3.328924257739549,-5.0234857745094255,5.0234857745094255,1.6945615167698762,0.5901231617168853,7.445999769545565,2.964475308093298,0.3216056495798849,-0.341336474925944,0.6629421245058289,0.341336474925944,0.09523761738340426,0.13825543167940407,1.4285642607510127,-1.428564260751115,0.045210629955241784,-0.09151858297701398,0.3216056495798849,0.0,0.0,0.0,-0.22800240394371762,-0.341336474925944,-0.1567176286019194,0.0,0.0,0.0,0.046185257038985905,-0.02827309227007513,0.19720501609774277,0.0,0.0,0.0,0.0,0.0,0.0,0.0,0.0,0.0,0.0,0.0,0.0,0.0,0.0,0.0,0.3336271476071344,-0.49979987854583463,0.833427026152969,0.49979987854583463,0.20019997202827552,0.24723055493255322,3.0029995804240874,-3.002999580424178,0.03199805001086039,-0.1300812757631693,0.3336271476071344,0.0,0.0,0.0,-0.44525398345790457,-0.49979987854583463,-0.41108949692167585,0.0,0.0,0.0,0.17462991671265266,0.08526921848596036,0.3305877521243876,0.0,0.0,0.0,0.0,0.0,0.0,0.0,0.0,0.0,0.0,0.0,0.0,0.0,0.0,0.0,-57.577429480814,-0.021295862795,-0.013524834247,0.004557895828,-0.013409684075,0.021295862795,4.096910013
48,Mol_49,6N0D-Active_13th,TP53,0,36,202.256564,-57.253892498811,1.640732700129,-899.5031304097931,-5.692139540540745,-2.5309646202123397,-6.7768296744971215,-1.3091363867845562,3.7998880003060704,1.3926134167517905,1.768584321397033,4.416606326726276,61.44783709904305,-29.401694752675482,39.404439975452945,0.2819363361500904,3.161174920328405,5.692139540540745,2.5309646202123397,-4.111552080376542,4.111552080376542,1.5805874601642025,0.6326761569373156,5.347651090402957,2.6012809692602556,0.16428669220276682,-0.30547161271255163,0.46975830491531845,0.30547161271255163,0.05711793725469383,0.0900680347577528,1.0281228705844927,-1.0281228705844851,0.0397555516137067,-0.063549496215634,0.16428669220276682,-0.30547161271255163,-0.30547161271255163,-0.30547161271255163,-0.2000554653030706,-0.22024723506129185,-0.17986369554484938,0.0,0.0,0.0,-0.0006678257152013275,-0.023753006356602047,0.056286028499288654,0.0,0.0,0.0,0.0,0.0,0.0,0.0,0.0,0.0,0.0,0.0,0.0,0.0,0.0,0.0,0.3326959467285313,-0.44355907355078905,0.7762550202793204,0.44355907355078905,0.12929363079103356,0.16015546847373396,2.327285354238616,-2.327285354238591,-0.03223827861280896,-0.16838577743345162,0.3326959467285313,-0.11131567052393176,-0.11131567052393176,-0.11131567052393176,-0.4302950570343551,-0.44355907355078905,-0.41703104051792117,0.0,0.0,0.0,0.10347965330821518,0.08197421787173453,0.12841921243242604,0.0,0.0,0.0,0.0,0.0,0.0,0.0,0.0,0.0,0.0,0.0,0.0,0.0,0.0,0.0,-57.267522459997,-0.018551344141,-0.017105047228,0.000186186354,-0.002713242966,0.018551344141,5.11
49,Mol_50,6N0D-Active_15th,TDP1,0,30,170.504247,-50.045903979688,2.365478620974,-800.059927438667,-5.449991129238018,-1.5373052486359324,-6.319982878106212,-1.4317495814131544,1.4516471241929834,0.49848032437935996,0.6359857487248252,1.6613969662763284,32.26374291414639,-12.129136287534156,21.447873227488863,0.0837001087402383,3.912685880602086,5.449991129238018,1.5373052486359324,-3.4936481889369753,3.4936481889369753,1.956342940301043,0.5111578238149389,3.1194882596055495,1.7858056054320266,0.16516395147235674,-0.28823165420084873,0.45339560567320547,0.28823165420084873,0.07964476800990729,0.1098932468552614,1.1946715201486158,-1.1946715201486027,0.0005364954692460725,-0.28823165420084873,0.15496675297858697,-0.05819552396098748,-0.09247841178531235,-0.023912636136662613,-0.14714810005689571,-0.1882122958245347,-0.10608390428925674,0.0,0.0,0.0,0.03359802595552789,-0.05370088408134177,0.16516395147235674,0.0,0.0,0.0,0.0,0.0,0.0,0.0,0.0,0.0,0.0,0.0,0.0,0.0,0.0,0.0,0.3219104357397323,-0.45093631643647036,0.7728467521762027,0.45093631643647036,0.1721002801791698,0.20682689139283256,2.5815042026875368,-2.581504202687558,-0.01547385581773846,-0.189755165280733,0.22079848617959552,-0.39019409056501786,-0.4076088629176562,-0.37277931821237953,-0.4213655008319632,-0.45093631643647036,-0.3917946852274561,0.0,0.0,0.0,0.15331276368685662,0.08684701161357211,0.3219104357397323,0.0,0.0,0.0,0.0,0.0,0.0,0.0,0.0,0.0,0.0,0.0,0.0,0.0,0.0,0.0,-50.065712493949,-0.023195415671,-0.010941766453,-0.003915474752,-0.009418934164,0.023195415671,9.602
50,Mol_51,6N0D-Active_19th,TDP1,0,54,306.725211,-91.219017723637,2.449645617575,-1454.244953372161,-5.836478543052747,-1.8392958480545463,-5.9079467350592045,-1.744044904095907,0.10109707737390701,7.974588187114614,-0.03733847103501166,7.975316390873828,189.747273037613,-87.09407019355488,122.99708068881532,0.24366118936135628,3.997182694998201,5.836478543052747,1.8392958480545463,-3.837887195553647,3.837887195553647,1.9985913474991004,0.5003524113377811,3.684939931373656,1.9202961127376612,0.23867498517677,-0.3089458655315216,0.5476208507082916,0.3089458655315216,0.08347246476562234,0.11814294799563653,2.2537565486717623,-2.253756548671843,0.04970627608514363,-0.1275086730755639,0.23867498517677,0.0,0.0,0.0,-0.23033182802133703,-0.3089458655315216,-0.16627841909408048,0.0,0.0,0.0,0.0040739904506457555,-0.07815841848015426,0.17643045096483212,0.0,0.0,0.0,0.0,0.0,0.0,0.0,0.0,0.0,0.0,0.0,0.0,0.0,0.0,0.0,0.3399025501660997,-0.43371180328845504,0.7736143534545548,0.43371180328845504,0.1601573777162384,0.19548868289709612,4.324249198338389,-4.324249198338483,-0.014443317547998717,-0.22656860176873828,0.3399025501660997,0.0,0.0,0.0,-0.3949305252033364,-0.43371180328845504,-0.33018372888898284,0.0,0.0,0.0,0.12477770033944963,0.08662331991316408,0.3261811812517704,0.0,0.0,0.0,0.0,0.0,0.0,0.0,0.0,0.0,0.0,0.0,0.0,0.0,0.0,0.0,-91.251309419667,-0.045848924058,-0.034424053138,0.0031083771,-0.015614007719,0.045848924058,7.959
51,Mol_52,6N0D-Active_1st,TDP1,0,60,300.255016,-97.501156566476,1.075270176101,-1524.4490892760123,-4.8913131069132065,-2.692294453007235,-5.70062398734485,-0.8799370567191895,2.5550048990040786,-4.555691767076456,-1.525591690288705,5.441489457494243,86.0499475573255,-57.103281737808146,33.306557897853544,0.8948141696056295,2.1990186539059717,4.8913131069132065,2.692294453007235,-3.7918037799602207,3.7918037799602207,1.0995093269529859,0.909496604973101,6.538269186658478,3.448632664597992,0.21101179492847333,-0.36910819273646744,0.5801199876649408,0.36910819273646744,0.0938707251036781,0.13536112217198576,2.8161217531103153,-2.8161217531103713,0.06813860602183337,-0.04008960286424301,0.21101179492847333,-0.19020015468827256,-0.28719249822447157,-0.10148164389648517,-0.2880829352769097,-0.36910819273646744,-0.18260074846900132,0.0,0.0,0.0,0.03536603206907707,-0.049351770230413816,0.19359513136599138,0.0,0.0,0.0,0.0,0.0,0.0,0.0,0.0,0.0,0.0,0.0,0.0,0.0,0.0,0.0,0.3251612461008757,-0.5072134442794702,0.832374690380346,0.5072134442794702,0.17875415556416796,0.22306845013268095,5.362624666924991,-5.362624666925086,0.005971185936384723,-0.1243786202800159,0.30442166493107425,-0.2945006693199974,-0.3495871129835999,-0.24143045410754027,-0.48436912286227773,-0.5072134442794702,-0.4444060679594699,0.0,0.0,0.0,0.14117326156618207,0.059553300412019006,0.3251612461008757,0.0,0.0,0.0,0.0,0.0,0.0,0.0,0.0,0.0,0.0,0.0,0.0,0.0,0.0,0.0,-97.535881138732,-0.043708980826,-0.026490903867,0.003427155527,-0.021725992184,0.043708980826,9.097
52,Mol_53,6N0D-Active_22nd,TDP1,0,36,199.191209,-56.708956634985,2.46587491768,-882.4374077514642,-5.8045270770906825,-1.7721622852450063,-6.394950964998099,-0.5779433168795453,-5.268178081191564,-5.494668297754686,-0.7015463855587286,7.644425899214938,24.391927820636447,-9.59509130896654,16.16736160206242,0.11733436355264848,4.032364791845676,5.8045270770906825,1.7721622852450063,-3.7883446811678443,3.7883446811678443,2.016182395922838,0.49598687203212305,3.5590915416072177,1.8789692285919695,0.25617571192201893,-0.3166142289746112,0.5727899408966302,0.3166142289746112,0.07533244366852629,0.11875847082079607,1.3559839860334488,-1.3559839860334972,0.05496355338791575,-0.1946728753845166,0.25617571192201893,0.0,0.0,0.0,-0.27859668230539764,-0.3166142289746112,-0.21302424110463747,0.0,0.0,0.0,-0.006161897542401457,-0.05868066386918258,0.03573605007945546,0.0,0.0,0.0,0.0,0.0,0.0,0.0,0.0,0.0,0.0,0.0,0.0,0.0,0.0,0.0,0.3323672993313824,-0.4247944849243712,0.7571617842557536,0.4247944849243712,0.13717492905453066,0.16340505931554938,2.4691487229815,-2.469148722981604,-0.035345101670368216,-0.23046268139489623,0.3323672993313824,0.0,0.0,0.0,-0.36143122609616124,-0.4247944849243712,-0.32683481962405025,0.0,0.0,0.0,0.10532252541779,0.09250284275941756,0.1205610287735217,0.0,0.0,0.0,0.0,0.0,0.0,0.0,0.0,0.0,0.0,0.0,0.0,0.0,0.0,0.0,-56.720684734282,-0.015992702703,-0.014746130674,0.000413563289,-0.002740895017,0.015992702703,8.091514981
53,Mol_54,6N0D-Active_23rd,TDP1,0,31,179.790119,-54.476608056024,2.100699127123,-879.0836481606843,-5.9616201532506645,-2.410849620109504,-6.291074587540613,-0.7734789913439969,2.2345546500846734,0.7347376255617369,-0.9377572906758224,2.532284067565642,49.74628052013181,-21.985254888099377,32.4957411912459,0.2106196547552321,3.5507705331411605,5.9616201532506645,2.410849620109504,-4.186234886680085,4.186234886680085,1.7753852665705803,0.5632580256406251,4.935425244434047,2.357930397139331,0.20046738279257292,-0.2988887441987256,0.4993561269912985,0.2988887441987256,0.08203807338645781,0.11499346560836658,1.2715901374900707,-1.2715901374901217,0.03548729872046034,-0.07876339588784109,0.17187408095460555,0.0,0.0,0.0,-0.22610701847875525,-0.2988887441987256,-0.16266497535565705,0.0,0.0,0.0,0.031009882759005403,-0.03651697448137603,0.20046738279257292,0.0,0.0,0.0,0.0,0.0,0.0,0.0,0.0,0.0,0.0,0.0,0.0,0.0,0.0,0.0,0.3365884789181811,-0.4674430313775009,0.804031510295682,0.4674430313775009,0.18376022878211312,0.22717539397956954,2.848283546122694,-2.848283546122812,-0.00907871317170083,-0.15714423188116733,0.332869083728089,0.0,0.0,0.0,-0.45545692049197584,-0.4674430313775009,-0.42552768522286044,0.0,0.0,0.0,0.16316736496194148,0.09915347071806524,0.3365884789181811,0.0,0.0,0.0,0.0,0.0,0.0,0.0,0.0,0.0,0.0,0.0,0.0,0.0,0.0,0.0,-54.494866479338,-0.021954435506,-0.01064702572,0.002140929845,-0.01452909933,0.021954435506,7.625251654
54,Mol_55,6N0D-Active_25th,TDP1,0,47,249.078605,-72.415397711428,1.877122805064,-1113.550066762866,-5.8595691809003805,-2.1646567900650333,-6.020701417427607,-0.7063788129897818,-4.103571775523716,-2.118501139149855,-4.543100220721448,6.478202529172222,48.500518171345384,-30.993360964570677,23.475325086448247,0.7070373756881306,3.694912390835347,5.8595691809003805,2.1646567900650333,-4.012112985482707,4.012112985482707,1.8474561954176736,0.5412848231424072,4.356544595808328,2.1716958677743627,0.27016123316188434,-0.30347827879329436,0.5736395119551787,0.30347827879329436,0.084452923872706,0.12009900152997904,1.9846437110085748,-1.984643711008607,0.037981440708744346,-0.20607113279954437,0.27016123316188434,0.0,0.0,0.0,-0.24293068103577875,-0.30347827879329436,-0.17939336943408257,0.0,0.0,0.0,0.007914203148156905,-0.0534802400198946,0.1920370299398657,0.0,0.0,0.0,0.0,0.0,0.0,0.0,0.0,0.0,0.0,0.0,0.0,0.0,0.0,0.0,0.33043857977806557,-0.46763291275018126,0.7980714925282468,0.46763291275018126,0.1590025473219985,0.19398467402485117,3.736559862066921,-3.7365598620670086,-0.048154337433387304,-0.299286480091733,0.33043857977806557,0.0,0.0,0.0,-0.4173203408239332,-0.46763291275018126,-0.32500226256983034,0.0,0.0,0.0,0.12184192951803544,0.08562555666974858,0.32682542967009465,0.0,0.0,0.0,0.0,0.0,0.0,0.0,0.0,0.0,0.0,0.0,0.0,0.0,0.0,0.0,-72.434081872708,-0.023999094129,-0.014693969066,0.000384536616,-0.010770421378,0.023999094129,6.809948582
55,Mol_56,6N0D-Active_26th,TDP1,0,39,253.57755,-71.858954768585,1.261872920333,-1522.8021824518123,-6.553828377548322,-3.3566191179796805,-7.317028897963232,-2.1732815038020696,1.993534565995318,4.7572292857113,-1.1258782618935552,5.279489786262668,68.64764089501838,-35.57509570324033,42.72030323677764,0.3631105857380346,3.197209259568641,6.553828377548322,3.3566191179796805,-4.955223747764001,4.955223747764001,1.5986046297843206,0.6255455422613891,7.679898435461526,3.099718126321545,0.8379152796183487,-0.43075615326892347,1.2686714328872721,0.8379152796183487,0.08093612518725332,0.17627122391584987,1.5782544411514279,-1.5782544411514514,0.02573791269940475,-0.020764347757562085,0.13556916740044045,-0.19540304375806095,-0.19540304375806095,-0.19540304375806095,-0.2882278029465515,-0.43075615326892347,-0.15794931968766512,0.8379152796183487,0.8379152796183487,0.8379152796183487,-0.00033532908170771285,-0.04613666527433047,0.1267025214465577,0.0,0.0,0.0,0.0,0.0,0.0,0.0,0.0,0.0,0.0,0.0,0.0,0.0,0.0,0.0,1.8246165108059191,-0.7916170045624078,2.616233515368327,1.8246165108059191,0.2169378275420489,0.3822199242435645,4.230287637069917,-4.23028763706999,-0.031137839780100852,-0.16891168254243638,0.33590553688708624,-0.4732627605097388,-0.4732627605097388,-0.4732627605097388,-0.5923643385710946,-0.7916170045624078,-0.4008996312723543,1.8246165108059191,1.8246165108059191,1.8246165108059191,0.1262200307377033,0.09739165866554333,0.23496194266553083,0.0,0.0,0.0,0.0,0.0,0.0,0.0,0.0,0.0,0.0,0.0,0.0,0.0,0.0,0.0,-71.881725209715,-0.029726846107,-0.027487995697,0.003060983376,-0.006380593484,0.029726846107,6.664542099
56,Mol_57,6N0D-Active_29th,TDP1,0,34,191.841661,-57.619325228007,2.333565987198,-918.3252481442228,-5.983039206322984,-2.1775491222672163,-6.183202475937201,-0.5592793590151623,1.201958394116118,3.203124252185057,-1.3720088609259649,3.6860707088418208,89.44814328749138,-34.03251728747248,59.422990866756535,0.09247227775945023,3.805490084055768,5.983039206322984,2.1775491222672163,-4.0802941642951005,4.0802941642951005,1.902745042027884,0.5255564870289886,4.374942543389024,2.144425067031816,0.2202302761586994,-0.2940933844462936,0.514323660604993,0.2940933844462936,0.09294554811556306,0.12208541534345163,1.5800743179645393,-1.5800743179646044,0.04048009290636723,-0.1769850588436821,0.2202302761586994,0.0,0.0,0.0,-0.21127756094278638,-0.2940933844462936,-0.18246266103157893,0.0,0.0,0.0,0.014102054090657496,-0.07375482361538399,0.17589893667099088,0.0,0.0,0.0,0.0,0.0,0.0,0.0,0.0,0.0,0.0,0.0,0.0,0.0,0.0,0.0,0.32977387639092814,-0.44025257591124856,0.7700264523021767,0.44025257591124856,0.1743939097634962,0.20834124432120718,2.964696465979392,-2.964696465979479,-0.019821572058690673,-0.25222240640786,0.32977387639092814,0.0,0.0,0.0,-0.39804027123455077,-0.44025257591124856,-0.32318787566810414,0.0,0.0,0.0,0.1363790169912262,0.08897987747790659,0.32357987389982634,0.0,0.0,0.0,0.0,0.0,0.0,0.0,0.0,0.0,0.0,0.0,0.0,0.0,0.0,0.0,-57.638831524291,-0.025688778456,-0.018759498662,0.002685076083,-0.010695115574,0.025688778456,6.571703186
57,Mol_58,6N0D-Active_2nd,TDP1,0,58,291.111361,-89.341369193017,1.202236654,-1374.1056866321587,-5.614491856608042,-2.818216156655789,-5.7414867004015475,-1.1263712599220348,-0.7024456075705897,2.0036846470026735,-1.6537883713157264,2.6913190025206166,102.06417624133745,-49.037879419573805,65.37025723808416,0.2858669195786984,2.7962756999522536,5.614491856608042,2.818216156655789,-4.216354006631915,4.216354006631915,1.3981378499761268,0.7152370562152187,6.357613846712097,3.015692627664654,0.2299794384149667,-0.3279395477628544,0.5579189861778211,0.3279395477628544,0.08285961060716134,0.12161187423633808,2.402928707607689,-2.4029287076076686,0.06327334002795199,-0.06765520583888396,0.2299794384149667,-0.19817888189545618,-0.2751957964199869,-0.11130342908858903,-0.29237431305139694,-0.3279395477628544,-0.25635972203711255,0.0,0.0,0.0,0.020364260684731787,-0.04974281780548151,0.15712005639992432,0.0,0.0,0.0,0.0,0.0,0.0,0.0,0.0,0.0,0.0,0.0,0.0,0.0,0.0,0.0,0.321178320780831,-0.5205541691047788,0.8417324898856098,0.5205541691047788,0.15572739690377232,0.19818841803583082,4.516094510209396,-4.516094510209399,-0.016534146229421023,-0.15257230433972246,0.321178320780831,-0.2955415930668237,-0.3490281487845577,-0.23932988885537831,-0.49026763384163985,-0.5205541691047788,-0.460417922117653,0.0,0.0,0.0,0.12524957588146834,0.05740753960211986,0.30351898611862593,0.0,0.0,0.0,0.0,0.0,0.0,0.0,0.0,0.0,0.0,0.0,0.0,0.0,0.0,0.0,-89.369533054628,-0.035133287773,-0.022745971983,0.000384230848,-0.013852306337,0.035133287773,6.508638306
58,Mol_59,6N0D-Active_31st,TDP1,0,38,208.244516,-64.852475450185,2.27426199955,-1032.766213347436,-5.57951611413719,-1.7847022921235298,-6.1744245243536175,-0.3081444782534749,1.3613114625860794,-5.212454906070954,0.672550121691071,5.429104779996246,115.91395860934333,-48.628858896728765,76.32507735144011,0.16752285738676886,3.7948138220136602,5.57951611413719,1.7847022921235298,-3.68210920313036,3.68210920313036,1.8974069110068301,0.5270350783477252,3.5727518712849493,1.9406007123566895,0.2351025569501024,-0.3086668107032562,0.5437693676533586,0.3086668107032562,0.10323152069195225,0.13581054111702576,1.9613988931471615,-1.9613988931470239,0.058435642520993876,-0.152026010551209,0.2351025569501024,0.0,0.0,0.0,-0.23992954995221788,-0.3086668107032562,-0.1810336640672645,0.0,0.0,0.0,0.012890114181520702,-0.07581427300130161,0.17485962249779163,0.0,0.0,0.0,0.0,0.0,0.0,0.0,0.0,0.0,0.0,0.0,0.0,0.0,0.0,0.0,0.33322852429739847,-0.446408980200367,0.7796375044977655,0.446408980200367,0.1728013148310531,0.20743610180228467,3.2832249817900374,-3.2832249817899806,-0.00807004720481451,-0.22820399407792902,0.33322852429739847,0.0,0.0,0.0,-0.39232575991899343,-0.446408980200367,-0.3206275073896627,0.0,0.0,0.0,0.13117622512980442,0.08513445208605874,0.32477268072392207,0.0,0.0,0.0,0.0,0.0,0.0,0.0,0.0,0.0,0.0,0.0,0.0,0.0,0.0,0.0,-64.87779509528,-0.034550541752,-0.023997956011,0.002357995323,-0.013991340762,0.034550541752,6.268491816
59,Mol_60,6N0D-Active_36th,TDP1,0,36,198.008581,-54.833904640557,1.81611958573,-845.4188537345908,-7.089296132498471,-2.8883031229873333,-7.179141960699109,-1.6998113547221176,-0.8443609079502008,-0.11528469206516477,0.2907994495425893,0.9004444585610599,70.31397967718657,-32.333568081620484,45.55936576956188,0.24530813578270486,4.200993009511137,7.089296132498471,2.8883031229873333,-4.988799627742902,4.988799627742902,2.1004965047555686,0.476077916690639,5.9243425707732635,2.3750573335628764,0.13814863653823561,-0.2818605994950545,0.4200092360332901,0.2818605994950545,0.0496901735370431,0.08239203285650788,0.8944231236668413,-0.8944231236667104,0.023286166569657516,-0.2818605994950545,0.13814863653823561,0.0,0.0,0.0,-0.17063800080015845,-0.17124592980930942,-0.1700300717910075,0.0,0.0,0.0,-0.004867187290836718,-0.029609202493389608,0.006941739802331148,0.0,0.0,0.0,0.0,0.0,0.0,0.0,0.0,0.0,0.0,0.0,0.0,0.0,0.0,0.0,0.33369660386915,-0.413751082884815,0.747447686753965,0.413751082884815,0.13383106835483105,0.16960111691510207,2.4089592303870453,-2.4089592303868734,-0.04516520115558818,-0.2870419769683341,0.33369660386915,0.0,0.0,0.0,-0.4135996270429363,-0.413751082884815,-0.4134481712010576,0.0,0.0,0.0,0.10251080468041449,0.09089993323470558,0.12185937057163088,0.0,0.0,0.0,0.0,0.0,0.0,0.0,0.0,0.0,0.0,0.0,0.0,0.0,0.0,0.0,-54.843513293884,-0.012555528922,-0.011819297825,0.000714673213,-0.002531664007,0.012555528922,6.161654731
60,Mol_61,6N0D-Active_38th,TDP1,0,40,218.890865,-64.478711944046,1.249386245833,-1013.9391277984575,-5.597072630547365,-2.773290680937322,-6.886824566819093,-1.474925559704951,0.38388276837756163,0.6934221694362067,0.23929150016668768,0.8279255443425211,71.36583229674059,-37.919967610142535,43.84473915454485,0.3913081490993398,2.8237819496100434,5.597072630547365,2.773290680937322,-4.185181655742344,4.185181655742344,1.4118909748050217,0.7082699853209964,6.202938401097544,2.9642385498783335,0.2535650560151481,-0.3946340855143635,0.6481991415295116,0.3946340855143635,0.07577776426994594,0.120828897524841,1.5155552853989434,-1.5155552853988945,0.06123605271661645,-0.13978107919088334,0.2535650560151481,-0.29938210452016367,-0.29938210452016367,-0.29938210452016367,-0.26202023620651244,-0.3946340855143635,-0.19098601522306602,0.0,0.0,0.0,-0.0045907169691742945,-0.031462111333492526,0.02609078990500524,0.0,0.0,0.0,0.0,0.0,0.0,0.0,0.0,0.0,0.0,0.0,0.0,0.0,0.0,0.0,0.32831975061222973,-0.44476065825483957,0.7730804088670693,0.44476065825483957,0.13052369188724458,0.16801234819363572,2.6104738377449213,-2.6104738377448617,-0.016637391373748242,-0.28429145214291296,0.32831975061222973,-0.14423220868673425,-0.14423220868673425,-0.14423220868673425,-0.4243887929306247,-0.44476065825483957,-0.4081983414866528,0.0,0.0,0.0,0.10197111903411085,0.0744926093976841,0.12063418878075294,0.0,0.0,0.0,0.0,0.0,0.0,0.0,0.0,0.0,0.0,0.0,0.0,0.0,0.0,0.0,-64.490835020629,-0.015679094355,-0.014177479206,0.000157691188,-0.002740066035,0.015679094355,6.113509275
61,Mol_62,6N0D-Active_3rd,TDP1,0,30,171.040724,-52.339657901084,2.609108439487,-840.9788001945426,-5.349515026868457,-1.4409636316129157,-5.983334818314503,-0.04107896809575766,0.12335703214171877,-1.1840138293758555,-1.4743130463156788,1.8949154767610896,56.2876447152092,-25.11722180272157,36.70283434879991,0.21888704247497204,3.9085513952555413,5.349515026868457,1.4409636316129157,-3.3952393292406864,3.3952393292406864,1.9542756976277706,0.5116985291347921,2.949340800997467,1.7373389708330573,0.2078011984654129,-0.19499816426313465,0.40279936272854755,0.2078011984654129,0.11053877571138133,0.1266802459471989,1.6580816356707317,-1.6580816356707084,0.032204857333164326,-0.11701912347385335,0.2078011984654129,0.0,0.0,0.0,-0.18384762427442158,-0.19499816426313465,-0.17164671934992626,0.0,0.0,0.0,0.023710207869450734,-0.07320649243005573,0.17611811460895754,0.0,0.0,0.0,0.0,0.0,0.0,0.0,0.0,0.0,0.0,0.0,0.0,0.0,0.0,0.0,0.3245973049108115,-0.44183188074650204,0.7664291856573135,0.44183188074650204,0.19698107563281908,0.23344429691440877,2.954716134492246,-2.954716134492325,-0.022650810856609027,-0.20932890671774196,0.23506713049910388,0.0,0.0,0.0,-0.43583585672788505,-0.44183188074650204,-0.4285590697540371,0.0,0.0,0.0,0.1717045649086656,0.08822278154669938,0.3245973049108115,0.0,0.0,0.0,0.0,0.0,0.0,0.0,0.0,0.0,0.0,0.0,0.0,0.0,0.0,0.0,-52.367118104517,-0.03504297346,-0.016252452303,0.002969226767,-0.022840507622,0.03504297346,6.110082317
62,Mol_63,6N0D-Active_40th,TDP1,0,30,175.267143,-50.389069232775,2.477800137836,-803.891095132409,-5.953070735235923,-1.7220357281177756,-6.410634560278609,-0.5757620071609703,4.467662202811845,1.849790697711941,-1.9355066269542496,5.208446705761617,106.57307920306764,-51.86110989389258,67.9871758768068,0.2981690032625808,4.231035007118147,5.953070735235923,1.7220357281177756,-3.8375532316768495,3.8375532316768495,2.1155175035590736,0.4726975779295773,3.4806648446958124,1.8140021177894687,0.18915872154857727,-0.21227902841601143,0.4014377499645887,0.21227902841601143,0.0665509432405388,0.09457807956476354,0.9982641486080821,-0.9982641486080819,0.029513277832867977,-0.10958167916267847,0.18915872154857727,0.0,0.0,0.0,-0.18520780927448577,-0.21227902841601143,-0.16504422599588864,0.0,0.0,0.0,0.009410355027536491,-0.07150351231052055,0.17889361129568337,0.0,0.0,0.0,0.0,0.0,0.0,0.0,0.0,0.0,0.0,0.0,0.0,0.0,0.0,0.0,0.33251553558908764,-0.4271121532727591,0.7596276888618467,0.4271121532727591,0.16858444806898512,0.20457670146505985,2.5287667210347795,-2.528766721034775,-0.029753257454936784,-0.22356582816618786,0.33251553558908764,0.0,0.0,0.0,-0.424306437188297,-0.4271121532727591,-0.4226925718502432,0.0,0.0,0.0,0.14326818111574557,0.0882932396000422,0.32821201147664014,0.0,0.0,0.0,0.0,0.0,0.0,0.0,0.0,0.0,0.0,0.0,0.0,0.0,0.0,0.0,-50.410309948488,-0.028839902055,-0.018571317652,0.00163464652,-0.012983990621,0.028839902055,5.969764704
63,Mol_64,6N0D-Active_48th,TDP1,0,39,213.981676,-60.425417677342,1.484342313443,-938.8054242800192,-5.691596142984736,-2.5878868211612445,-6.76340878226441,-1.3666612457698537,-4.119004429090807,0.8688633449024089,0.29224646156611184,4.219778310916652,86.33274730657826,-37.70800539138717,56.510708599859385,0.20065336685312152,3.1037093218234912,5.691596142984736,2.5878868211612445,-4.13974148207299,4.13974148207299,1.5518546609117456,0.6443902416818338,5.521605846879783,2.667609014133327,0.23917093205376894,-0.3148063471500162,0.5539772792037851,0.3148063471500162,0.055669895151107984,0.09384444321339949,1.0855629554466015,-1.0855629554466095,0.040180748066109266,-0.1449103550846056,0.23917093205376894,-0.3148063471500162,-0.3148063471500162,-0.3148063471500162,-0.18257563851191527,-0.187935356267813,-0.17721592075601755,0.0,0.0,0.0,-0.00491038759307279,-0.033904116440135024,0.025906646916325604,0.0,0.0,0.0,0.0,0.0,0.0,0.0,0.0,0.0,0.0,0.0,0.0,0.0,0.0,0.0,0.335241359604443,-0.4326200253938257,0.7678613849982687,0.4326200253938257,0.12761728470413827,0.15733580366165517,2.488537051730663,-2.488537051730731,-0.037868869429922666,-0.16793795617212126,0.335241359604443,-0.13951620224481331,-0.13951620224481331,-0.13951620224481331,-0.4256355227114028,-0.4326200253938257,-0.4186510200289799,0.0,0.0,0.0,0.10060563334329892,0.07846286461910978,0.12081425613137875,0.0,0.0,0.0,0.0,0.0,0.0,0.0,0.0,0.0,0.0,0.0,0.0,0.0,0.0,0.0,-60.439256602458,-0.018949093266,-0.01785106507,0.000518052319,-0.002696840213,0.018949093266,5.663740448
64,Mol_65,6N0D-Active_4th,TDP1,0,37,203.726992,-60.783590122261,2.58177727432,-957.6001546875525,-5.829289357849206,-1.6668009591247674,-6.08677409593244,-0.47117530168841915,0.7938640385524935,-3.349262180226931,-2.0861326295862286,4.024888397437833,120.12395676864969,-59.1685259553191,76.32007168424133,0.3101145111721832,4.162488398724439,5.829289357849206,1.6668009591247674,-3.748045158486987,3.748045158486987,2.0812441993622195,0.4804818196281061,3.3748664655408027,1.8008675577981408,0.25284259216286475,-0.3141560457124637,0.5669986378753284,0.3141560457124637,0.08820963704569036,0.12605018670962947,1.631878285345271,-1.6318782853452722,0.05756664939191262,-0.10134712594479467,0.25284259216286475,0.0,0.0,0.0,-0.25314632524653025,-0.3141560457124637,-0.17321127307762296,0.0,0.0,0.0,0.002122016332725331,-0.055223561902683294,0.17469966138826454,0.0,0.0,0.0,0.0,0.0,0.0,0.0,0.0,0.0,0.0,0.0,0.0,0.0,0.0,0.0,0.33830587407810064,-0.43559806822969094,0.7739039423077916,0.43559806822969094,0.1563624942605729,0.18789220919889796,2.892706143820562,-2.892706143820636,-0.021128257495626634,-0.20057090643086806,0.33830587407810064,0.0,0.0,0.0,-0.38147542538656687,-0.43559806822969094,-0.3317229827046173,0.0,0.0,0.0,0.1178176299357404,0.09283314273230703,0.3251907610063731,0.0,0.0,0.0,0.0,0.0,0.0,0.0,0.0,0.0,0.0,0.0,0.0,0.0,0.0,0.0,-60.801103650869,-0.023409448674,-0.017878500983,0.001742770865,-0.008354478254,0.023409448674,5.536390664
65,Mol_66,6N0D-Active_52th,TDP1,0,27,170.708295,-56.697157092541,1.797713947692,-967.785832190684,-7.040517731828475,-3.518426959576491,-7.661532741412084,-2.3358053925647915,-3.1739627715515866,-2.85204907717185,-1.048841082283308,4.394120074562989,82.2230968999382,-43.53232329655768,50.614879284282345,0.3871571996792494,3.5220907722519836,7.040517731828475,3.518426959576491,-5.279472345702483,5.279472345702483,1.7610453861259918,0.5678445359093409,7.91371661077767,2.997919523991626,0.24360617532522255,-0.24270090493189578,0.48630708025711833,0.24360617532522255,0.08338120642092413,0.11733030084574514,1.1256462866825132,-1.1256462866824384,0.040770089997972,-0.06175079102849068,0.14614387444495147,0.24360617532522255,0.24360617532522255,0.24360617532522255,-0.1985794054084394,-0.24270090493189578,-0.1461040047650357,0.0,0.0,0.0,0.025501370249348763,-0.005971745005849405,0.20047732509798633,0.0,0.0,0.0,0.0,0.0,0.0,0.0,0.0,0.0,0.0,0.0,0.0,0.0,0.0,0.0,0.5893876377385077,-0.4288992246566181,1.0182868623951258,0.5893876377385077,0.19584560323032274,0.24987085866856606,2.643915643609409,-2.643915643609305,0.022380275194500716,-0.12054132079432112,0.3390339523046535,0.5893876377385077,0.5893876377385077,0.5893876377385077,-0.3947998753293035,-0.4288992246566181,-0.3719739074200774,0.0,0.0,0.0,0.15304112659787195,0.11360152092443365,0.33258869680314684,0.0,0.0,0.0,0.0,0.0,0.0,0.0,0.0,0.0,0.0,0.0,0.0,0.0,0.0,0.0,-56.714114396238,-0.02256286401,-0.022410278812,0.006174614348,-0.007407959244,0.02256286401,5.399996913
66,Mol_67,6N0D-Active_56th,TDP1,0,56,287.497947,-86.801431060911,1.614743697261,-1339.6538664717054,-5.894480640797097,-2.8169755767722418,-6.900513634344988,-1.6007451731352629,-3.284078367217521,0.04047673446376619,-2.360809998914508,4.0447784783636385,91.730736156568,-32.855251313365955,61.0957574487519,0.04911863362387573,3.077505064024855,5.894480640797097,2.8169755767722418,-4.355728108784669,4.355728108784669,1.5387525320124276,0.6498770784748406,6.164853335072739,2.8306878579677233,0.2679520310378356,-0.3744856270477266,0.6424376580855622,0.3744856270477266,0.07405754037580452,0.11895322079277693,2.0736111305226554,-2.073611130522398,0.04580536762132529,-0.3744856270477266,0.2679520310378356,-0.20385797938772088,-0.29621190928277485,-0.1115040494926669,-0.24773224755796353,-0.31985760154975296,-0.1743944458145137,0.0,0.0,0.0,0.011512158695990243,-0.0258941758492357,0.1629340559093907,0.0,0.0,0.0,0.0,0.0,0.0,0.0,0.0,0.0,0.0,0.0,0.0,0.0,0.0,0.0,0.3730408274167587,-0.5076892629592731,0.8807300903760318,0.5076892629592731,0.14934594435847348,0.19014178306359744,4.181686442037358,-4.181686442037156,-0.027808158910440566,-0.28762375297203757,0.3730408274167587,-0.18835804619609053,-0.23718700079932997,-0.1395290915928511,-0.4661331563672255,-0.5076892629592731,-0.4130996053190028,0.0,0.0,0.0,0.11187094352737918,0.07133724696097343,0.30507215835168544,0.0,0.0,0.0,0.0,0.0,0.0,0.0,0.0,0.0,0.0,0.0,0.0,0.0,0.0,0.0,-86.82297726655,-0.026842443737,-0.023687438066,0.002806896008,-0.007042661377,0.026842443737,5.347395925
67,Mol_68,6N0D-Active_59th,TDP1,0,58,299.106594,-88.074206744222,2.427645668814,-1344.6020047542497,-5.879018398049815,-1.763837539470476,-5.971102927124547,-0.4432798461401524,0.23732096525211566,1.1494313021725522,4.0303235256233245,4.197740020553335,115.64348423259709,-49.48345463646843,75.94080872030038,0.18358569495551907,4.115180858579339,5.879018398049815,1.763837539470476,-3.8214279687601453,3.8214279687601453,2.0575904292896694,0.4860053710228544,3.5486439654231168,1.8572345177943872,0.21261204908418385,-0.30380402274899865,0.5164160718331825,0.30380402274899865,0.07943532490115573,0.1094664266736487,2.3036244221334425,-2.3036244221335895,0.025225512137741966,-0.19362814141376372,0.21261204908418385,0.0,0.0,0.0,-0.20629584232041545,-0.30380402274899865,-0.1439334988861809,0.0,0.0,0.0,0.01431576457708504,-0.0621850441068974,0.17717723256117435,0.0,0.0,0.0,0.0,0.0,0.0,0.0,0.0,0.0,0.0,0.0,0.0,0.0,0.0,0.0,0.3359058526569161,-0.5081955547309196,0.8441014073878357,0.5081955547309196,0.16888199192447437,0.2051764058987415,4.897577765809649,-4.8975777658098645,-0.05702230426684405,-0.2974609179530878,0.3359058526569161,0.0,0.0,0.0,-0.4452347446413622,-0.5081955547309196,-0.4200599195089989,0.0,0.0,0.0,0.13041897606706063,0.08351847982862337,0.3271929256952514,0.0,0.0,0.0,0.0,0.0,0.0,0.0,0.0,0.0,0.0,0.0,0.0,0.0,0.0,0.0,-88.105086646986,-0.040100695531,-0.025425442829,0.00266262328,-0.01841863568,0.040100695531,5.244125144
68,Mol_69,6N0D-Active_62th,TDP1,0,32,184.236223,-51.932980572916,1.509505847602,-822.1375826554299,-5.6992341910340585,-2.623029550334875,-6.814625780798963,-1.3679142751740472,-2.698990679285395,-1.6067994462804436,1.48727056112166,3.4753890241835825,63.02177750151485,-29.240489578985724,40.74801048111042,0.25336974876779017,3.0762046406991836,5.6992341910340585,2.623029550334875,-4.161131870684467,4.161131870684467,1.5381023203495918,0.6501518050975388,5.628695248730435,2.7053673969744043,0.14803515961756375,-0.28473976621746644,0.4327749258350302,0.28473976621746644,0.06154074394733958,0.09068090061357999,0.9846519031574482,-0.9846519031574184,0.041908947377154115,-0.04141592766018487,0.14803515961756375,-0.28473976621746644,-0.28473976621746644,-0.28473976621746644,-0.1930659414912066,-0.2081245670238694,-0.1780073159585438,0.0,0.0,0.0,2.52685511879727e-05,-0.040477000801860674,0.04695688228839412,0.0,0.0,0.0,0.0,0.0,0.0,0.0,0.0,0.0,0.0,0.0,0.0,0.0,0.0,0.0,0.33260959863806683,-0.4404439738990842,0.773053572537151,0.4404439738990842,0.13585920889356762,0.1677851073419105,2.173747342297089,-2.173747342297075,-0.027231607837289562,-0.18271928696230066,0.33260959863806683,-0.10531166665612712,-0.10531166665612712,-0.10531166665612712,-0.42843946952746137,-0.4404439738990842,-0.41643496515583855,0.0,0.0,0.0,0.10753048700828444,0.08782614080322204,0.12021420498022883,0.0,0.0,0.0,0.0,0.0,0.0,0.0,0.0,0.0,0.0,0.0,0.0,0.0,0.0,0.0,-51.946021382997,-0.017854385196,-0.01640012233,0.000220755847,-0.00275577841,0.017854385196,5.050000457
69,Mol_70,6N0D-Active_67th,TDP1,0,28,166.582679,-46.470168312781,2.334926505781,-752.7238797660145,-6.655870488186215,-2.3928372494747983,-6.824662347327639,-0.922617007665586,-0.9490382218935242,0.2446050980884653,4.130570541011721,4.245246541120969,51.70446211852033,-21.368206536425916,34.10774402673548,0.15553891296179315,4.263033238711417,6.655870488186215,2.3928372494747983,-4.524353868830507,4.524353868830507,2.1315166193557085,0.4691495205429217,4.801693250833989,2.122598448328345,0.25565239653760585,-0.20642757694931113,0.462079973486917,0.25565239653760585,0.04956142102861185,0.08120284006433763,0.6938598944004869,-0.6938598944006449,0.038283960548004654,-0.07058462769591678,0.25565239653760585,0.0,0.0,0.0,-0.20642757694931113,-0.20642757694931113,-0.20642757694931113,0.0,0.0,0.0,-0.015931137206362522,-0.02746971568709644,0.009045060356899559,-0.19258932200092893,-0.19258932200092893,-0.19258932200092893,0.0,0.0,0.0,0.0,0.0,0.0,0.0,0.0,0.0,0.0,0.0,0.0,0.33555280697445333,-0.42315130680093915,0.7587041137753925,0.42315130680093915,0.1301324478404597,0.15680845738871202,1.8218542697663616,-1.8218542697665097,-0.03467971515246617,-0.15923508458462443,0.33555280697445333,0.0,0.0,0.0,-0.42315130680093915,-0.42315130680093915,-0.42315130680093915,0.0,0.0,0.0,0.10896120574457888,0.09635947687407753,0.12593284160543372,-0.2552262291025844,-0.2552262291025844,-0.2552262291025844,0.0,0.0,0.0,0.0,0.0,0.0,0.0,0.0,0.0,0.0,0.0,0.0,-46.480109865329,-0.014339475235,-0.012967279806,2.8051408e-05,-0.002481006535,0.014339475235,5.021230243
70,Mol_71,6N0D-Active_6th,TDP1,0,64,314.439082,-95.666249542734,1.244462167352,-1452.6712726194073,-5.512138319437852,-2.6246875580668685,-5.653414132925927,-0.9173424302895996,-0.9159776044429858,-0.551277381933877,-0.9889230561375971,1.4563277565965382,126.01794052751579,-72.20181014045582,73.29876886547845,0.4886911921672362,2.887450761370984,5.512138319437852,2.6246875580668685,-4.068412938752361,4.068412938752361,1.443725380685492,0.6926525039860366,5.732386526428111,2.8179964092760126,0.19364304362975382,-0.3223089725783659,0.5159520162081197,0.3223089725783659,0.0775327818541101,0.11486263833223856,2.4810490193314885,-2.4810490193315577,0.05715247573503953,-0.06706880734067511,0.19364304362975382,-0.1954382316505916,-0.27505562969389974,-0.12156410938976325,-0.2886318140385167,-0.3223089725783659,-0.25666255251292114,0.0,0.0,0.0,0.017644398909856696,-0.042477517508055174,0.16312286273393173,0.0,0.0,0.0,0.0,0.0,0.0,0.0,0.0,0.0,0.0,0.0,0.0,0.0,0.0,0.0,0.32117406795022596,-0.520193330383167,0.8413673983333929,0.520193330383167,0.1500957967477286,0.19173272238869274,4.803065495927266,-4.803065495927362,-0.026977631473989756,-0.17708180950167307,0.32117406795022596,-0.29623893712253757,-0.351532295399104,-0.24065075866646524,-0.4891012993840884,-0.520193330383167,-0.4631940665244585,0.0,0.0,0.0,0.11840075316881757,0.06404139973946987,0.31172978789988426,0.0,0.0,0.0,0.0,0.0,0.0,0.0,0.0,0.0,0.0,0.0,0.0,0.0,0.0,0.0,-95.697478128103,-0.039279450644,-0.024071436653,-0.000439417415,-0.015849356274,0.039279450644,5.013299908
71,Mol_72,6N0D-Active_72th,TDP1,0,40,216.903581,-61.704576103107,1.46562328656,-956.0127124359838,-5.3835776340570805,-2.343626360597424,-5.682381658643821,-1.0624538506517067,-3.7712704919844926,-1.645955394962346,-1.4255230828924845,4.354740674917153,76.1896904027804,-35.34199455207598,49.264728833125126,0.2531626260186002,3.0399512734596565,5.3835776340570805,2.343626360597424,-3.863601997327252,3.863601997327252,1.5199756367298283,0.6579052820553514,4.910414362254821,2.541884161801205,0.29426980368257816,-0.3114374282719705,0.6057072319545487,0.3114374282719705,0.08226599665842141,0.1199357512663079,1.6453199331683632,-1.6453199331684933,0.05351485003084891,-0.18507424909794157,0.29426980368257816,-0.30153681135891874,-0.3114374282719705,-0.29163619444586697,-0.2033008244097365,-0.22079244951901522,-0.1858091993004578,0.0,0.0,0.0,0.0025782206101055537,-0.06869058544912177,0.042356035286410076,0.0,0.0,0.0,0.0,0.0,0.0,0.0,0.0,0.0,0.0,0.0,0.0,0.0,0.0,0.0,0.33458683184435145,-0.45731432281806583,0.7919011546624173,0.45731432281806583,0.13819899993076473,0.16604216704932093,2.7639799986152074,-2.7639799986153806,-0.04130135668934562,-0.21256762147785668,0.33458683184435145,-0.11814077948325918,-0.12368692953942428,-0.11259462942709408,-0.4406812922277039,-0.45731432281806583,-0.424048261637342,0.0,0.0,0.0,0.10339269799055416,0.08199979884948927,0.11814329981332095,0.0,0.0,0.0,0.0,0.0,0.0,0.0,0.0,0.0,0.0,0.0,0.0,0.0,0.0,0.0,-61.721400094998,-0.023166894435,-0.021046702564,-0.000137483846,-0.003063467723,0.023166894435,4.889800994
72,Mol_73,6N0D-Active_76th,MAPK1,0,29,172.43739,-48.778808183728,1.514443359215,-782.8845999364769,-5.784875001293803,-2.806398013327971,-6.974302530987959,-1.3799344234293127,-1.4348043201709886,1.8684860937579404,-1.140714969082942,2.61746716511173,62.52998111844902,-22.856605458662592,41.61960174750554,0.06349022914344182,2.978476987965832,5.784875001293803,2.806398013327971,-4.295636507310887,4.295636507310887,1.489238493982916,0.671484120267087,6.1952780154075695,2.8844517010988335,0.13569812179335372,-0.25144757483775315,0.3871456966311069,0.25144757483775315,0.058807221365513765,0.08294047910485264,0.8527047097999568,-0.8527047097999423,0.03320020728141066,-0.06538109446655671,0.13569812179335372,-0.1297236895246643,-0.1297236895246643,-0.1297236895246643,-0.21251661519038034,-0.25144757483775315,-0.17358565554300753,0.0,0.0,0.0,0.0051594373349345135,-0.04451991660096821,0.13288330120442127,0.0,0.0,0.0,0.0,0.0,0.0,0.0,0.0,0.0,0.0,0.0,0.0,0.0,0.0,0.0,0.33290795594066225,-0.4579838978873294,0.7908918538279917,0.4579838978873294,0.14723137896298036,0.18228530183341812,2.1348549949631863,-2.134854994963244,-0.015775721465511577,-0.18360452822724493,0.33290795594066225,-0.23156541160153932,-0.23156541160153932,-0.23156541160153932,-0.4365640242953379,-0.4579838978873294,-0.4151441507033464,0.0,0.0,0.0,0.12193902565225735,0.09584395121164668,0.24519364565773683,0.0,0.0,0.0,0.0,0.0,0.0,0.0,0.0,0.0,0.0,0.0,0.0,0.0,0.0,0.0,-48.791256914145,-0.016592443031,-0.014262793855,-0.000123957934,-0.00328645094,0.016592443031,7.586700236
73,Mol_74,6N0D-Active_7th,MAPK1,0,52,265.27011,-85.616529765219,2.107588616371,-1340.158511849586,-5.469275400286517,-1.7679561148362224,-5.548051220252513,-0.5159526906259347,-1.33326399065991,-0.3746888467046748,1.076106658173614,1.7538500906294276,73.76841328464634,-33.60862871752856,47.89726087358687,0.23703804299776918,3.701319285450295,5.469275400286517,1.7679561148362224,-3.6186157575613698,3.6186157575613698,1.8506596427251476,0.5403478721389701,3.537760185224985,1.9553113246868332,0.22642668287494772,-0.3454930338476654,0.5719197167226131,0.3454930338476654,0.11291860192330393,0.15478133527115465,2.9358836500058962,-2.9358836500059082,0.0958276328693675,-0.16512600276848932,0.22642668287494772,0.0,0.0,0.0,-0.3050868715056025,-0.3454930338476654,-0.22150959063495534,0.0,0.0,0.0,0.005134492095103661,-0.05788672842014364,0.029812108084586675,0.0,0.0,0.0,0.0,0.0,0.0,0.0,0.0,0.0,0.0,0.0,0.0,0.0,0.0,0.0,0.3311621740913999,-0.4360695270248449,0.7672317011162448,0.4360695270248449,0.14622110307602715,0.17422002336667977,3.801748679976681,-3.80174867997673,0.00020765229761368498,-0.17787000685052057,0.3311621740913999,0.0,0.0,0.0,-0.3502054385260059,-0.4360695270248449,-0.3238845540917321,0.0,0.0,0.0,0.10196155714300437,0.08695900158333969,0.11678520559638983,0.0,0.0,0.0,0.0,0.0,0.0,0.0,0.0,0.0,0.0,0.0,0.0,0.0,0.0,0.0,-85.635041554788,-0.023476747667,-0.021926235422,0.001738026973,-0.004369298916,0.023476747667,6.436163081
74,Mol_75,6N0D-Active_80th,MAPK1,0,46,281.250019,-89.617724705193,1.52448039217,-1536.093336556838,-6.634086596390982,-3.214700177333294,-7.390247465379864,-2.0815331932528607,-2.790847832652609,-1.5330390679067785,0.7955676437578258,3.282067684333251,92.84088990020858,-55.56864948565328,51.39020342257507,0.5585988810107664,3.419386419057688,6.634086596390982,3.214700177333294,-4.924393386862138,4.924393386862138,1.709693209528844,0.5849002583776883,7.091813342130037,2.8802789643290443,0.5354746915320607,-0.17714734977822388,0.7126220413102846,0.5354746915320607,0.0691662766177161,0.11970464972284804,1.590824362207416,-1.5908243622075242,0.05225222326067924,-0.07894265494079455,0.5354746915320607,-0.10889890137651055,-0.1607539127113924,-0.03937816527316418,-0.1607941819920118,-0.16392311009983196,-0.15766525388419161,0.0,0.0,0.0,-0.005950387080262893,-0.030789176361143422,0.03920670460041342,-0.1741542903397247,-0.17714734977822388,-0.16833943385761785,0.0,0.0,0.0,0.0,0.0,0.0,0.0,0.0,0.0,0.0,0.0,0.0,0.7467433807574659,-0.40708882331563956,1.1538322040731055,0.7467433807574659,0.13958609143521977,0.19116124752733776,3.2104801030099708,-3.2104801030101395,0.008061720389257676,-0.10260902375411263,0.7467433807574659,-0.07905261692096695,-0.18510870799006884,0.06875371772899186,-0.40439935936656823,-0.40708882331563956,-0.4017098954174969,0.0,0.0,0.0,0.11837523006770434,0.10573508008255283,0.13590566974029727,-0.2682593135980588,-0.2711309189365725,-0.2642566494169696,0.0,0.0,0.0,0.0,0.0,0.0,0.0,0.0,0.0,0.0,0.0,0.0,-89.638577685591,-0.026224134938,-0.021789467605,-0.00053090982,-0.00498451721,0.026224134938,6.186218922
75,Mol_76,6N0D-Active_81st,MAPK1,0,34,191.67191,-57.624610186584,2.464408461357,-918.3356660254449,-5.789387336961605,-1.7699686894344622,-6.19077194367573,-0.32383214745614464,-3.3153599969279743,4.6633036462903,4.861480720574362,7.508129434369848,36.77013318869643,-24.151232464140286,15.711462225157666,0.8175815247099365,4.019418647527143,5.789387336961605,1.7699686894344622,-3.7796780131980334,3.7796780131980334,2.0097093237635715,0.49758439599976856,3.554236852695539,1.8807088012707487,0.20729825761532972,-0.3139635485399612,0.5212618061552909,0.3139635485399612,0.08997617471309527,0.12272161293454152,1.5295949701226035,-1.5295949701226363,0.04657473842204901,-0.14913552268532104,0.20729825761532972,0.0,0.0,0.0,-0.22652665888819534,-0.3139635485399612,-0.17892160146596403,0.0,0.0,0.0,0.011493630057140294,-0.0670499189845688,0.17525614294799208,0.0,0.0,0.0,0.0,0.0,0.0,0.0,0.0,0.0,0.0,0.0,0.0,0.0,0.0,0.0,0.32914030172366093,-0.4469797229567032,0.7761200246803641,0.4469797229567032,0.1735450059326028,0.20862523303999764,2.950265100854196,-2.950265100854299,-0.01820178539392847,-0.22693956159858164,0.32914030172366093,0.0,0.0,0.0,-0.4086742974032296,-0.4469797229567032,-0.3262499018839762,0.0,0.0,0.0,0.1375661254225479,0.09260217194394249,0.3243848710755165,0.0,0.0,0.0,0.0,0.0,0.0,0.0,0.0,0.0,0.0,0.0,0.0,0.0,0.0,0.0,-57.64773435359,-0.031618945819,-0.021033868117,0.001961134203,-0.013626971602,0.031618945819,5.286215547
76,Mol_77,6N0D-Active_82th,MAPK1,0,31,179.708066,-54.46535792091,2.547828757883,-879.060837850659,-5.853897135327873,-1.8065821799305328,-6.197003696920371,-0.44999113580256683,0.5199516786662463,-3.1183004205359977,6.009709107299553,6.79048973309157,47.80241670110747,-25.76268244391856,29.126447945497016,0.40807563871806857,4.04731495539734,5.853897135327873,1.8065821799305328,-3.8302396576292033,3.8302396576292033,2.02365747769867,0.49415477224792664,3.6248070625961937,1.8927312056707355,0.1955630805858508,-0.22783867676712077,0.4234017573529716,0.22783867676712077,0.085923887380311,0.11301413251411767,1.3318202543948725,-1.3318202543947681,0.034798764509148344,-0.1215474136162511,0.1955630805858508,0.0,0.0,0.0,-0.19335087859014388,-0.22783867676712077,-0.18065209557870432,0.0,0.0,0.0,0.020951837226954557,-0.07520084527927628,0.1758112215722658,0.0,0.0,0.0,0.0,0.0,0.0,0.0,0.0,0.0,0.0,0.0,0.0,0.0,0.0,0.0,0.3338480547818934,-0.4441892337202411,0.7780372885021345,0.4441892337202411,0.19138890484681692,0.22918215712956835,2.9665280251256996,-2.9665280251256245,-0.012769090070680751,-0.22834951374797008,0.3338480547818934,0.0,0.0,0.0,-0.4347794820231594,-0.4441892337202411,-0.4287466756224241,0.0,0.0,0.0,0.16088785659607702,0.08555047887158285,0.3252113076612435,0.0,0.0,0.0,0.0,0.0,0.0,0.0,0.0,0.0,0.0,0.0,0.0,0.0,0.0,0.0,-54.493049749339,-0.038160001098,-0.023021024135,0.00256550196,-0.018785238621,0.038160001098,5.236212739
77,Mol_78,6N0D-Active_9th,MAPK1,0,44,232.002822,-66.4759949864,2.15059310526,-1016.3044420626416,-5.248150440794973,-1.4625990073470856,-5.650607727652535,-0.2063588269865004,3.1348202256193507,3.530338208596659,-3.750016824041267,6.029345892766658,142.8491676421014,-55.81728548299875,94.73142737615169,0.11227690538716181,3.7855514334478872,5.248150440794973,1.4625990073470856,-3.355374724071029,3.355374724071029,1.8927757167239436,0.5283246140386993,2.974081778273565,1.7727270560500337,0.2636132117934773,-0.3159894073372751,0.5796026191307524,0.3159894073372751,0.08970271457241319,0.13016558717496998,1.9734597205930737,-1.9734597205931066,0.06415719189514542,-0.20887971332793498,0.2636132117934773,-0.3106570569931195,-0.3106570569931195,-0.3106570569931195,-0.27159147520656585,-0.3159894073372751,-0.20453057149686948,0.0,0.0,0.0,-0.004455007780713262,-0.063248279599313,0.03322673309349167,0.0,0.0,0.0,0.0,0.0,0.0,0.0,0.0,0.0,0.0,0.0,0.0,0.0,0.0,0.0,0.3348018406854063,-0.4177673433582836,0.7525691840436899,0.4177673433582836,0.1370058532144442,0.15928299467105922,3.014128770717739,-3.0141287707178046,-0.04820016162502812,-0.23124425109484115,0.3348018406854063,-0.12713338430537124,-0.12713338430537124,-0.12713338430537124,-0.3592173207501439,-0.4177673433582836,-0.32402844183149426,0.0,0.0,0.0,0.10098040083006055,0.08713385864949141,0.11923158243791443,0.0,0.0,0.0,0.0,0.0,0.0,0.0,0.0,0.0,0.0,0.0,0.0,0.0,0.0,0.0,-66.492779513221,-0.024010548208,-0.02215204786,0.000249412852,-0.003188672898,0.024010548208,5.136213347
78,Mol_79,8AOJ-10th,MAPK1,0,27,165.601392,-54.403699668426,1.605198419922,-913.8010617542657,-5.97143461036574,-3.0515823917367544,-7.1927080216926775,-1.6416879430477596,0.3051669303215351,-0.533834531284541,-0.034677857434106826,0.6158804396551935,82.78044693849363,-40.05637287193186,52.90395323621193,0.29269252429255627,2.9198522186289853,5.97143461036574,3.0515823917367544,-4.511508501051247,4.511508501051247,1.4599261093144926,0.6849661730274482,6.970801064930176,3.0902307125458717,0.19907081960946216,-0.26993627159485456,0.4690070912043167,0.26993627159485456,0.09439981807509039,0.12526080426496616,1.2743975440137885,-1.2743975440136524,0.03505085554553032,-0.14087282101241794,0.1794744354838702,0.0,0.0,0.0,-0.1976373193888648,-0.26993627159485456,-0.14348837536865489,0.0,0.0,0.0,0.06218432741337945,-0.04286030243739902,0.19907081960946216,0.0,0.0,0.0,0.0,0.0,0.0,0.0,0.0,0.0,0.0,0.0,0.0,0.0,0.0,0.0,0.33270899013078736,-0.45763341227731225,0.7903424024080996,0.45763341227731225,0.21748047770492426,0.2578332132470465,2.935986449016517,-2.935986449016437,0.04143442997233863,-0.1854875244235199,0.32925499954041904,0.0,0.0,0.0,-0.43117961824071144,-0.45763341227731225,-0.4054251883015354,0.0,0.0,0.0,0.19697700894886205,0.11032478328994832,0.33270899013078736,0.0,0.0,0.0,0.0,0.0,0.0,0.0,0.0,0.0,0.0,0.0,0.0,0.0,0.0,0.0,-54.423877752203,-0.025270457957,-0.015647350758,0.004288803853,-0.01499267075,0.025270457957,5.08621263
79,Mol_80,8AOJ-11th,MAPK1,0,32,184.236435,-51.932979609131,1.508807972832,-822.1375990995223,-5.699516049009903,-2.623466627343806,-6.814798536491771,-1.3686411608842204,-3.0151664386898838,0.28830590596538525,-1.7046774452805658,3.47566887675806,62.9841623118832,-29.147908254381218,40.749027842569404,0.25103802320969726,3.076049421666097,5.699516049009903,2.623466627343806,-4.161491338176854,4.161491338176854,1.5380247108330485,0.6501846120914174,5.629951858296523,2.7057376314343116,0.14807166896726986,-0.28481198158789933,0.4328836505551692,0.28481198158789933,0.061497180173913264,0.0906407836000281,0.9839548827826178,-0.9839548827826068,0.041910218949488154,-0.04129006903487298,0.14807166896726986,-0.28481198158789933,-0.28481198158789933,-0.28481198158789933,-0.19301664207555103,-0.20802874451040054,-0.1780045396407015,0.0,0.0,0.0,2.1674042092454894e-05,-0.04039878869936264,0.04703045995111399,0.0,0.0,0.0,0.0,0.0,0.0,0.0,0.0,0.0,0.0,0.0,0.0,0.0,0.0,0.0,0.3326091214769722,-0.4403330613730656,0.7729421828500378,0.4403330613730656,0.13585110951387838,0.16777211856579202,2.173617752222052,-2.1736177522220563,-0.027221703230536798,-0.18267559814395717,0.3326091214769722,-0.10552323800795982,-0.10552323800795982,-0.10552323800795982,-0.4283726339742131,-0.4403330613730656,-0.4164122065753606,0.0,0.0,0.0,0.1075242890496131,0.0877047857344816,0.1201919244212003,0.0,0.0,0.0,0.0,0.0,0.0,0.0,0.0,0.0,0.0,0.0,0.0,0.0,0.0,0.0,-51.946012892121,-0.017845016496,-0.016390864464,0.000220391449,-0.002755303179,0.017845016496,5.036212173
80,Mol_81,8AOJ-12th,MAPK1,0,60,300.747567,-97.463046682273,1.046492930242,-1524.3997991669758,-4.358600388820768,-2.1279381152649517,-5.619184425226708,-0.4201209535660601,2.0470277691647447,0.48010684118473307,2.0851536945063285,2.9611975949600806,140.2701556639376,-90.80593682661046,64.74937810028091,0.7512600621062907,2.230662273555816,4.358600388820768,2.1279381152649517,-3.2432692520428597,3.2432692520428597,1.115331136777908,0.8965947125702154,4.715548187614717,2.907898062823185,0.21320795509993928,-0.3226625217187138,0.5358704768186531,0.3226625217187138,0.0896352435011211,0.12338208783822377,2.6890573050335886,-2.6890573050336775,0.06241471073124978,-0.05536877800705842,0.21320795509993928,-0.1977400513584029,-0.2852409425641609,-0.11132976094578506,-0.23088279363262654,-0.3226625217187138,-0.13235067116648125,0.0,0.0,0.0,0.028683333255063812,-0.05324008266147762,0.16460078499891673,0.0,0.0,0.0,0.0,0.0,0.0,0.0,0.0,0.0,0.0,0.0,0.0,0.0,0.0,0.0,0.316718927863616,-0.5223895119023609,0.8391084397659769,0.5223895119023609,0.17299511074509963,0.2162764257095523,5.1898533223529375,-5.18985332235304,0.00535309688022326,-0.14473500018181085,0.3084978576378177,-0.2961673728589733,-0.34746356529870415,-0.24300632263358324,-0.4584644652584533,-0.5223895119023609,-0.40785892773880406,0.0,0.0,0.0,0.1363460054150571,0.058145718871754015,0.316718927863616,0.0,0.0,0.0,0.0,0.0,0.0,0.0,0.0,0.0,0.0,0.0,0.0,0.0,0.0,0.0,-97.510963049411,-0.063180921945,-0.038330228274,0.001539658479,-0.027471111848,0.063180921945,4.986215108
81,Mol_82,8AOJ-13th,MAPK1,0,44,255.83019,-74.980252654875,1.169019733692,-1203.3923537696564,-5.428043755281995,-3.011454213517591,-6.791073178942295,-1.5955294889647653,0.3364113132970086,0.6044784778710723,-1.47001943809508,1.624661180154472,78.4590243783405,-40.50234789945689,48.9149030006946,0.358876978157744,2.416589541764404,5.428043755281995,3.011454213517591,-4.219748984399793,4.219748984399793,1.208294770882202,0.8276126191209769,7.368351630927912,3.492317509012195,0.22793746874335508,-0.31203934775903974,0.5399768165023948,0.31203934775903974,0.06713298621782492,0.1043249844255971,1.476925696792131,-1.4769256967921651,0.0349613970755942,-0.03791617061286434,0.22793746874335508,-0.030061421633576835,-0.030061421633576835,-0.030061421633576835,-0.25063966213948063,-0.31203934775903974,-0.16743072910210977,0.0,0.0,0.0,0.015498196148728983,-0.03874342630934691,0.1975982592927108,0.0,0.0,0.0,0.0,0.0,0.0,0.0,0.0,0.0,0.0,0.0,0.0,0.0,0.0,0.0,0.3288747916146125,-0.5082840044873631,0.8371587961019756,0.5082840044873631,0.15975370493310034,0.20116417324410082,3.514581508528221,-3.5145815085281953,-0.012742296768665208,-0.18132832332792237,0.3247293838579033,-0.2171381077626906,-0.2171381077626906,-0.2171381077626906,-0.46292050843467925,-0.5082840044873631,-0.42995844613859546,0.0,0.0,0.0,0.13818533355365104,0.07080077055342837,0.3288747916146125,0.0,0.0,0.0,0.0,0.0,0.0,0.0,0.0,0.0,0.0,0.0,0.0,0.0,0.0,0.0,-75.000209957813,-0.024786487304,-0.015930341152,0.001647603561,-0.01158450941,0.024786487304,4.949999402
82,Mol_83,8AOJ-14th,MAPK1,0,29,172.150552,-48.782574245839,1.654269581801,-782.8949791511654,-5.860925496495981,-2.7324323712387737,-6.928656799203225,-1.3517363607722879,1.7585646190851763,-2.16628895148072,0.5751395337778604,2.848884487675807,68.4594884248903,-25.88893053204317,45.49529181051215,0.08801061421424018,3.1284931252572075,5.860925496495981,2.7324323712387737,-4.296678933867377,4.296678933867377,1.5642465626286037,0.6392854067197514,5.901067741429639,2.746804139781594,0.1320463632844333,-0.24907452240364059,0.3811208856880739,0.24907452240364059,0.053465717733032096,0.07785326450829815,0.7752529071289621,-0.7752529071289689,0.016598794038333923,-0.07546969186091523,0.11610486963450661,0.007572443035074983,0.007572443035074983,0.007572443035074983,-0.2124778998308683,-0.24907452240364059,-0.175881277258096,0.0,0.0,0.0,0.015309222368331453,-0.03434286090357652,0.1320463632844333,0.0,0.0,0.0,0.0,0.0,0.0,0.0,0.0,0.0,0.0,0.0,0.0,0.0,0.0,0.0,0.33158655509920365,-0.4576395842816332,0.7892261393808369,0.4576395842816332,0.1558502932167481,0.19652838406549863,2.2598292516428384,-2.2598292516428566,-0.014749219262297449,-0.2942467206410049,0.33158655509920365,-0.36380645839449866,-0.36380645839449866,-0.36380645839449866,-0.43820344580844584,-0.4576395842816332,-0.41876730733525847,0.0,0.0,0.0,0.1328592399041667,0.10031761036910403,0.2512069001570293,0.0,0.0,0.0,0.0,0.0,0.0,0.0,0.0,0.0,0.0,0.0,0.0,0.0,0.0,0.0,-48.797679211529,-0.020407471161,-0.016219230736,-0.000449237484,-0.004819762639,0.020407471161,4.93621269
83,Mol_84,8AOJ-15th,MAPK1,0,30,177.299685,-52.838306972884,1.500624936573,-858.0296759087207,-5.441362880496897,-2.5991514045008617,-6.43301454554162,-1.1546757535110235,-2.915752512394966,1.7489975876272428,-0.12884448715484606,3.4025293792903044,64.89023894544766,-26.45123275803752,42.870687655441635,0.14471292486990678,2.8422114759960357,5.441362880496897,2.5991514045008617,-4.020257142498879,4.020257142498879,1.4211057379980179,0.7036774064460183,5.686581603203617,2.828964119279692,0.19355778823859726,-0.2644609166442269,0.45801870488282415,0.2644609166442269,0.06661131165534641,0.09708546690424649,0.9991696748301808,-0.9991696748302112,0.03489016677509872,-0.06426864514644137,0.19355778823859726,0.005506035727203873,0.005506035727203873,0.005506035727203873,-0.22381649032567275,-0.2644609166442269,-0.15628037491219615,0.0,0.0,0.0,0.01296281214757301,-0.048152573100929574,0.13248075429433614,0.0,0.0,0.0,0.0,0.0,0.0,0.0,0.0,0.0,0.0,0.0,0.0,0.0,0.0,0.0,0.3218283858176161,-0.46074961217505717,0.7825779979926732,0.46074961217505717,0.16150284189022726,0.1971224396449404,2.4225426283534075,-2.42254262835341,0.006545816085730986,-0.13182025961967447,0.3218283858176161,-0.36635139810537254,-0.36635139810537254,-0.36635139810537254,-0.3883409682349175,-0.46074961217505717,-0.3011133378091788,0.0,0.0,0.0,0.13028973286583248,0.08923092015698042,0.2509384789656075,0.0,0.0,0.0,0.0,0.0,0.0,0.0,0.0,0.0,0.0,0.0,0.0,0.0,0.0,0.0,-52.856563280078,-0.024939582455,-0.019877679198,-0.000384223134,-0.005758439821,0.024939582455,4.93621269
84,Mol_85,8AOJ-16th,MAPK1,0,39,253.604918,-71.859255424117,1.245469139224,-1522.7998660397516,-6.539925478111422,-3.3781368391033073,-7.340705201128583,-2.2776453998020814,-3.158727311011169,-3.0938394178152584,3.329617185713384,5.534957196939577,34.149789228406,-21.145057709073797,17.880123235827963,0.6254933761046031,3.1617886390081145,6.539925478111422,3.3781368391033073,-4.959031158607365,4.959031158607365,1.5808943195040572,0.632553351392717,7.777872856091185,3.136851779037997,0.8518524549274691,-0.4290682023215524,1.2809206572490215,0.8518524549274691,0.08335948750659182,0.17903363583231288,1.6255100063783694,-1.6255100063787118,0.02700529024528082,-0.04114170399309991,0.13726610634030667,-0.20279185756373508,-0.20279185756373508,-0.20279185756373508,-0.2907282887771876,-0.4290682023215524,-0.15825395838600897,0.8518524549274691,0.8518524549274691,0.8518524549274691,-0.002019480550841728,-0.04083673352870676,0.13389027049410718,0.0,0.0,0.0,0.0,0.0,0.0,0.0,0.0,0.0,0.0,0.0,0.0,0.0,0.0,0.0,1.8182840127451048,-0.7840908060179625,2.6023748187630673,1.8182840127451048,0.2163151200153677,0.38130665815977577,4.218144840299474,-4.218144840299863,-0.03034975188029714,-0.15992123116299872,0.33599878104908676,-0.47190186183549265,-0.47190186183549265,-0.47190186183549265,-0.5927535374935293,-0.7840908060179625,-0.4006641483374871,1.8182840127451048,1.8182840127451048,1.8182840127451048,0.12550977205154307,0.10036074434365638,0.2388863636251135,0.0,0.0,0.0,0.0,0.0,0.0,0.0,0.0,0.0,0.0,0.0,0.0,0.0,0.0,0.0,-71.881974320902,-0.029039121026,-0.026999079536,0.003452572266,-0.006573373454,0.029039121026,4.88621369
85,Mol_86,8AOJ-17th,MAPK1,0,27,165.124004,-49.681134352572,1.68144478021,-818.7681157961272,-6.000200263610634,-2.8219670627761895,-6.9914094049845055,-1.4874048242707136,-1.038902705525159,-2.428300426086937,0.8123195056562876,2.763299616428007,52.284261787961825,-20.843648268374814,34.61627436667354,0.12749787295244963,3.1782332008344447,6.000200263610634,2.8219670627761895,-4.411083663193412,4.411083663193412,1.5891166004172224,0.6292804440765707,6.12216217443805,2.7758086864332565,0.16868119109299295,-0.23957870744722065,0.4082598985402136,0.23957870744722065,0.06872807035462716,0.09459740966984792,0.9278289497874708,-0.9278289497874626,0.02477437268424135,-0.07597291265869988,0.12499469568236776,-0.05849478408074393,-0.05849478408074393,-0.05849478408074393,-0.20069019468580981,-0.23957870744722065,-0.17866073362199408,0.0,0.0,0.0,0.034858238950978074,-0.022173517472373394,0.16868119109299295,0.0,0.0,0.0,0.0,0.0,0.0,0.0,0.0,0.0,0.0,0.0,0.0,0.0,0.0,0.0,0.32915949102351405,-0.44818833257323654,0.7773478235967506,0.44818833257323654,0.1806191953788224,0.22328479536965581,2.4383591376140936,-2.4383591376141105,0.016361894229370337,-0.11708413549297347,0.32915949102351405,-0.3989072319351319,-0.3989072319351319,-0.3989072319351319,-0.4358138510820145,-0.44818833257323654,-0.42264413686863733,0.0,0.0,0.0,0.16414247399666376,0.10831624743927493,0.31964989319146364,0.0,0.0,0.0,0.0,0.0,0.0,0.0,0.0,0.0,0.0,0.0,0.0,0.0,0.0,0.0,-49.700191787463,-0.025294868684,-0.018087629874,0.001000669165,-0.009288667673,0.025294868684,4.83621269
86,Mol_87,8AOJ-18th,MAPK1,0,29,178.673492,-55.909741725548,1.595580800433,-932.0488851879761,-6.140802269854843,-3.1302003381714254,-7.173534070192837,-1.6225510280257698,-0.17654852758725112,-0.3375683432304994,0.018277043417846996,0.3813867056685491,75.45925315327821,-33.278847052644224,49.310844007917495,0.20882570059166491,3.010601931683418,6.140802269854843,3.1302003381714254,-4.635501304013134,4.635501304013134,1.505300965841709,0.6643189785245616,7.137400701623891,3.0794514912312785,0.18563839937967508,-0.24865820575852204,0.4342966051381971,0.24865820575852204,0.07498182941396116,0.10428748485889305,1.087236526502433,-1.0872365265024404,0.02609214555205875,-0.0783616500815345,0.16214643945074858,0.05018465180260279,0.05018465180260279,0.05018465180260279,-0.20356161777602022,-0.24865820575852204,-0.1638579695242406,0.0,0.0,0.0,0.04140884844673218,-0.015672442155429955,0.18563839937967508,0.0,0.0,0.0,0.0,0.0,0.0,0.0,0.0,0.0,0.0,0.0,0.0,0.0,0.0,0.0,0.49437722791070815,-0.47143837285417334,0.9658156007648815,0.49437722791070815,0.19723324846693757,0.24669191167288654,2.8598821027705514,-2.859882102770638,0.03724342883233902,-0.11963988059591557,0.49437722791070815,-0.341642115589738,-0.341642115589738,-0.341642115589738,-0.4396095270070126,-0.47143837285417334,-0.40539595527714845,0.0,0.0,0.0,0.17126986568140184,0.1096263584096151,0.3348440963539232,0.0,0.0,0.0,0.0,0.0,0.0,0.0,0.0,0.0,0.0,0.0,0.0,0.0,0.0,0.0,-55.931080309565,-0.026287012115,-0.016275167087,0.002038991874,-0.0131315966,0.026287012115,4.83621269
87,Mol_88,8AOJ-19th,MAPK1,0,51,261.06576,-79.307074856016,0.843064782014,-1224.187667613025,-5.643355734710446,-2.883547190800812,-5.8517160237345385,-1.4512377526317182,0.9682325380400963,-0.26371743656013746,-0.6733192684819439,1.2084618204041353,119.753414670003,-64.4238816442675,73.04655906600374,0.40591420187657845,2.759808543909634,5.643355734710446,2.883547190800812,-4.263451462755629,4.263451462755629,1.379904271954817,0.7246879514209835,6.586333104659124,3.0896719065271725,0.21939295069586162,-0.37241148422719395,0.5918044349230556,0.37241148422719395,0.0768033209306052,0.11962880558762479,1.9584846837304286,-1.958484683730436,0.06203067864713987,-0.059690924518529975,0.21939295069586162,-0.25453796798165573,-0.37241148422719395,-0.13666445173611752,-0.2653578487930295,-0.3203218814878248,-0.17271192714942352,0.0,0.0,0.0,0.011160961647728534,-0.03668466866275799,0.16059159745697982,0.0,0.0,0.0,0.0,0.0,0.0,0.0,0.0,0.0,0.0,0.0,0.0,0.0,0.0,0.0,0.3328666883932456,-0.5099957319390906,0.8428624203323363,0.5099957319390906,0.1448505161510765,0.18915805516044812,3.693688161852422,-3.693688161852479,-0.020882730168447224,-0.16245694764730167,0.3328666883932456,-0.24256049314558537,-0.24607358414954206,-0.23904740214162867,-0.4748819611411279,-0.5099957319390906,-0.4143915820603663,0.0,0.0,0.0,0.11763275684970904,0.06685269691959428,0.3056383118931917,0.0,0.0,0.0,0.0,0.0,0.0,0.0,0.0,0.0,0.0,0.0,0.0,0.0,0.0,0.0,-79.331974896651,-0.031952906374,-0.02257077782,0.001571931075,-0.012034819327,0.031952906374,4.83621269
88,Mol_89,8AOJ-1st,MAPK1,0,26,160.837212,-50.333386339157,1.692273767261,-838.6374048759315,-6.6615158659956295,-3.271143761641283,-6.846879332657245,-1.6455853093851254,0.008545834591903402,-0.07688738790910969,-0.08336806972097413,0.11373186342164311,46.34511250047621,-23.277314326312585,29.23358434523914,0.32985617739522566,3.3903721043543467,6.6615158659956295,3.271143761641283,-4.966329813818456,4.966329813818456,1.6951860521771733,0.5899057502954752,7.274845079082873,2.9296665150353642,0.19654100703323618,-0.3418658735023197,0.5384068805355559,0.3418658735023197,0.07587881699401662,0.11385993533219893,0.9864246209222102,-0.986424620922222,0.03656189477023654,-0.03136913271125419,0.14767303269695553,0.0,0.0,0.0,-0.2074684602273491,-0.3418658735023197,-0.16061093416187333,0.0,0.0,0.0,0.03975091426575912,-0.0171769337472516,0.19654100703323618,0.0,0.0,0.0,0.0,0.0,0.0,0.0,0.0,0.0,0.0,0.0,0.0,0.0,0.0,0.0,0.333049139286941,-0.46638207407210786,0.7994312133590489,0.46638207407210786,0.19613679254956876,0.23865358453037655,2.5497783031443673,-2.5497783031444206,0.025203262585163637,-0.12260367303515629,0.333049139286941,0.0,0.0,0.0,-0.4316513602112053,-0.46638207407210786,-0.4085763317200879,0.0,0.0,0.0,0.1717199705815597,0.11414034024576092,0.33009551954133853,0.0,0.0,0.0,0.0,0.0,0.0,0.0,0.0,0.0,0.0,0.0,0.0,0.0,0.0,0.0,-50.346066826032,-0.015346371547,-0.010338728734,0.002960418676,-0.009048821188,0.015346371547,4.786214046
89,Mol_90,8AOJ-20th,MAPK1,0,29,179.16229,-60.59429465303,1.610025481053,-1027.028440595314,-6.5882198107272565,-2.918558389942218,-6.663044039664562,-1.7671591423888842,-1.9677548629591235,-0.05026795909974295,-0.1477956377949231,1.9739375924690579,70.96758517132862,-25.90078955776988,47.23831111826534,0.0623916339563309,3.6696614207850384,6.5882198107272565,2.918558389942218,-4.753389100334737,4.753389100334737,1.8348307103925192,0.5450094084080778,6.157164203543191,2.5906417815068403,0.1870348863234622,-0.2034023164047447,0.3904372027282069,0.2034023164047447,0.08288450135903692,0.1042807704033695,1.2018252697060867,-1.2018252697059844,0.03012437510297996,-0.0690943166977469,0.1605014140653802,0.0,0.0,0.0,-0.14748448330555863,-0.2034023164047447,-0.11730209551721771,0.0,0.0,0.0,0.054130159161094316,-0.04206681663393308,0.1870348863234622,0.0,0.0,0.0,0.0,0.0,0.0,0.0,0.0,0.0,0.0,0.0,0.0,0.0,0.0,0.0,0.49707393489106,-0.4494549850281757,0.9465289199192357,0.49707393489106,0.22099041567719052,0.2657992016926581,3.2043610273192735,-3.2043610273192513,0.058641180948369315,-0.14645621184115942,0.49707393489106,0.0,0.0,0.0,-0.4082782588851795,-0.4494549850281757,-0.37175466571047977,0.0,0.0,0.0,0.19625647988569495,0.09960750901670512,0.3356595903733224,0.0,0.0,0.0,0.0,0.0,0.0,0.0,0.0,0.0,0.0,0.0,0.0,0.0,0.0,0.0,-60.628951399575,-0.045914493777,-0.029985711537,0.005568309236,-0.022577851174,0.045914493777,4.786214046
90,Mol_91,8AOJ-2nd,MAPK1,0,29,172.431609,-53.492063859462,1.749447866863,-877.90606122243,-6.351720200736272,-2.8991354385047114,-6.782556767894549,-1.394565254319773,-2.4971810237608114,0.5085331170121178,-0.028402671278914195,2.5485928879020543,91.39612732385793,-41.059729098970585,59.51693096907685,0.22472934787824556,3.452584762231561,6.351720200736272,2.8991354385047114,-4.625427819620492,4.625427819620492,1.7262923811157804,0.5792761475050101,6.196685668244361,2.6794000079122573,0.1951619535926209,-0.23567619051936184,0.43083814411198273,0.23567619051936184,0.07406990921669962,0.0981945653056349,1.0740136836421368,-1.0740136836421526,0.026520487197761847,-0.08515419106830091,0.12769557667065445,0.0,0.0,0.0,-0.17465035213122615,-0.23567619051936184,-0.12299492764463338,0.0,0.0,0.0,0.030079410055846113,-0.04101901758200932,0.1951619535926209,0.0,0.0,0.0,0.0,0.0,0.0,0.0,0.0,0.0,0.0,0.0,0.0,0.0,0.0,0.0,0.33449846665969485,-0.4327016447099581,0.7672001113696529,0.4327016447099581,0.1902709652982913,0.22937653976582215,2.7589289968252064,-2.75892899682524,0.008416617404809302,-0.2896682433230371,0.33449846665969485,0.0,0.0,0.0,-0.41677135735509596,-0.4327016447099581,-0.39688434616655677,0.0,0.0,0.0,0.15408361683482105,0.10031310227146784,0.3278840104398124,0.0,0.0,0.0,0.0,0.0,0.0,0.0,0.0,0.0,0.0,0.0,0.0,0.0,0.0,0.0,-53.511789623508,-0.025825616328,-0.018083416739,0.002739781425,-0.011562740712,0.025825616328,4.786214046
91,Mol_92,8AOJ-3rd,MAPK1,0,26,160.640886,-45.607790750935,1.848702030397,-743.6013636318075,-6.051649285436553,-2.6586342455494747,-6.8499912456763,-1.4377287459952734,3.1591779530423674,-0.37666051675395085,-0.8973833694374991,3.305688339153181,100.70135875387155,-40.24481010852149,66.65756376380097,0.12938960990484796,3.393015039887078,6.051649285436553,2.6586342455494747,-4.355141765493014,4.355141765493014,1.696507519943539,0.5894462525183978,5.590090104101881,2.5671219928562152,0.12596588987647372,-0.18538083484761714,0.31134672472409086,0.18538083484761714,0.05635062547632464,0.07831876094493569,0.7325581311922376,-0.7325581311922031,0.023821732985550664,-0.09507090048984512,0.12596588987647372,-0.03572843446438956,-0.03572843446438956,-0.03572843446438956,-0.17996810085048676,-0.18538083484761714,-0.17455536685335638,0.0,0.0,0.0,0.006906708263076464,-0.04581200312145395,0.11384946317979483,0.0,0.0,0.0,0.0,0.0,0.0,0.0,0.0,0.0,0.0,0.0,0.0,0.0,0.0,0.0,0.33550651821408817,-0.4301475279447686,0.7656540461588568,0.4301475279447686,0.15788848171749897,0.19676666546800148,2.0525502623274816,-2.0525502623274905,-0.002047736782424409,-0.144306552306392,0.33550651821408817,-0.3688487808816099,-0.3688487808816099,-0.3688487808816099,-0.42303463387376716,-0.4301475279447686,-0.4159217398027657,0.0,0.0,0.0,0.1381762626203419,0.09917875696227496,0.22831509983247888,0.0,0.0,0.0,0.0,0.0,0.0,0.0,0.0,0.0,0.0,0.0,0.0,0.0,0.0,0.0,-45.625086782354,-0.023936666246,-0.01895987909,3.176127e-06,-0.006060722981,0.023936666246,4.736212487
92,Mol_93,8AOJ-4th,MAPK1,0,28,170.070509,-58.49344998162,1.567091003169,-988.9864782988147,-6.132761033183466,-3.2678816769395658,-6.551345768454701,-1.6108131901214107,-0.58413436967806,1.1113114565150897,0.6758473655585312,1.425831608835097,22.60342860787051,-11.955037201795342,13.921875659305023,0.3859888077801001,2.8648793562439003,6.132761033183466,3.2678816769395658,-4.700321355061516,4.700321355061516,1.4324396781219502,0.698109676290931,7.71167581374636,3.281339819645345,0.2049398586801433,-0.3528182651579872,0.5577581238381305,0.3528182651579872,0.10165196923334832,0.13837302761258238,1.4231275692669016,-1.4231275692668517,0.04050288812664059,-0.030484363626094968,0.1353411516950418,0.0,0.0,0.0,-0.21782652556476853,-0.3528182651579872,-0.15502610493771662,0.0,0.0,0.0,0.09248983995196162,-0.015953118355444662,0.2049398586801433,0.0,0.0,0.0,0.0,0.0,0.0,0.0,0.0,0.0,0.0,0.0,0.0,0.0,0.0,0.0,0.3350678396514344,-0.4739535916018003,0.8090214312532347,0.4739535916018003,0.2419745490411063,0.27846297674360576,3.387643686575497,-3.3876436865754807,0.05906927826447011,-0.12056431732636952,0.32630661880009626,0.0,0.0,0.0,-0.44228671985828044,-0.4739535916018003,-0.4209894497755755,0.0,0.0,0.0,0.22834380293088966,0.12225371212377201,0.3350678396514344,0.0,0.0,0.0,0.0,0.0,0.0,0.0,0.0,0.0,0.0,0.0,0.0,0.0,0.0,0.0,-58.512671195592,-0.022688372123,-0.011648937792,0.005230044056,-0.017350238086,0.022688372123,4.6862129
93,Mol_94,8AOJ-5th,MAPK1,0,26,160.825096,-50.326396216444,1.785503694118,-838.6290304813172,-6.343598883841113,-3.0830713431699586,-7.198023713199848,-1.7051710330481815,-1.3481298341139154,1.4282093398889828,0.18883099729784422,1.9730415894538655,41.15699719077384,-18.052210524818566,26.920827313790188,0.20420221041779352,3.2605275406711547,6.343598883841113,3.0830713431699586,-4.713335113505536,4.713335113505536,1.6302637703355773,0.6133976710984368,6.813476535650225,2.891148781730782,0.203093668530969,-0.25423766138492176,0.45733132991589076,0.25423766138492176,0.07448721589361701,0.10801680147122238,0.9683338066170069,-0.9683338066170355,0.033972994497651995,-0.03192265885819978,0.13920384434081345,0.0,0.0,0.0,-0.19882286822389128,-0.25423766138492176,-0.15697256697162842,0.0,0.0,0.0,0.03995869374105107,-0.01747710550483239,0.203093668530969,0.0,0.0,0.0,0.0,0.0,0.0,0.0,0.0,0.0,0.0,0.0,0.0,0.0,0.0,0.0,0.3366340852264669,-0.4517503172198527,0.7883844024463196,0.4517503172198527,0.18938163915997328,0.2343546425256228,2.461961309079625,-2.4619613090796806,0.02510341300038415,-0.12148467549812558,0.3366340852264669,0.0,0.0,0.0,-0.4332811293266077,-0.4517503172198527,-0.4191914021889662,0.0,0.0,0.0,0.1727095919126246,0.11045789380867488,0.3344632342627415,0.0,0.0,0.0,0.0,0.0,0.0,0.0,0.0,0.0,0.0,0.0,0.0,0.0,0.0,0.0,-50.341853814806,-0.019173721226,-0.012557779106,0.003097765853,-0.010794467671,0.019173721226,4.6862129
94,Mol_95,8AOJ-6th,MAPK1,0,29,172.437406,-48.77880799794,1.514423460886,-782.8846017597309,-5.784965820851732,-2.8064222442485307,-6.974206858992517,-1.3799864409484166,-1.8285544273247967,-1.8663697583468697,0.15420163106490525,2.6173890638542723,62.5288135856795,-22.85696540665394,41.618771298229255,0.06351473785903129,2.9785435766032013,5.784965820851732,2.8064222442485307,-4.295694032550132,4.295694032550132,1.4892717883016007,0.6714691084965912,6.195305439288223,2.8844258424105638,0.13568499793588362,-0.2515129986472573,0.3871979965831409,0.2515129986472573,0.05882734275531251,0.08296148245653753,0.8529964699520157,-0.8529964699520469,0.03320666565228952,-0.06536122325586913,0.13568499793588362,-0.129780282082109,-0.129780282082109,-0.129780282082109,-0.21255686271819219,-0.2515129986472573,-0.17360072678912708,0.0,0.0,0.0,0.005163092975829034,-0.044507316107347705,0.13290142903418556,0.0,0.0,0.0,0.0,0.0,0.0,0.0,0.0,0.0,0.0,0.0,0.0,0.0,0.0,0.0,0.33290998542328243,-0.45797976582935007,0.7908897512526325,0.45797976582935007,0.14723166658375877,0.18228535368892781,2.134859165464474,-2.1348591654645306,-0.01577460465802627,-0.18360388876438627,0.33290998542328243,-0.23158219890095033,-0.23158219890095033,-0.23158219890095033,-0.4365584824863378,-0.45797976582935007,-0.4151371991433255,0.0,0.0,0.0,0.1219380212494512,0.09585912373656025,0.24519006415355937,0.0,0.0,0.0,0.0,0.0,0.0,0.0,0.0,0.0,0.0,0.0,0.0,0.0,0.0,0.0,-48.791238617019,-0.016574137549,-0.01426220246,-0.000109692719,-0.003283002068,0.016574137549,4.6862129
95,Mol_96,8AOJ-7th,MAPK1,0,36,202.256272,-57.25389216821,1.640699758282,-899.5031660133582,-5.692096020262266,-2.531036671924121,-6.776629871241256,-1.3090499931207684,-3.644924010267628,1.8272472956307042,-1.6918869688852811,4.41438390214297,61.4745334453376,-29.437252810345495,39.41259728220059,0.28267176053877013,3.161059348338145,5.692096020262266,2.531036671924121,-4.111566346093193,4.111566346093193,1.5805296741690724,0.6326992883102478,5.3478837172777345,2.601385101013529,0.16430675209045642,-0.305314340351182,0.4696210924416384,0.305314340351182,0.05710982499631115,0.09005294706760618,1.0279768499336304,-1.0279768499335715,0.03974351999850039,-0.06345875521866695,0.16430675209045642,-0.305314340351182,-0.305314340351182,-0.305314340351182,-0.20009798388684885,-0.2203439898881996,-0.17985197788549812,0.0,0.0,0.0,-0.0006582034565379165,-0.02373715982844149,0.05623004833786249,0.0,0.0,0.0,0.0,0.0,0.0,0.0,0.0,0.0,0.0,0.0,0.0,0.0,0.0,0.0,0.33269750904389284,-0.44364879799361034,0.7763463070375032,0.44364879799361034,0.1293004243278798,0.1601636707708841,2.3274076379018562,-2.3274076379018185,-0.032244354750418855,-0.1684145999445814,0.33269750904389284,-0.11123655126073206,-0.11123655126073206,-0.11123655126073206,-0.43033862504404663,-0.44364879799361034,-0.4170284520944829,0.0,0.0,0.0,0.10348747912376016,0.0820153472878743,0.12841335489145345,0.0,0.0,0.0,0.0,0.0,0.0,0.0,0.0,0.0,0.0,0.0,0.0,0.0,0.0,0.0,-57.267535545188,-0.018563159218,-0.017105762726,0.000173437012,-0.002711593201,0.018563159218,4.636213209
96,Mol_97,8AOJ-8th,MAPK1,0,30,174.801473,-48.502561669997,1.815053514076,-766.8531976242514,-7.104994583996367,-2.913972237227649,-7.215656740787968,-1.6930921665622503,-0.7622419909903427,-0.09046512404092447,0.08780820674666497,0.7725976136830391,71.39714651681184,-32.24500572547922,46.44376407063176,0.22933701247440977,4.191022346768719,7.104994583996367,2.913972237227649,-5.009483410612008,5.009483410612008,2.0955111733843594,0.4772105311111026,5.9877810149461785,2.390578238970414,0.12896734682169786,-0.17054869720075594,0.2995160440224538,0.17054869720075594,0.03866802196592574,0.06167954464742338,0.5800203294889132,-0.5800203294888588,0.026024017247765097,-0.06932965207468822,0.12896734682169786,0.0,0.0,0.0,-0.1698729165644588,-0.17054869720075594,-0.16919713592816166,0.0,0.0,0.0,-0.006386536902939129,-0.028489802908622464,0.01595615245871218,0.0,0.0,0.0,0.0,0.0,0.0,0.0,0.0,0.0,0.0,0.0,0.0,0.0,0.0,0.0,0.33358173556213444,-0.41340561137482545,0.7469873469369599,0.41340561137482545,0.13272093807744514,0.16911667466260608,1.9908140711616724,-1.9908140711616822,-0.02845526528570258,-0.27319087414267074,0.33358173556213444,0.0,0.0,0.0,-0.41252789810846213,-0.41340561137482545,-0.4116501848420988,0.0,0.0,0.0,0.10669500339901299,0.09312076272428216,0.12191730062505168,0.0,0.0,0.0,0.0,0.0,0.0,0.0,0.0,0.0,0.0,0.0,0.0,0.0,0.0,0.0,-48.5120502348,-0.012503618872,-0.011835210607,0.000783863203,-0.002533031166,0.012503618872,4.636213209
97,Mol_98,8AOJ-9th,MAPK1,0,30,176.942371,-57.582183960326,1.811973250187,-953.0960415886611,-6.459203714549517,-3.056901373563706,-6.737711050221302,-1.492648255991667,0.6451011401652977,-0.08555190965583405,0.1327395978807521,0.6641493891692372,84.54077600890494,-41.1165634412502,53.94169218374057,0.2976220688329357,3.402302340985811,6.459203714549517,3.056901373563706,-4.7580525440566115,4.7580525440566115,1.7011511704929054,0.5878372347768787,6.6540423933764705,2.7969604504213312,0.24037841188451736,-0.3533207641230707,0.593699176007588,0.3533207641230707,0.09948476903041338,0.12959263449869848,1.4922715354561848,-1.4922715354562157,0.03242081652107931,-0.10722618337411749,0.24037841188451736,0.0,0.0,0.0,-0.20246945805218744,-0.3533207641230707,-0.16362176575804988,0.0,0.0,0.0,0.05260350424447167,-0.04343498850611116,0.1976452280979032,0.0,0.0,0.0,0.0,0.0,0.0,0.0,0.0,0.0,0.0,0.0,0.0,0.0,0.0,0.0,0.3356250883998486,-0.4769465463404643,0.8125716347403129,0.4769465463404643,0.2192125064634615,0.2565584759302397,3.2881875969518655,-3.288187596951979,0.02456767502319052,-0.28987783677478074,0.3356250883998486,0.0,0.0,0.0,-0.4320581808360416,-0.4769465463404643,-0.40791243536347466,0.0,0.0,0.0,0.17917757788322364,0.10351126899514007,0.33076014022099276,0.0,0.0,0.0,0.0,0.0,0.0,0.0,0.0,0.0,0.0,0.0,0.0,0.0,0.0,0.0,-57.60205672047,-0.025108106142,-0.015488501025,0.004456846077,-0.015157210893,0.025108106142,4.586214232
98,Mol_99,8AOJ-cocrys,MAPK1,0,41,206.536382,-60.254113802877,2.884861606719,-915.3146161246029,-6.460636425323613,-1.072651052454712,-6.707424305732116,-0.47329262874386785,-0.8900565251564071,-3.9672468508248446,-1.5176473070434324,4.339873447685926,89.4866132436804,-58.599337189203645,38.988471961420096,0.8014341452862435,5.387985372868901,6.460636425323613,1.072651052454712,-3.7666437388891625,3.7666437388891625,2.6939926864344503,0.3711962564098564,2.6331929420510956,1.3981640551052816,0.18645008182416678,-0.3075314402301874,0.4939815220543542,0.3075314402301874,0.0567377590856669,0.09015662012768322,1.1631240612561529,-1.16312406125619,0.035099538593261204,-0.1227765017058271,0.18645008182416678,-0.1288447189342139,-0.3075314402301874,-0.013037897773267026,-0.2705072512686275,-0.2705072512686275,-0.2705072512686275,0.0,0.0,0.0,0.011214675475663332,-0.038418678528106875,0.1258021989454069,0.0,0.0,0.0,0.0,0.0,0.0,0.0,0.0,0.0,0.0,0.0,0.0,0.0,0.0,0.0,0.38444484960205116,-0.4992471866068069,0.8836920362088581,0.4992471866068069,0.13413562815988317,0.16569358583501897,2.74978037727757,-2.7497803772776397,-0.05878154287527143,-0.2988874390858678,0.38444484960205116,-0.17919411905424787,-0.2525824094090918,-0.04621111083778029,-0.4992471866068069,-0.4992471866068069,-0.4992471866068069,0.0,0.0,0.0,0.1078264174414036,0.07991684060354964,0.2436528925357795,0.0,0.0,0.0,0.0,0.0,0.0,0.0,0.0,0.0,0.0,0.0,0.0,0.0,0.0,0.0,-60.273910718543,-0.024087389553,-0.016196360735,-0.004894510995,-0.004077277521,0.024087389553,4.536212986
99,Mol_100,CHEMBL10041,MAPK1,1,59,301.236923,-81.591856497312,3.174346923179,-1212.888829732608,-7.868818164404922,-3.805309745744943,-8.728883158934904,-3.134681217463579,16.508781603065845,9.80155365315362,1.591822727923918,19.265103779385917,284.8042268001768,-107.53278044247357,189.2851775368039,0.08685587463661165,4.063508418659978,7.868818164404922,3.805309745744943,-5.837063955074933,5.837063955074933,2.031754209329989,0.49218551900023855,8.384704079651126,2.8729183521661406,0.23211366510429965,-0.310862690942038,0.5429763560463376,0.310862690942038,0.06466439885915398,0.0934441372305994,2.407599766345156,-1.4075997663449287,0.03550211864574527,-0.12827400697956115,0.23211366510429965,-0.18894255322604003,-0.18894255322604003,-0.18894255322604003,-0.2777643271658121,-0.310862690942038,-0.24466596338958624,0.0,0.0,0.0,0.027380537425617156,-0.07037733537738067,0.1973728469695717,0.0,0.0,0.0,0.0,0.0,0.0,0.0,0.0,0.0,0.0,0.0,0.0,0.0,0.0,0.0,0.33049952323499787,-0.47234338669530196,0.8028429099302998,0.47234338669530196,0.12643419323402288,0.14906891162540561,4.229808700403823,-3.2298087004035265,-0.07609355650502878,-0.2777085247769904,0.19407328083221742,0.03397054153734125,0.03397054153734125,0.03397054153734125,-0.40870310409929456,-0.47234338669530196,-0.34506282150328715,0.0,0.0,0.0,0.12539560452640974,0.07992399701537489,0.33049952323499787,0.0,0.0,0.0,0.0,0.0,0.0,0.0,0.0,0.0,0.0,0.0,0.0,0.0,0.0,0.0,-81.685935007843,-0.103333468069,-0.093201334812,-0.00175717043,-0.009455722526,0.103333468069,4.450000476
100,Mol_101,CHEMBL101083,MAPK1,1,68,335.96308,-97.786829627447,2.902045273952,-1484.0154917617838,-7.768750268495434,-3.2999083772486735,-7.900265644114072,-2.9099583282137265,12.479672395879442,-7.014460985430368,-2.8138307765475887,14.589809103057057,289.79485956453556,-122.52929885159787,190.6231244820471,0.17383059866393227,4.46884189124676,7.768750268495434,3.2999083772486735,-5.534329322872054,5.534329322872054,2.23442094562338,0.4475432446866051,6.8538565022841595,2.4768517023223815,0.27092120882639126,-0.3354880021607176,0.6064092109871089,0.3354880021607176,0.07356390271119052,0.10807196222538673,3.001172692180541,-2.0011726921804143,0.04986127058936828,-0.10634103330810518,0.27092120882639126,-0.23930539510342674,-0.29158102139401265,-0.18702976881284084,-0.25625910449089506,-0.3354880021607176,-0.1770302068210725,0.0,0.0,0.0,0.02361785117655708,-0.05747746927133024,0.19551814448257843,-0.2578547879058508,-0.2578547879058508,-0.2578547879058508,0.0,0.0,0.0,0.0,0.0,0.0,0.0,0.0,0.0,0.0,0.0,0.0,0.32806689272902534,-0.42902728928220313,0.7570941820112285,0.42902728928220313,0.13349220443698218,0.152848869890953,5.038734950857402,-4.038734950857385,-0.062123660573787556,-0.2913539670122036,0.23062798701560627,-0.09253078088955435,-0.18820724365098496,0.003145681871876249,-0.40043897197237843,-0.42902728928220313,-0.37185065466255374,0.0,0.0,0.0,0.12033368850609284,0.08863856526279368,0.32806689272902534,-0.30381974684343405,-0.30381974684343405,-0.30381974684343405,0.0,0.0,0.0,0.0,0.0,0.0,0.0,0.0,0.0,0.0,0.0,0.0,-97.867695735049,-0.086940063708,-0.078311306614,-7.5175024e-05,-0.009634341768,0.086940063708,4.346787486
101,Mol_102,CHEMBL1095097,MAPK1,0,60,271.547962,-91.17504424155,2.891506731584,-1382.9296561231286,-6.334174294162312,-1.3227864986693447,-6.895615881273735,-0.05825872665540271,-3.412342607261279,2.595504309941815,1.1088355625406512,4.428345175910758,184.6381327108691,-123.03567137786533,64.74496445931374,0.9656287374255216,5.0113877954929675,6.334174294162312,1.3227864986693447,-3.8284803964158285,3.8284803964158285,2.5056938977464838,0.39909104655574973,2.924791044692735,1.5279122481237646,0.26803296168232116,-0.3151941470829147,0.5832271087652359,0.3151941470829147,0.07703743774646465,0.12022422311729299,2.311123132393837,-2.3111231323940427,0.05594551572218268,-0.30353551340225504,0.26803296168232116,0.0,0.0,0.0,-0.2458404503861035,-0.3151941470829147,-0.18328621170949155,0.0,0.0,0.0,0.004411677499467707,-0.03766279556317387,0.03842323017660487,0.0,0.0,0.0,0.0,0.0,0.0,0.0,0.0,0.0,0.0,0.0,0.0,0.0,0.0,0.0,0.4972176596171627,-0.4394156023236011,0.9366332619407638,0.4972176596171627,0.16562702587084205,0.2035519005635522,4.96881077612516,-4.9688107761253635,-0.02465231792476963,-0.29848646113606847,0.4972176596171627,0.0,0.0,0.0,-0.3986335925487274,-0.4394156023236011,-0.3387950719318429,0.0,0.0,0.0,0.09944857284955436,0.08098855758353274,0.12059484673911625,0.0,0.0,0.0,0.0,0.0,0.0,0.0,0.0,0.0,0.0,0.0,0.0,0.0,0.0,0.0,-91.198917092555,-0.033087872883,-0.033853947764,0.005009946697,-0.005324631514,0.033087872883,4.259637311
102,Mol_103,CHEMBL178559,TDP1,1,71,347.211161,-101.426365794804,2.8274312299,-1519.1636142896646,-7.392823586156895,-3.518034917980403,-8.428395876225274,-3.209180630225366,15.706370219059094,7.758857743535893,-3.7425653193949127,17.913590765463827,265.39550367590437,-95.78035083137668,176.7228230110322,0.05445029664242373,3.8747886681764925,7.392823586156895,3.518034917980403,-5.455429252068649,5.455429252068649,1.9373943340882462,0.5161571820486449,7.680859750818979,2.8158589896135,0.29150940433727435,-0.32148719449216934,0.6129965988294437,0.32148719449216934,0.07225042268134477,0.10669792586835679,3.064890005187754,-2.0648900051877237,0.04430956873821656,-0.10659116224927612,0.29150940433727435,-0.19553906290320455,-0.19553906290320455,-0.19553906290320455,-0.26456312748780864,-0.32148719449216934,-0.19022795744011667,0.0,0.0,0.0,0.025680680852999245,-0.05657583715743475,0.18798353530905443,0.0,0.0,0.0,0.0,0.0,0.0,0.0,0.0,0.0,0.0,0.0,0.0,0.0,0.0,0.0,0.33135365666174876,-0.4748096362686365,0.8061632929303852,0.4748096362686365,0.1380311253321446,0.16375488137858943,5.400104949291088,-4.400104949291174,-0.061227934520397716,-0.28343496060725126,0.20978187900545908,0.016132846508269516,0.016132846508269516,0.016132846508269516,-0.40788273520945983,-0.4748096362686365,-0.3492119979376227,0.0,0.0,0.0,0.12367322583170598,0.08194427315316799,0.33135365666174876,0.0,0.0,0.0,0.0,0.0,0.0,0.0,0.0,0.0,0.0,0.0,0.0,0.0,0.0,0.0,-101.518989243161,-0.102735444735,-0.089851896169,7.2224619e-05,-0.014036532883,0.102735444735,9.721
103,Mol_104,CHEMBL178857,TDP1,0,62,370.607683,-105.929219671553,2.446694643462,-2040.1358843233343,-5.31113807220866,-1.4599716536299066,-5.7960660502002455,-1.0094792274897475,2.8817915424295335,-3.2091274023778595,0.5116965865683856,4.343392058681394,190.23684801896306,-102.54840345987893,115.89789314623968,0.4083333760258391,3.8511664185787535,5.31113807220866,1.4599716536299066,-3.3855548629192835,3.3855548629192835,1.9255832092893768,0.5193231822835862,2.976236413607484,1.7581971252069128,0.21539974480149482,-0.34508849465176716,0.560488239453262,0.34508849465176716,0.0829675598396036,0.11732457439080685,2.571994355027768,-2.571994355027655,0.04688139097903887,-0.08841333992839306,0.21539974480149482,-0.3377555484714576,-0.34508849465176716,-0.33042260229114806,-0.19590681677404548,-0.24494904712047827,-0.1662730720232517,0.1014608356185338,0.1014608356185338,0.1014608356185338,0.006130942325981474,-0.05202089639301577,0.1744721647926485,0.0,0.0,0.0,0.0,0.0,0.0,0.0,0.0,0.0,0.0,0.0,0.0,0.0,0.0,0.0,0.36728236334761455,-0.47978298996460467,0.8470653533122192,0.47978298996460467,0.14917300680856618,0.18129686907132772,4.62436321106561,-4.624363211065492,-0.029925344980249236,-0.16582922987313964,0.36728236334761455,-0.15431600047614413,-0.15745513702077307,-0.1511768639315152,-0.39648081744678726,-0.47978298996460467,-0.2097480000311549,0.19455589109358584,0.19455589109358584,0.19455589109358584,0.12476002277084308,0.08451337651544821,0.32371929771999497,0.0,0.0,0.0,0.0,0.0,0.0,0.0,0.0,0.0,0.0,0.0,0.0,0.0,0.0,0.0,-105.961747712275,-0.045599197338,-0.035956185459,0.004685212099,-0.015408983676,0.045599197338,9.585
104,Mol_105,CHEMBL180792,TDP1,1,63,332.155541,-95.172957332801,2.368326678738,-1799.4072302137397,-6.910477932574795,-3.0350026049285517,-7.477577369177417,-2.881825859477557,-26.755493981233517,-1.6296928619723765,3.6401053243954244,27.051113170752856,478.3020548261969,-183.73058947840602,317.56403513834414,0.09953656266834164,3.8754753276462437,6.910477932574795,3.0350026049285517,-4.972740268751673,4.972740268751673,1.9377376638231218,0.5160657289527096,6.380674288922132,2.5662608316858257,0.3493832867594566,-0.39333347550304865,0.7427167622625053,0.39333347550304865,0.08698736306274858,0.12419299126032085,3.2401019364765626,-2.2401019364765977,0.04381244684764675,-0.1852204432817075,0.3493832867594566,-0.21321139973227154,-0.21321139973227154,-0.21321139973227154,-0.27592612099455094,-0.39333347550304865,-0.18542154363834484,0.051407822057027985,0.051407822057027985,0.051407822057027985,0.036085733225565,-0.049178020394336164,0.1932392407616801,0.0,0.0,0.0,0.0,0.0,0.0,0.0,0.0,0.0,0.0,0.0,0.0,0.0,0.0,0.0,0.32638271143148867,-0.43537214457651885,0.7617548560080075,0.43537214457651885,0.14505825243160247,0.17083502311587945,5.069334951595431,-4.069334951595522,-0.05340266972114719,-0.30031952371605897,0.22473392821612848,-0.004442394699468721,-0.004442394699468721,-0.004442394699468721,-0.40582094287908044,-0.43537214457651885,-0.37105746867375267,0.07009694222580087,0.07009694222580087,0.07009694222580087,0.13331671021536243,0.09401778262863736,0.32638271143148867,0.0,0.0,0.0,0.0,0.0,0.0,0.0,0.0,0.0,0.0,0.0,0.0,0.0,0.0,0.0,-95.267324269311,-0.103493123881,-0.089710122234,0.000676912985,-0.015540674331,0.103493123881,9.222
105,Mol_106,CHEMBL183044,TDP1,1,63,332.204825,-95.174678900134,2.273844946285,-1799.40393934257,-7.116261596674118,-3.2239808682619433,-7.737781432894812,-3.1167436684017824,23.822041527655788,-5.888079836256261,-0.7415003375989235,24.55013176042328,353.1998280088223,-131.28472181853874,234.9250067945623,0.07548799139555727,3.8922807284121745,7.116261596674118,3.2239808682619433,-5.170121232468031,5.170121232468031,1.9461403642060873,0.5138375516957854,6.867478330454624,2.6566024360617693,0.3138222067283216,-0.3634626485639778,0.6772848552922994,0.3634626485639778,0.08190625182197954,0.115027195380887,3.0800469323923156,-2.0800469323923947,0.0418761767865043,-0.12488670719249662,0.3138222067283216,-0.21734812774096834,-0.21734812774096834,-0.21734812774096834,-0.26268754192093224,-0.3634626485639778,-0.18194064469523852,0.06523070304290712,0.06523070304290712,0.06523070304290712,0.03574036063820318,-0.04994571206625387,0.2051975393234008,0.0,0.0,0.0,0.0,0.0,0.0,0.0,0.0,0.0,0.0,0.0,0.0,0.0,0.0,0.0,0.3274001236834223,-0.4329525843813933,0.7603527080648156,0.4329525843813933,0.1477211864909872,0.17172891739320956,5.15321737446602,-4.153217374466175,-0.054777697788791054,-0.2933886969945876,0.22498946974318024,-0.0011188990510726526,-0.0011188990510726526,-0.0011188990510726526,-0.40209572706741525,-0.4329525843813933,-0.36836226158350804,0.08071574324993414,0.08071574324993414,0.08071574324993414,0.1335927968122667,0.09040507912026174,0.3274001236834223,0.0,0.0,0.0,0.0,0.0,0.0,0.0,0.0,0.0,0.0,0.0,0.0,0.0,0.0,0.0,-95.269714584391,-0.105648160935,-0.092379250316,0.001366031803,-0.01571570212,0.105648160935,9.131
106,Mol_107,CHEMBL189541,TDP1,0,30,179.072091,-52.832013328583,1.632584182306,-858.0221131965684,-5.116225537241813,-1.9519217566280145,-6.409258608997044,-0.7673966026909795,-2.211205715936336,5.912899520287801,3.3510911258520797,7.147140910110405,58.688731769701995,-27.89084386860667,37.70879781964622,0.2755028755104232,3.1643037806137984,5.116225537241813,1.9519217566280145,-3.534073646934914,3.534073646934914,1.5821518903068992,0.6320505674117194,3.9470535725672793,2.233713253820017,0.19209236069723712,-0.19550893715811313,0.38760129785535025,0.19550893715811313,0.08456707447572213,0.1055160630864345,1.2685061171357952,-1.2685061171358694,0.015317688236219122,-0.09495602674419956,0.19209236069723712,-0.0005899508572646539,-0.0005899508572646539,-0.0005899508572646539,-0.18299069212715638,-0.19550893715811313,-0.17023564133720726,0.0,0.0,0.0,0.029072427608670237,-0.05488863687540002,0.1757021143542894,0.0,0.0,0.0,0.0,0.0,0.0,0.0,0.0,0.0,0.0,0.0,0.0,0.0,0.0,0.0,0.32702408994312915,-0.4418168908455371,0.7688409807886663,0.4418168908455371,0.18339112034497795,0.21928338129550418,2.75086680517461,-2.750866805174729,-0.012721767195317332,-0.16611722189093303,0.32702408994312915,-0.35518999912600435,-0.35518999912600435,-0.35518999912600435,-0.43029009091352144,-0.4418168908455371,-0.41810266193824397,0.0,0.0,0.0,0.16698970725420084,0.09073660294095975,0.324819212651449,0.0,0.0,0.0,0.0,0.0,0.0,0.0,0.0,0.0,0.0,0.0,0.0,0.0,0.0,0.0,-52.859550517747,-0.039939961684,-0.026650453766,0.001313196168,-0.015683463784,0.039939961684,8.951
107,Mol_108,CHEMBL192587,TDP1,0,32,205.666021,-60.201579110539,1.365999172811,-3490.3924789879575,-5.342110361010929,-2.563250354546045,-6.455554154183696,-0.6484201214308776,-4.817664886401057,-0.8540340039573757,0.9844572645330592,4.99083411297842,107.95349965346269,-43.33356159290948,71.42926189984422,0.13277698144937047,2.7788600064648836,5.342110361010929,2.563250354546045,-3.952680357778487,3.952680357778487,1.3894300032324418,0.7197195955705205,5.622335049056133,2.844821508519873,0.2086285133810586,-0.29806110985108525,0.5066896232321438,0.29806110985108525,0.09045252627187457,0.1192048703096273,1.4472404203499623,-1.4472404203500238,0.03731659597179332,-0.16129772391969066,0.2086285133810586,0.0,0.0,0.0,-0.2019718304398075,-0.29806110985108525,-0.14195031422181792,0.0,0.0,0.0,0.01799658993197942,-0.06324108522228422,0.17645793131991372,0.0,0.0,0.0,0.0,0.0,0.0,0.012859296958701805,0.012859296958701805,0.012859296958701805,0.0,0.0,0.0,0.0,0.0,0.0,0.3424544692278957,-0.43695835730952837,0.779412826537424,0.43695835730952837,0.16492914356223132,0.20528748430002966,2.638866296995667,-2.6388662969957357,-0.00319025719656435,-0.21984261376037573,0.3424544692278957,0.0,0.0,0.0,-0.3921661847098905,-0.43695835730952837,-0.322246714674014,0.0,0.0,0.0,0.14618887457436516,0.0932230567623672,0.32535124664776416,0.0,0.0,0.0,0.0,0.0,0.0,0.011631233666506091,0.011631233666506091,0.011631233666506091,0.0,0.0,0.0,0.0,0.0,0.0,-60.22281871778,-0.028916004399,-0.018362689693,0.002014672552,-0.013648746956,0.028916004399,8.77
108,Mol_109,CHEMBL231810,TDP1,0,33,197.95993,-58.24411248995,2.463701640173,-959.3164269331319,-5.665532050557036,-1.7852131439231373,-6.482606442235573,-0.5618434128852351,0.5667647891479072,2.3459505225883475,0.8665683209730076,2.564302407198572,61.10700478802158,-37.39584830860367,32.692622258025125,0.6006561994980505,3.8803189066338986,5.665532050557036,1.7852131439231373,-3.7253725972400864,3.7253725972400864,1.9401594533169493,0.5154215537750636,3.576613500643067,1.9201373324605295,0.24989962999205861,-0.20187420590235128,0.4517738358944099,0.24989962999205861,0.06907502811207075,0.09555392572530677,1.1397379638491523,-1.139737963849183,0.029856198623211552,-0.08366676874412438,0.24989962999205861,-0.02702951146144361,-0.02702951146144361,-0.02702951146144361,-0.18885122231143558,-0.20187420590235128,-0.1758282387205199,0.0,0.0,0.0,0.0077925039062819446,-0.04239548399016413,0.1841845976460611,-0.19633346738569557,-0.19633346738569557,-0.19633346738569557,0.0,0.0,0.0,0.0,0.0,0.0,0.0,0.0,0.0,0.0,0.0,0.0,0.3365933900018062,-0.4292715964453304,0.7658649864471366,0.4292715964453304,0.13222137625524405,0.1699474522173526,2.1816527082115127,-2.1816527082115407,-0.033116817536458204,-0.1539293616559787,0.2506505326784376,-0.08836319331533993,-0.08836319331533993,-0.08836319331533993,-0.40622802554264403,-0.4292715964453304,-0.38318445463995765,0.0,0.0,0.0,0.14336401525727657,0.09129505280241001,0.3365933900018062,-0.25656304056692925,-0.25656304056692925,-0.25656304056692925,0.0,0.0,0.0,0.0,0.0,0.0,0.0,0.0,0.0,0.0,0.0,0.0,-58.266872254185,-0.029931568648,-0.015520345475,0.000130915672,-0.015622898543,0.029931568648,8.577
109,Mol_110,CHEMBL234524,TDP1,0,28,170.248495,-53.787790920846,1.954672127295,-893.9374346605102,-5.97669939067597,-2.2791991284919217,-6.981378797296091,-1.2773044312525454,-1.9806968588052853,-2.488588732721947,-0.02123152080206071,3.1806736243423845,52.62589542355054,-25.937166530005687,33.428523815736526,0.31071497925565256,3.697500262184048,5.97669939067597,2.2791991284919217,-4.1279492595839455,4.1279492595839455,1.848750131092024,0.540905979224633,4.608509501398775,2.2328324364448533,0.20268573914573995,-0.25582167900974095,0.4585074181554809,0.25582167900974095,0.09736079865298478,0.12820171277952724,1.3630511811417132,-1.3630511811418604,0.0545480505577834,-0.10119370701077557,0.20268573914573995,-0.25582167900974095,-0.25582167900974095,-0.25582167900974095,-0.1749510393483078,-0.18983119559957728,-0.16561853224851042,0.0,0.0,0.0,0.0213281253993175,-0.04532600732026926,0.18241285042106326,0.0,0.0,0.0,0.0,0.0,0.0,0.0,0.0,0.0,0.0,0.0,0.0,0.0,0.0,0.0,0.392826696674498,-0.4374222516388855,0.8302489483133835,0.4374222516388855,0.19769924525871718,0.2379278718475229,2.767789433622,-2.76778943362208,0.027747332490055805,-0.16081451013308712,0.392826696674498,-0.14105488988840076,-0.14105488988840076,-0.14105488988840076,-0.42698144123147586,-0.4374222516388855,-0.42151973350107497,0.0,0.0,0.0,0.16227977777260477,0.09687185515675656,0.3301527435209499,0.0,0.0,0.0,0.0,0.0,0.0,0.0,0.0,0.0,0.0,0.0,0.0,0.0,0.0,0.0,-53.809440966326,-0.028708344409,-0.019239780935,0.003712256606,-0.014261579779,0.028708344409,8.201
110,Mol_111,CHEMBL242818,TDP1,0,31,181.797245,-56.958419634093,1.986639013169,-933.2250979279474,-6.082426754472585,-2.244237619346368,-6.888986224137735,-1.2138938779382782,2.191089350180992,1.7120988645008401,-0.7866069866403282,2.8897933513891623,54.42135306458266,-29.615618388239564,32.957581931125205,0.4198867040723009,3.8381891351262167,6.082426754472585,2.244237619346368,-4.163332186909477,4.163332186909477,1.9190945675631084,0.5210790634824282,4.516018957983541,2.1694252369210396,0.21751265730172076,-0.2770415539636124,0.49455421126533317,0.2770415539636124,0.09726952347285188,0.12661156524738867,1.5076776138292662,-1.5076776138291412,0.049486548260223924,-0.11145298547008764,0.21751265730172076,-0.2770415539636124,-0.2770415539636124,-0.2770415539636124,-0.17461457723148932,-0.1889887882899295,-0.16504890677490813,0.0,0.0,0.0,0.021200148998757804,-0.04799019122400372,0.18222776774398397,0.0,0.0,0.0,0.0,0.0,0.0,0.0,0.0,0.0,0.0,0.0,0.0,0.0,0.0,0.0,0.3947551583980813,-0.43713157438552486,0.8318867327836061,0.43713157438552486,0.1930201291657511,0.23372040787760448,2.9918120020691794,-2.9918120020691052,0.013871691444119942,-0.29408345122307544,0.3947551583980813,-0.1483702234083335,-0.1483702234083335,-0.1483702234083335,-0.4277328545587684,-0.43713157438552486,-0.42233415993804435,0.0,0.0,0.0,0.1501114790892438,0.09653136880486557,0.32996425114556727,0.0,0.0,0.0,0.0,0.0,0.0,0.0,0.0,0.0,0.0,0.0,0.0,0.0,0.0,0.0,-56.980095803344,-0.02860033855,-0.019289010287,0.003892449833,-0.014284537794,0.02860033855,7.854
111,Mol_112,CHEMBL284054,TDP1,0,27,176.478565,-46.458513786058,2.753447266217,-1087.5480014551276,-5.482945102150077,-1.3267269303939975,-6.185128635364941,-0.2679175988485043,-1.0693183234365498,-0.09724233181283749,1.4783062227127215,1.8270979820591742,59.02809709418658,-31.27223160780385,36.323657865598804,0.38790532315320936,4.1562181717560795,5.482945102150077,1.3267269303939975,-3.404836016272037,3.404836016272037,2.0781090858780398,0.4812066925627638,2.7892925295605973,1.6384298781088436,0.1892043045954983,-0.1915017884036878,0.3807060929991861,0.1915017884036878,0.08318788964564924,0.10354219720894337,1.1230365102162685,-1.123036510216261,0.01770184850869524,-0.08752406612593866,0.1892043045954983,0.0,0.0,0.0,-0.19134830805056247,-0.1915017884036878,-0.19119482769743712,0.0825992341111359,0.0825992341111359,0.0825992341111359,0.005227150286826321,-0.056449872941015666,0.17415565797432175,0.0,0.0,0.0,0.0,0.0,0.0,0.0,0.0,0.0,0.0,0.0,0.0,0.0,0.0,0.0,0.32358338792351304,-0.4404804323313307,0.7640638202548438,0.4404804323313307,0.1587304985225715,0.19126700384253037,2.1428617300546664,-2.142861730054764,-0.05691212451198683,-0.1804292610294871,0.22582157253354396,0.0,0.0,0.0,-0.4387974419022056,-0.4404804323313307,-0.4371144514730805,0.19063132332971833,0.19063132332971833,0.19063132332971833,0.14837333036424108,0.09466366395800019,0.32358338792351304,0.0,0.0,0.0,0.0,0.0,0.0,0.0,0.0,0.0,0.0,0.0,0.0,0.0,0.0,0.0,-46.47172407915,-0.017298502791,-0.008135930561,0.001744489362,-0.01198782129,0.017298502791,7.42
112,Mol_113,CHEMBL448651,TDP1,0,30,174.853141,-48.532394676055,1.59550501414,-1143.6515001858313,-5.125728235548753,-1.5300536071237143,-5.491200688658641,-0.06213617708295068,2.3198433684456865,-0.21326229263062832,1.3109942679363096,2.6731741488614915,82.05535725617138,-39.07931957328406,52.690310424995374,0.277524587622836,3.595674628425038,5.125728235548753,1.5300536071237143,-3.3278909213362335,3.3278909213362335,1.797837314212519,0.5562238541244293,3.0800500959573993,1.851052314371338,0.14048516914158427,-0.13404274197765353,0.2745279111192378,0.14048516914158427,0.06388745912023537,0.07672407038180716,0.9583118868034963,-0.9583118868035649,0.014730333303203613,-0.0881988578484636,0.14048516914158427,-0.09699720222863673,-0.13404274197765353,-0.07593681531760321,0.0,0.0,0.0,0.0,0.0,0.0,0.0221626838669133,-0.04872486193806669,0.13113046539298046,0.0,0.0,0.0,-0.07689008099383798,-0.07689008099383798,-0.07689008099383798,0.0,0.0,0.0,0.0,0.0,0.0,0.0,0.0,0.0,0.33845701857423105,-0.40432910037939696,0.742786118953628,0.40432910037939696,0.14078043961235345,0.1780741602594189,2.111706594185261,-2.1117065941853426,-0.035108769083520563,-0.16554719349076308,0.33845701857423105,-0.3226860421858069,-0.40432910037939696,-0.1713464274923755,0.0,0.0,0.0,0.0,0.0,0.0,0.13504469855444895,0.07030455033107585,0.23638894630042617,0.0,0.0,0.0,-0.04353168346244374,-0.04353168346244374,-0.04353168346244374,0.0,0.0,0.0,0.0,0.0,0.0,0.0,0.0,0.0,-48.553229179072,-0.025991920514,-0.013081135093,-0.006290680061,-0.007700865058,0.025991920514,7.215
113,Mol_114,CHEMBL46740,TDP1,1,70,351.057735,-99.777760354515,2.37609529293,-1498.1319501586668,-6.801482680968465,-3.433884893818277,-7.038487002976367,-2.780954170328507,22.382692849037852,0.9365681243720312,9.072973574495753,24.169835508531254,275.7516823281851,-116.75204290182923,181.35183395468226,0.17494657365385077,3.3675977871501876,6.801482680968465,3.433884893818277,-5.117683787393371,5.117683787393371,1.6837988935750938,0.5938951520966789,7.777261122953967,3.039367591296694,0.29967150604098514,-0.3671483872196326,0.6668198932606177,0.3671483872196326,0.07857311089300922,0.10768028659623205,3.2500588812553075,-2.2500588812553373,0.038985432559460104,-0.142802612073071,0.29967150604098514,-0.1962061494380376,-0.2016984403274389,-0.19071385854863632,-0.25080010375439343,-0.3671483872196326,-0.18533251492145553,0.0,0.0,0.0,0.02786427523872636,-0.05507479397561155,0.18347758501085032,0.0,0.0,0.0,0.0,0.0,0.0,0.0,0.0,0.0,0.0,0.0,0.0,0.0,0.0,0.0,0.32431813378617946,-0.44609581076009874,0.7704139445462782,0.44609581076009874,0.1333577301368875,0.15828640933265378,5.167520554791048,-4.167520554791078,-0.06894286803473564,-0.29178896928659537,0.22164784136405924,-0.037383996201222125,-0.08711198963500433,0.012343997232560078,-0.42168045076112587,-0.44609581076009874,-0.3846206962887688,0.0,0.0,0.0,0.12594558244936746,0.07432468510368784,0.32431813378617946,0.0,0.0,0.0,0.0,0.0,0.0,0.0,0.0,0.0,0.0,0.0,0.0,0.0,0.0,0.0,-99.874059958523,-0.10721515221,-0.092638563536,-0.000784760888,-0.014872587484,0.10721515221,7.076
114,Mol_115,CHEMBL5184399,TDP1,0,67,369.243513,-115.212616851914,0.918515261525,-1848.8178906448666,-4.881162491260716,-2.032671583084151,-5.252430968671013,-1.0931409385162634,4.517948822238074,-4.521616012575564,-12.266875002186916,13.832320674594715,331.52280671374183,-214.45128293846415,153.52656901559587,0.7483493786351891,2.8484909081765655,4.881162491260716,2.032671583084151,-3.456917037172434,3.456917037172434,1.4242454540882827,0.7021261659143863,4.19530052477608,2.4271919051940007,0.210639765801238,-0.3757504256424138,0.5863901914436518,0.3757504256424138,0.10170798756995733,0.13182657424597136,3.407217583593541,-3.4072175835935994,0.044207933400264535,-0.21112793335193025,0.210639765801238,-0.13803249125354058,-0.19740183606006312,-0.020384585720138126,-0.2508403207082995,-0.3757504256424138,-0.17817030926760857,0.0,0.0,0.0,0.031249693211508302,-0.07139564820251243,0.18190902371686213,0.0,0.0,0.0,0.0,0.0,0.0,0.0,0.0,0.0,0.0,0.0,0.0,0.0,0.0,0.0,0.46797768346700064,-0.6002438349382899,1.0682215184052906,0.6002438349382899,0.17492641605941853,0.21650678291193365,5.860034937990504,-5.860034937990538,-0.01096486708690616,-0.28640144129260925,0.46797768346700064,-0.09507069730604378,-0.21635055790016455,0.012770283732625565,-0.4406371327559983,-0.6002438349382899,-0.29008425040954045,0.0,0.0,0.0,0.13698585310434327,0.09119841622038083,0.32898425983085533,0.0,0.0,0.0,0.0,0.0,0.0,0.0,0.0,0.0,0.0,0.0,0.0,0.0,0.0,0.0,-115.299293784427,-0.116789108587,-0.102413282056,0.00492614676,-0.020382732988,0.116789108587,6.83
115,Mol_116,CHEMBL5196340,TDP1,1,59,301.286178,-97.470817089279,2.047314468274,-1544.4377647615197,-8.163669402287812,-4.54223329498357,-9.103159785677633,-4.2520237789222195,1.5989565113368454,-3.0383607782529753,1.6751667396684669,3.8202724706052056,160.40485171073766,-99.82827187368633,83.11517886950269,0.6370349110855437,3.621436107304242,8.163669402287812,4.54223329498357,-6.352951348635692,6.352951348635692,1.810718053652121,0.5522670953564823,11.144747454394714,3.5085259882520807,0.29417900568603716,-0.3734541761824808,0.6676331818685179,0.3734541761824808,0.10338177544845867,0.14020238456158327,3.549762375729583,-2.54976237572948,0.07094117231632664,-0.12562462634479576,0.29417900568603716,-0.17425263211071082,-0.28231088966461204,0.002846498728620972,-0.23793014532930723,-0.3734541761824808,-0.14995243128145752,0.0,0.0,0.0,0.047990408950624536,-0.04450479143611363,0.23498638290854001,0.0,0.0,0.0,0.0,0.0,0.0,0.0,0.0,0.0,0.0,0.0,0.0,0.0,0.0,0.0,0.4652060616282956,-0.5289854802288474,0.994191541857143,0.5289854802288474,0.17290851912921298,0.20527401606656523,5.600801314311821,-4.600801314311747,0.0001408037943307535,-0.17877103635210112,0.4652060616282956,-0.10656557218946983,-0.14428846686514696,-0.04341170077090517,-0.40191233530238996,-0.5289854802288474,-0.2760529585459892,0.0,0.0,0.0,0.143376593743034,0.09286716924503968,0.33907176879596035,0.0,0.0,0.0,0.0,0.0,0.0,0.0,0.0,0.0,0.0,0.0,0.0,0.0,0.0,0.0,-97.552909294023,-0.089241672001,-0.074291530428,0.001532506051,-0.017563407322,0.089241672001,6.699
116,Mol_117,CHEMBL5199803,TDP1,0,72,389.927924,-122.169219810273,0.613162181637,-1947.2837799040235,-5.1078083100865594,-2.3601226988862205,-5.5632179812584255,-1.4076016449293651,-8.204316652416182,-1.7203806664703267,-1.090990138094407,8.453447867710405,472.03295679243104,-314.51815326200585,166.22861122844438,0.9626849923495657,2.747685611200339,5.1078083100865594,2.3601226988862205,-3.73396550448639,3.73396550448639,1.3738428056001695,0.7278853125872327,5.0742698989508686,2.7178986484230196,0.20237385493767146,-0.38771880359893807,0.5900926585366095,0.38771880359893807,0.10073596640938404,0.13358477858966486,3.6264947907377536,-3.6264947907378975,0.04198610468401506,-0.2632964347732276,0.20237385493767146,-0.1562338572579467,-0.20024236046120603,-0.11222535405468737,-0.2507182461832871,-0.38771880359893807,-0.17705706316562697,0.0,0.0,0.0,0.03248861113645214,-0.045700476141261825,0.18051041932767764,0.0,0.0,0.0,0.0,0.0,0.0,0.0,0.0,0.0,0.0,0.0,0.0,0.0,0.0,0.0,0.47548720134457323,-0.6015929877156676,1.0770801890602408,0.6015929877156676,0.17800713383263297,0.2207001643509958,6.40825681797471,-6.408256817974864,-0.00926401831782811,-0.2908292239219268,0.47548720134457323,-0.1194275593191989,-0.24491491457063397,0.006059795932236156,-0.44133648761579236,-0.6015929877156676,-0.29547242896267,0.0,0.0,0.0,0.13553318685783605,0.09666808684713324,0.32893541140849636,0.0,0.0,0.0,0.0,0.0,0.0,0.0,0.0,0.0,0.0,0.0,0.0,0.0,0.0,0.0,-122.249216921106,-0.106949044442,-0.095445224229,0.006475790395,-0.019060370307,0.106949044442,6.426
117,Mol_118,CHEMBL81,TDP1,1,62,340.266568,-96.274789770189,1.902598407678,-1836.2875366034577,-6.970160794725713,-3.7965745345106745,-7.777987657689417,-3.7063766296233718,31.50597836950537,-4.3784883822307155,-1.9452063776914494,31.868192000565095,440.084526119444,-182.2871802102768,290.2331880039186,0.15732903260359762,3.173586260215038,6.970160794725713,3.7965745345106745,-5.383367664618193,5.383367664618193,1.586793130107519,0.6302018713253701,9.131829115775492,3.3926083762748727,0.24944557386945654,-0.3552295238984424,0.604675097767899,0.3552295238984424,0.07639786341354575,0.10236539582933242,2.8683337658199077,-1.8683337658199284,0.03226880142901908,-0.09274908249318514,0.24944557386945654,-0.19925552354619214,-0.19925552354619214,-0.19925552354619214,-0.2207081751829021,-0.3552295238984424,-0.16750523303322673,0.13885307579165662,0.13885307579165662,0.13885307579165662,0.03713245387405674,-0.05310659087843672,0.1923216609109677,0.0,0.0,0.0,0.0,0.0,0.0,0.0,0.0,0.0,0.0,0.0,0.0,0.0,0.0,0.0,0.33846297154677796,-0.43279708846442944,0.7712600600112074,0.43279708846442944,0.14655914707061937,0.17417814154050099,5.043333559189169,-4.043333559189233,-0.04945817315994277,-0.18325059220520856,0.33846297154677796,0.013023827343169536,0.013023827343169536,0.013023827343169536,-0.40769069443546035,-0.43279708846442944,-0.3751233471051947,0.2263189098773637,0.2263189098773637,0.2263189098773637,0.1348660317499872,0.08576449684860354,0.3270352401551526,0.0,0.0,0.0,0.0,0.0,0.0,0.0,0.0,0.0,0.0,0.0,0.0,0.0,0.0,0.0,-96.378661626271,-0.119958390383,-0.106442186791,0.002357879341,-0.01695484263,0.119958390383,6.096
118,Mol_119,CHEMBL83,TDP1,1,58,296.918166,-77.517981833387,3.02133717959,-1137.7307585776907,-7.571539711540052,-3.9297630344873227,-8.641537686749341,-3.0604702561055044,24.62149912944311,5.185417277715018,1.7328618360320653,25.221212934114998,385.3034696030388,-143.66120767583178,256.2414159383849,0.077721419110424,3.6417766770527296,7.571539711540052,3.9297630344873227,-5.750651373013687,5.750651373013687,1.8208883385263648,0.5491824945231374,9.080730134366057,3.1581570661645615,0.25069584115745425,-0.37840208580727897,0.6290979269647332,0.37840208580727897,0.05676350751277532,0.08471441310463644,2.146141717870433,-1.1461417178705355,0.03339858925548011,-0.08595224315380001,0.25069584115745425,-0.18426338255550867,-0.18426338255550867,-0.18426338255550867,-0.37840208580727897,-0.37840208580727897,-0.37840208580727897,0.0,0.0,0.0,0.02314340492400675,-0.03830274850502269,0.20130936825450962,0.0,0.0,0.0,0.0,0.0,0.0,0.0,0.0,0.0,0.0,0.0,0.0,0.0,0.0,0.0,0.2679100836657726,-0.3865691972605454,0.654479280926318,0.3865691972605454,0.11470819153297476,0.12935670073203728,3.8265375544562064,-2.826537554456329,-0.08423587764181795,-0.27747105983046794,0.1773616116983341,0.0291975436093308,0.0291975436093308,0.0291975436093308,-0.3865691972605454,-0.3865691972605454,-0.3865691972605454,0.0,0.0,0.0,0.11825014907794529,0.08857926159494267,0.2679100836657726,0.0,0.0,0.0,0.0,0.0,0.0,0.0,0.0,0.0,0.0,0.0,0.0,0.0,0.0,0.0,-77.608191793483,-0.096964945611,-0.089109508656,-0.003290658256,-0.005645538397,0.096964945611,5.656
119,Mol_120,Co-cryst_5O1C,TDP1,-1,33,234.787725,-65.428161435434,1.286645160657,-1331.165963430144,-1.6127719880135822,1.466180431776164,-1.656512316566046,1.8294920920302742,2.906386530768873,13.708419573865083,-1.5327016980014956,14.096702606440228,195.888399586556,-129.73605430286645,77.79753569984787,0.875398401307031,3.078952419789746,1.6127719880135822,-1.466180431776164,-0.07329577811870913,0.07329577811870913,1.539476209894873,0.6495715838754582,0.0017448373204785993,0.04761085468395404,0.2969438326864111,-0.3651433346468025,0.6620871673332136,0.3651433346468025,0.09397068249288038,0.13064356215761944,1.0505162611325827,-2.0505162611324703,0.02692067336867562,-0.1715585934894559,0.2969438326864111,-0.14877732965327706,-0.14877732965327706,-0.14877732965327706,-0.2945492162823804,-0.3651433346468025,-0.15393547322351964,0.0,0.0,0.0,-0.01574427645076624,-0.054711586274374335,0.15443863443885464,-0.2294557617682944,-0.2294557617682944,-0.2294557617682944,0.0,0.0,0.0,0.0,0.0,0.0,-0.03832794249099791,-0.03832794249099791,-0.03832794249099791,0.0,0.0,0.0,0.8337304369525853,-0.808967377710049,1.6426978146626343,0.8337304369525853,0.20854769596184575,0.2963664047709662,2.941036983370516,-3.9410369833703935,-0.061327486647359104,-0.808967377710049,0.4654075465899634,-0.027399842362878957,-0.027399842362878957,-0.027399842362878957,-0.5366876417834353,-0.5801294672123092,-0.45168667691390496,0.0,0.0,0.0,0.11266804774197378,0.0940590417453735,0.1897711970806275,-0.28038087365391107,-0.28038087365391107,-0.28038087365391107,0.0,0.0,0.0,0.0,0.0,0.0,0.8337304369525853,0.8337304369525853,0.8337304369525853,0.0,0.0,0.0,-65.519907822743,-0.105006409551,-0.10192504817,0.003578560055,-0.007740681135,0.105006409551,5.301
120,Mol_121,Co-cryst_6GGB,TDP1,1,44,247.667495,-62.247628132004,2.459399337329,-1281.5202036286635,-7.732335868784245,-4.123934887623828,-8.40207542414826,-3.9030559813266126,-20.123269561108895,0.2547560021332105,0.6588807734383363,20.135664933725963,355.32471208297426,-146.28255834112252,234.4988846606597,0.15249228419283414,3.6084009811604174,7.732335868784245,4.123934887623828,-5.928135378204036,5.928135378204036,1.8042004905802087,0.5542621261999614,9.739158493137541,3.285740919124582,0.19851090184693465,-0.1736155317893049,0.37212643363623954,0.19851090184693465,0.07247790003739743,0.08729179676236389,2.094513800822531,-1.094513800822956,0.02019373390667063,-0.15257346085620327,0.19851090184693465,-0.11709117600775354,-0.1736155317893049,-0.06056682022620219,0.0,0.0,0.0,0.10931756718130181,0.10931756718130181,0.10931756718130181,0.03433286222382704,-0.049738663355073154,0.19036179504653983,0.0,0.0,0.0,0.0,0.0,0.0,0.0,0.0,0.0,0.0,0.0,0.0,0.0,0.0,0.0,0.2700333434709278,-0.2872359946528942,0.557269338123822,0.2872359946528942,0.12367894372844286,0.13496524407750693,3.220936762025526,-2.2209367620259597,-0.0929433355258408,-0.2872359946528942,0.09746491032954818,-0.06986301023789432,-0.07090420520595497,-0.06882181526983366,0.0,0.0,0.0,0.262168898312904,0.262168898312904,0.262168898312904,0.1303058967942508,0.09302913667237012,0.2700333434709278,0.0,0.0,0.0,0.0,0.0,0.0,0.0,0.0,0.0,0.0,0.0,0.0,0.0,0.0,0.0,-62.33748873075,-0.101105593601,-0.093213175475,-0.001708015048,-0.007265162776,0.101105593601,4.959
121,Mol_122,Co-cryst_6GGC,TDP1,1,44,232.592913,-63.075539117598,2.526039836014,-958.5990354102082,-7.603448491876426,-4.004060520986773,-8.355778109284788,-3.797052519322922,-18.825295266420714,2.4860759419611784,-0.756878330518795,19.00382014923129,352.10318001134897,-144.72048540396642,232.41503213266031,0.1512080830990261,3.5993879708896532,7.603448491876426,4.004060520986773,-5.803754506431599,5.803754506431599,1.7996939854448266,0.5556500205521507,9.358137173137132,3.224856310778356,0.18886717820147014,-0.19380602819324544,0.3826732063947156,0.19380602819324544,0.07410493508714708,0.09016748463596921,2.130308571917257,-1.1303085719172143,0.03694191208902322,-0.14331633791030374,0.17476210495307232,-0.12066619542337342,-0.1732214468595492,-0.06811094398719764,-0.19380602819324544,-0.19380602819324544,-0.19380602819324544,0.0,0.0,0.0,0.03315715129807479,-0.04963163117019964,0.18886717820147014,0.0,0.0,0.0,0.0,0.0,0.0,0.0,0.0,0.0,0.0,0.0,0.0,0.0,0.0,0.0,0.27140018004173627,-0.28772485794736014,0.5591250379890964,0.28772485794736014,0.12226715982956234,0.13314302175573742,3.189877516250418,-2.1898775162503243,-0.06910231437657721,-0.28772485794736014,0.1547532278750161,-0.06965523763218018,-0.06966915796302953,-0.06964131730133083,-0.2359871864499361,-0.2359871864499361,-0.2359871864499361,0.0,0.0,0.0,0.13130209282123492,0.09781901674734517,0.27140018004173627,0.0,0.0,0.0,0.0,0.0,0.0,0.0,0.0,0.0,0.0,0.0,0.0,0.0,0.0,0.0,-63.166240999755,-0.101088878096,-0.092420780728,-0.002769785962,-0.006979071105,0.101088878096,4.699
